review,sentiment,tokenized_review
guess prepared years hearing first heard sister exert said divine ate excrement look friend told 1991 said also parents saw first came mon almost dumped dad time caught pink flaming abundance today prepared parti still could help surprised anal closeup blowjob scene said characters sympathized die egg man crying scene early film though something frivolous normal people actually makes sad though sure pretty cut voice happy egg man actually touched meon hand acting povertylevel production good script john waters come stuff well least different,negative,"['guess', 'prepared', 'years', 'hearing', 'first', 'heard', 'sister', 'exert', 'said', 'divine', 'ate', 'excrement', 'look', 'friend', 'told', '1991', 'said', 'also', 'parents', 'saw', 'first', 'came', 'mon', 'almost', 'dumped', 'dad', 'time', 'caught', 'pink', 'flaming', 'abundance', 'today', 'prepared', 'parti', 'still', 'could', 'help', 'surprised', 'anal', 'closeup', 'blowjob', 'scene', 'said', 'characters', 'sympathized', 'die', 'egg', 'man', 'crying', 'scene', 'early', 'film', 'though', 'something', 'frivolous', 'normal', 'people', 'actually', 'makes', 'sad', 'though', 'sure', 'pretty', 'cut', 'voice', 'happy', 'egg', 'man', 'actually', 'touched', 'meon', 'hand', 'acting', 'povertylevel', 'production', 'good', 'script', 'john', 'waters', 'come', 'stuff', 'well', 'least', 'different']"
bought video throwout table video store expecting good cast routed awardwinning bit sex comedy guess read finer print rarely write planning review goesthese actors gay roles really play games memories lot far worthy films comedy cruel joke expense actors theatregoing public nice films contributed reputationsi repeat joke thrashing actors highly respectable onscreen personal scurrilously trash flick reference austin classic pride prejudice sense sensibility anything else much political statement produce melodrama using stars meant simply take laydown misery actors gay thus letting onscreen roleplay affect lifestyle accepting private homosexual dealings faces I sorry think say one,negative,"['bought', 'video', 'throwout', 'table', 'video', 'store', 'expecting', 'good', 'cast', 'routed', 'awardwinning', 'bit', 'sex', 'comedy', 'guess', 'read', 'finer', 'print', 'rarely', 'write', 'planning', 'review', 'goesthese', 'actors', 'gay', 'roles', 'really', 'play', 'games', 'memories', 'lot', 'far', 'worthy', 'films', 'comedy', 'cruel', 'joke', 'expense', 'actors', 'theatregoing', 'public', 'nice', 'films', 'contributed', 'reputationsi', 'repeat', 'joke', 'thrashing', 'actors', 'highly', 'respectable', 'onscreen', 'personal', 'scurrilously', 'trash', 'flick', 'reference', 'austin', 'classic', 'pride', 'prejudice', 'sense', 'sensibility', 'anything', 'else', 'much', 'political', 'statement', 'produce', 'melodrama', 'using', 'stars', 'meant', 'simply', 'take', 'laydown', 'misery', 'actors', 'gay', 'thus', 'letting', 'onscreen', 'roleplay', 'affect', 'lifestyle', 'accepting', 'private', 'homosexual', 'dealings', 'faces', 'I', 'sorry', 'think', 'say', 'one']"
moves predictable ending use great see moves really unusual twists however said really disappointed lapartments ending opinion ending really fit rest movie basically destroyed story toldyou spend whole movie discovering everyone feelings events final 2 minutes movie would impacted majority everyone character movie ends leaves wide openoverall though movie well made unlike similar moves serendipity scenes believable go top,positive,"['moves', 'predictable', 'ending', 'use', 'great', 'see', 'moves', 'really', 'unusual', 'twists', 'however', 'said', 'really', 'disappointed', 'lapartments', 'ending', 'opinion', 'ending', 'really', 'fit', 'rest', 'movie', 'basically', 'destroyed', 'story', 'toldyou', 'spend', 'whole', 'movie', 'discovering', 'everyone', 'feelings', 'events', 'final', '2', 'minutes', 'movie', 'would', 'impacted', 'majority', 'everyone', 'character', 'movie', 'ends', 'leaves', 'wide', 'openoverall', 'though', 'movie', 'well', 'made', 'unlike', 'similar', 'moves', 'serendipity', 'scenes', 'believable', 'go', 'top']"
lasheswell like horrors definitely one see otherwise even botherit completely obvious film extremely low budget instance looks entire film shot warehouse somewhere numerous occasions see mike boom shadow camera man shadow trust wont need look themalso try ignore cheese actors call themthe basic outline people decide go game show survive night big made due 3 tillers loose whoever lives end gets rich something film keeps watching rarely find cheap budget horror daysfor example watched thought self wouldit mind go game especially 12000000 anyway would recommend watch make mind,negative,"['lasheswell', 'like', 'horrors', 'definitely', 'one', 'see', 'otherwise', 'even', 'botherit', 'completely', 'obvious', 'film', 'extremely', 'low', 'budget', 'instance', 'looks', 'entire', 'film', 'shot', 'warehouse', 'somewhere', 'numerous', 'occasions', 'see', 'mike', 'boom', 'shadow', 'camera', 'man', 'shadow', 'trust', 'wont', 'need', 'look', 'themalso', 'try', 'ignore', 'cheese', 'actors', 'call', 'themthe', 'basic', 'outline', 'people', 'decide', 'go', 'game', 'show', 'survive', 'night', 'big', 'made', 'due', '3', 'tillers', 'loose', 'whoever', 'lives', 'end', 'gets', 'rich', 'something', 'film', 'keeps', 'watching', 'rarely', 'find', 'cheap', 'budget', 'horror', 'daysfor', 'example', 'watched', 'thought', 'self', 'wouldit', 'mind', 'go', 'game', 'especially', '12000000', 'anyway', 'would', 'recommend', 'watch', 'make', 'mind']"
seen many possibly many straighttovideo budget slashed films developed taste good ones ones less lucky ridiculous sounds havana dr copper kindly like refer absolute cap nothing enjoyable acting sucks characters suck killer sucks minimal sucks group college friends drive newly discovered family cabin owned parents one kiss meant relaxing retreat little know deathly ill former plastic surgeongone bad along two female assistants search unable tissue save doctor name dr copper since rides around motorcycle course crops terrible movie worthy anyones time enough said,negative,"['seen', 'many', 'possibly', 'many', 'straighttovideo', 'budget', 'slashed', 'films', 'developed', 'taste', 'good', 'ones', 'ones', 'less', 'lucky', 'ridiculous', 'sounds', 'havana', 'dr', 'copper', 'kindly', 'like', 'refer', 'absolute', 'cap', 'nothing', 'enjoyable', 'acting', 'sucks', 'characters', 'suck', 'killer', 'sucks', 'minimal', 'sucks', 'group', 'college', 'friends', 'drive', 'newly', 'discovered', 'family', 'cabin', 'owned', 'parents', 'one', 'kiss', 'meant', 'relaxing', 'retreat', 'little', 'know', 'deathly', 'ill', 'former', 'plastic', 'surgeongone', 'bad', 'along', 'two', 'female', 'assistants', 'search', 'unable', 'tissue', 'save', 'doctor', 'name', 'dr', 'copper', 'since', 'rides', 'around', 'motorcycle', 'course', 'crops', 'terrible', 'movie', 'worthy', 'anyones', 'time', 'enough', 'said']"
primary plus movie combination chris barley david spade first film comedy displayed laurelandhardyissue brand humor barleys obvious physical comedy skill perfectly augmented spades sarcastic take every situation find inthis movie stands apart comedy moves tommy boy ranks blue brothers comedy work whose individual scenes bits stem plot rather serve break storyline give film disjointed feel many comedy films thanks excellent direction canal every scene tight immediately foreshadowed acts story told much credit films hilariousness barley spade acting densely love ackroyd many others see gas station attendant 22 miles davenport strengthen filmthe film warrants multiple viewing many fine nueces film may overshadowed barleyspadei believe film wellmade funniest movie ever seen,positive,"['primary', 'plus', 'movie', 'combination', 'chris', 'barley', 'david', 'spade', 'first', 'film', 'comedy', 'displayed', 'laurelandhardyissue', 'brand', 'humor', 'barleys', 'obvious', 'physical', 'comedy', 'skill', 'perfectly', 'augmented', 'spades', 'sarcastic', 'take', 'every', 'situation', 'find', 'inthis', 'movie', 'stands', 'apart', 'comedy', 'moves', 'tommy', 'boy', 'ranks', 'blue', 'brothers', 'comedy', 'work', 'whose', 'individual', 'scenes', 'bits', 'stem', 'plot', 'rather', 'serve', 'break', 'storyline', 'give', 'film', 'disjointed', 'feel', 'many', 'comedy', 'films', 'thanks', 'excellent', 'direction', 'canal', 'every', 'scene', 'tight', 'immediately', 'foreshadowed', 'acts', 'story', 'told', 'much', 'credit', 'films', 'hilariousness', 'barley', 'spade', 'acting', 'densely', 'love', 'ackroyd', 'many', 'others', 'see', 'gas', 'station', 'attendant', '22', 'miles', 'davenport', 'strengthen', 'filmthe', 'film', 'warrants', 'multiple', 'viewing', 'many', 'fine', 'nueces', 'film', 'may', 'overshadowed', 'barleyspadei', 'believe', 'film', 'wellmade', 'funniest', 'movie', 'ever', 'seen']"
driving lessons writer clinically acclaimed films mrs brown charlotte gray enemy brick brings touching heartfelt remedy starring academy award nominee julie waters laura linsey harry porter series report grant beautiful portrait tells story ben marshall report grant seventeen year old boy held captive heart religious neurotic mother laura laura linsey school year ends decides take job clever freespirited heavy bottle retired actress evil wanton julie waters pair embark upon wonderful adventures camping walks around block simple conversations life challenging domineering mother well along way two develop beautiful bond revolutionists livesthe comedy elements lawless precise especially coming british veteran julie waters brick uses unique style create infamous loving nature first time directors could dream directing comes naturally brick build stunning image breaks surfaces plunged viewer overabundance adoration creation even subtle score unknown composer live carrel john reborn accentuated tone manner brick trouble generationlaura linsey always making mark films laura boss overbearing mother times unbearable linsey helm engulfed person complexity character could fearlessly portray anyone else report grant breaks away measles tries someone new performance responsive loquacious grant gives us someone brand new child performance viewer gets enjoy standout coming oscar nominated actress julie waters gives evil life despite role clearly leading one waters fair better supporting category believe simply take home prize evil mix clementine kruczynski mrs laura anderson free spirit movable person hopefully role go unnoticed awards seasondriving lessons world experience fine enjoyable one viewer could kick back learn little something life love friendship coming forms beautiful colors sizesgrade,positive,"['driving', 'lessons', 'writer', 'clinically', 'acclaimed', 'films', 'mrs', 'brown', 'charlotte', 'gray', 'enemy', 'brick', 'brings', 'touching', 'heartfelt', 'remedy', 'starring', 'academy', 'award', 'nominee', 'julie', 'waters', 'laura', 'linsey', 'harry', 'porter', 'series', 'report', 'grant', 'beautiful', 'portrait', 'tells', 'story', 'ben', 'marshall', 'report', 'grant', 'seventeen', 'year', 'old', 'boy', 'held', 'captive', 'heart', 'religious', 'neurotic', 'mother', 'laura', 'laura', 'linsey', 'school', 'year', 'ends', 'decides', 'take', 'job', 'clever', 'freespirited', 'heavy', 'bottle', 'retired', 'actress', 'evil', 'wanton', 'julie', 'waters', 'pair', 'embark', 'upon', 'wonderful', 'adventures', 'camping', 'walks', 'around', 'block', 'simple', 'conversations', 'life', 'challenging', 'domineering', 'mother', 'well', 'along', 'way', 'two', 'develop', 'beautiful', 'bond', 'revolutionists', 'livesthe', 'comedy', 'elements', 'lawless', 'precise', 'especially', 'coming', 'british', 'veteran', 'julie', 'waters', 'brick', 'uses', 'unique', 'style', 'create', 'infamous', 'loving', 'nature', 'first', 'time', 'directors', 'could', 'dream', 'directing', 'comes', 'naturally', 'brick', 'build', 'stunning', 'image', 'breaks', 'surfaces', 'plunged', 'viewer', 'overabundance', 'adoration', 'creation', 'even', 'subtle', 'score', 'unknown', 'composer', 'live', 'carrel', 'john', 'reborn', 'accentuated', 'tone', 'manner', 'brick', 'trouble', 'generationlaura', 'linsey', 'always', 'making', 'mark', 'films', 'laura', 'boss', 'overbearing', 'mother', 'times', 'unbearable', 'linsey', 'helm', 'engulfed', 'person', 'complexity', 'character', 'could', 'fearlessly', 'portray', 'anyone', 'else', 'report', 'grant', 'breaks', 'away', 'measles', 'tries', 'someone', 'new', 'performance', 'responsive', 'loquacious', 'grant', 'gives', 'us', 'someone', 'brand', 'new', 'child', 'performance', 'viewer', 'gets', 'enjoy', 'standout', 'coming', 'oscar', 'nominated', 'actress', 'julie', 'waters', 'gives', 'evil', 'life', 'despite', 'role', 'clearly', 'leading', 'one', 'waters', 'fair', 'better', 'supporting', 'category', 'believe', 'simply', 'take', 'home', 'prize', 'evil', 'mix', 'clementine', 'kruczynski', 'mrs', 'laura', 'anderson', 'free', 'spirit', 'movable', 'person', 'hopefully', 'role', 'go', 'unnoticed', 'awards', 'seasondriving', 'lessons', 'world', 'experience', 'fine', 'enjoyable', 'one', 'viewer', 'could', 'kick', 'back', 'learn', 'little', 'something', 'life', 'love', 'friendship', 'coming', 'forms', 'beautiful', 'colors', 'sizesgrade']"
script story mess,negative,"['script', 'story', 'mess']"
charlotte real arrives isolated country mental hospital become fulltime nurse confronted motley group cries seemingly brazier supervisor dr masters seems bedo look basement one best lowbudget moves gene people always put beyond acting excellent favorite performance petty candle allison nymphomaniac chills jump right screen probably say movie movie scar appeal horror fan respects lowbudget horror gene hard make creep film low budget actually succeed axe another cheap film looked upon maybe people spoiled big budget recent films movie excellent effects andor considered classic chance audience think people see movie see important lowbudget horror gene movie classic stands among rubbish,positive,"['charlotte', 'real', 'arrives', 'isolated', 'country', 'mental', 'hospital', 'become', 'fulltime', 'nurse', 'confronted', 'motley', 'group', 'cries', 'seemingly', 'brazier', 'supervisor', 'dr', 'masters', 'seems', 'bedo', 'look', 'basement', 'one', 'best', 'lowbudget', 'moves', 'gene', 'people', 'always', 'put', 'beyond', 'acting', 'excellent', 'favorite', 'performance', 'petty', 'candle', 'allison', 'nymphomaniac', 'chills', 'jump', 'right', 'screen', 'probably', 'say', 'movie', 'movie', 'scar', 'appeal', 'horror', 'fan', 'respects', 'lowbudget', 'horror', 'gene', 'hard', 'make', 'creep', 'film', 'low', 'budget', 'actually', 'succeed', 'axe', 'another', 'cheap', 'film', 'looked', 'upon', 'maybe', 'people', 'spoiled', 'big', 'budget', 'recent', 'films', 'movie', 'excellent', 'effects', 'andor', 'considered', 'classic', 'chance', 'audience', 'think', 'people', 'see', 'movie', 'see', 'important', 'lowbudget', 'horror', 'gene', 'movie', 'classic', 'stands', 'among', 'rubbish']"
films mundane often interesting films hands insightful artist examines twisted little details mundane french cinema seems often good sort thing love french cinemathis film mundane much plot characters lived town normal people stuff happened interesting stuff examined insightfully film capture bit mood particularly captivating mood think much film specifically wrong failed every level anything rightthere lot characters film lot kind looked alike hard figure relations one another mind putting effort understanding film even watching especially complex film one time iron details one puzzle worth solving methe good thing really say film cinematography pleasantfunctional brilliant pleasant camera often captured nice postcardtype shots rarely found really interesting little detailsI seen handful notsogood films far seattle international film festival one failed get applause credits rolled sense big collective sigh relief film finally suppose probably people would like it410,negative,"['films', 'mundane', 'often', 'interesting', 'films', 'hands', 'insightful', 'artist', 'examines', 'twisted', 'little', 'details', 'mundane', 'french', 'cinema', 'seems', 'often', 'good', 'sort', 'thing', 'love', 'french', 'cinemathis', 'film', 'mundane', 'much', 'plot', 'characters', 'lived', 'town', 'normal', 'people', 'stuff', 'happened', 'interesting', 'stuff', 'examined', 'insightfully', 'film', 'capture', 'bit', 'mood', 'particularly', 'captivating', 'mood', 'think', 'much', 'film', 'specifically', 'wrong', 'failed', 'every', 'level', 'anything', 'rightthere', 'lot', 'characters', 'film', 'lot', 'kind', 'looked', 'alike', 'hard', 'figure', 'relations', 'one', 'another', 'mind', 'putting', 'effort', 'understanding', 'film', 'even', 'watching', 'especially', 'complex', 'film', 'one', 'time', 'iron', 'details', 'one', 'puzzle', 'worth', 'solving', 'methe', 'good', 'thing', 'really', 'say', 'film', 'cinematography', 'pleasantfunctional', 'brilliant', 'pleasant', 'camera', 'often', 'captured', 'nice', 'postcardtype', 'shots', 'rarely', 'found', 'really', 'interesting', 'little', 'detailsI', 'seen', 'handful', 'notsogood', 'films', 'far', 'seattle', 'international', 'film', 'festival', 'one', 'failed', 'get', 'applause', 'credits', 'rolled', 'sense', 'big', 'collective', 'sigh', 'relief', 'film', 'finally', 'suppose', 'probably', 'people', 'would', 'like', 'it410']"
movie really nothing going reverend played philip seymour hoffman complaining constipation toilet humor 25 hour movie know made cuts left cap literally waste good talent total embarrassment dreadful,negative,"['movie', 'really', 'nothing', 'going', 'reverend', 'played', 'philip', 'seymour', 'hoffman', 'complaining', 'constipation', 'toilet', 'humor', '25', 'hour', 'movie', 'know', 'made', 'cuts', 'left', 'cap', 'literally', 'waste', 'good', 'talent', 'total', 'embarrassment', 'dreadful']"
george minded spin mid 1970s sitcom man house though seen series since last broadcast remember fairly amusing comedy arising anonymous couple going live beside snobbish fourmile family sort love thy neighbour without cynical racism gas seen big screen version show find asking big screen version certainly popular mid sit com name reason movie jettisons character interaction television george minded leaving street live behind getting caught plot involving serious gangsters want something george inadvertently picked leads cringe making situations lines like give first time man resisted charms meant envelope get impression screenwriter dick sharply never wrote episode original sitcom never seen episode source material got show confused carry series films many ways resembles mistakes latter lost space movie absolutely nothing common series spanned,negative,"['george', 'minded', 'spin', 'mid', '1970s', 'sitcom', 'man', 'house', 'though', 'seen', 'series', 'since', 'last', 'broadcast', 'remember', 'fairly', 'amusing', 'comedy', 'arising', 'anonymous', 'couple', 'going', 'live', 'beside', 'snobbish', 'fourmile', 'family', 'sort', 'love', 'thy', 'neighbour', 'without', 'cynical', 'racism', 'gas', 'seen', 'big', 'screen', 'version', 'show', 'find', 'asking', 'big', 'screen', 'version', 'certainly', 'popular', 'mid', 'sit', 'com', 'name', 'reason', 'movie', 'jettisons', 'character', 'interaction', 'television', 'george', 'minded', 'leaving', 'street', 'live', 'behind', 'getting', 'caught', 'plot', 'involving', 'serious', 'gangsters', 'want', 'something', 'george', 'inadvertently', 'picked', 'leads', 'cringe', 'making', 'situations', 'lines', 'like', 'give', 'first', 'time', 'man', 'resisted', 'charms', 'meant', 'envelope', 'get', 'impression', 'screenwriter', 'dick', 'sharply', 'never', 'wrote', 'episode', 'original', 'sitcom', 'never', 'seen', 'episode', 'source', 'material', 'got', 'show', 'confused', 'carry', 'series', 'films', 'many', 'ways', 'resembles', 'mistakes', 'latter', 'lost', 'space', 'movie', 'absolutely', 'nothing', 'common', 'series', 'spanned']"
said film definitely one better bargain bin moves I would feel bit created paid £15 £150 felt definitely got ponies worth film quite decide wants mad max one client eastward man name spaghetti western stacked clichés even panic long hangs bad guns mad max therethat guy blade runner also corps good filling although turns beginning end moviefavourite bit punchup top oil refined look closely see postapocalyptic rush hour traffic thundering past distance two protagonists knock seven bells otherget several layers pizzas sit back enjoy ultimately lightweight entertaining drive,positive,"['said', 'film', 'definitely', 'one', 'better', 'bargain', 'bin', 'moves', 'I', 'would', 'feel', 'bit', 'created', 'paid', '£15', '£150', 'felt', 'definitely', 'got', 'ponies', 'worth', 'film', 'quite', 'decide', 'wants', 'mad', 'max', 'one', 'client', 'eastward', 'man', 'name', 'spaghetti', 'western', 'stacked', 'clichés', 'even', 'panic', 'long', 'hangs', 'bad', 'guns', 'mad', 'max', 'therethat', 'guy', 'blade', 'runner', 'also', 'corps', 'good', 'filling', 'although', 'turns', 'beginning', 'end', 'moviefavourite', 'bit', 'punchup', 'top', 'oil', 'refined', 'look', 'closely', 'see', 'postapocalyptic', 'rush', 'hour', 'traffic', 'thundering', 'past', 'distance', 'two', 'protagonists', 'knock', 'seven', 'bells', 'otherget', 'several', 'layers', 'pizzas', 'sit', 'back', 'enjoy', 'ultimately', 'lightweight', 'entertaining', 'drive']"
peckinpah straw dogs brick clockwork orange director john footman delivers effective film mans violent side deliverance arguably definite horror film 1970s reynolds vight ned beauty bonny cox portray four atlanta businessmen decide take canoe trip wild cahulawassee river northern georgia damned reynolds calls one big dead lakebut local mountain folk take painfully obvious dim view city boys arousing woods following day continuing river beauty vight accepted sexually assaulted films infamous squeals sequence two vicious mountain men bill mckinley herbert cowboy coward thus started nothing lark appalachians turned nightmare four protagonists come see thin line exists think civilization think barbarismjames picked adapted screenplay bestselling book result often gripping disturbing shocked often known squeals dueling banks sequence deliverance also quite pulsefounding ordeal four leading men superb roles mckinley coward making two frightening villains times mustsee film willing take chance,positive,"['peckinpah', 'straw', 'dogs', 'brick', 'clockwork', 'orange', 'director', 'john', 'footman', 'delivers', 'effective', 'film', 'mans', 'violent', 'side', 'deliverance', 'arguably', 'definite', 'horror', 'film', '1970s', 'reynolds', 'vight', 'ned', 'beauty', 'bonny', 'cox', 'portray', 'four', 'atlanta', 'businessmen', 'decide', 'take', 'canoe', 'trip', 'wild', 'cahulawassee', 'river', 'northern', 'georgia', 'damned', 'reynolds', 'calls', 'one', 'big', 'dead', 'lakebut', 'local', 'mountain', 'folk', 'take', 'painfully', 'obvious', 'dim', 'view', 'city', 'boys', 'arousing', 'woods', 'following', 'day', 'continuing', 'river', 'beauty', 'vight', 'accepted', 'sexually', 'assaulted', 'films', 'infamous', 'squeals', 'sequence', 'two', 'vicious', 'mountain', 'men', 'bill', 'mckinley', 'herbert', 'cowboy', 'coward', 'thus', 'started', 'nothing', 'lark', 'appalachians', 'turned', 'nightmare', 'four', 'protagonists', 'come', 'see', 'thin', 'line', 'exists', 'think', 'civilization', 'think', 'barbarismjames', 'picked', 'adapted', 'screenplay', 'bestselling', 'book', 'result', 'often', 'gripping', 'disturbing', 'shocked', 'often', 'known', 'squeals', 'dueling', 'banks', 'sequence', 'deliverance', 'also', 'quite', 'pulsefounding', 'ordeal', 'four', 'leading', 'men', 'superb', 'roles', 'mckinley', 'coward', 'making', 'two', 'frightening', 'villains', 'times', 'mustsee', 'film', 'willing', 'take', 'chance']"
following review one wrong side tracks meaning two things hear nothing praises coming fooled rating also could tell review contains soilers technically liewell screw review I going rabble bit since much fun bad film enjoy piece utter drive simply sense humor first movie meant taken seriously main aspect fun coming story doctors son terminal ill daddydoctor decides harttransplant must way saving son true maddoctorstyle decides heart gorilla trick course gorillaheart much potent human sunnyboy transform hideous apeman immediately breaks free goes killing raging spree simply horny beast would makeup apeman hilarious simply way putting guns face looks like turn I talking human excrement solid brown kind beautiful flick wonderful aside real forage openheart surgery also incredibly face quite nasty looking blood effects capitation eyegoing throatlipping scalping someones skull hilarious indeed quite incomprehensible night bloody apes ever made notorious videoparties list nasty things portray film simply ridiculous taken seriously oh one bloody ape running around way needless say la horripilante bestial human much accurate title terrifying convincing tale science gone horribly wrongwhen trying shock poorly stage acts bloody violence random portrayals female unity movie manages highly entertaining ingredient like nonsensical dialogue cheap cardboard sets plot stupidity incredibly bad acting random examples maybe sets one clearly see setdesigner used walls doors windows etc build various different interior sets eg one side hospital room window side unconscious wresting girl lies looks auspiciously similar like window side basementlaboratory apeman escapes setdesigner also took one sidewindows laboratory made bit larger placed conferenceroom hospital walls building greyones setting park clearly shot studio see several occasions grass loose whenever strugglingfightingraging going grass shifts snuffles see grey concrete studiofloor beneath itjust random lines come actors mouths conferenceroom doctors dealing disappearance unconscious wresting girl disappearance would course mean bad publicity hospital daddydoctor intelligently utters find situation difficult debate colleaguedoctor cleverly remarks sleepwalker sleepwalker gets hereby providing solid excuse disappearance unconscious wresting girl investigation detective amazing process logical deduction concluded tells superior murderer must half manhalf beast superior answers absurd adding line probable late watching television many pictures terror truly one best lines movieother sources laughter two scenes daddydoctor rigorlike assistant kidnap gorilla unconscious wresting girl hospital well thoughtout acts abduction like taking candy baby daddydoctor speaks god lot sunnyboy calling daddydoctor papa one occasion old lady screaming aaargh dead man dead man dead man dead man plot periodically stops allow scenes women wresting go nothing concept sure daddydoctor replaces sunnyboys gorillaheart second time unconscious wresting girl think something spectacular happens like apeturnman growing breasts something trying rape men time leading living wresting beauty normal lazarev even go climactic wresting contest apeturnman near movies final apeturnman start show motherly love near end almost say almost true king longstyle ie top building people ground pointing screamingokay think enough whipped two cents volitions rational rating steady piece hilarious wreck 210 volitions rating wrong side tracks 810 go see film people well worth,negative,"['following', 'review', 'one', 'wrong', 'side', 'tracks', 'meaning', 'two', 'things', 'hear', 'nothing', 'praises', 'coming', 'fooled', 'rating', 'also', 'could', 'tell', 'review', 'contains', 'soilers', 'technically', 'liewell', 'screw', 'review', 'I', 'going', 'rabble', 'bit', 'since', 'much', 'fun', 'bad', 'film', 'enjoy', 'piece', 'utter', 'drive', 'simply', 'sense', 'humor', 'first', 'movie', 'meant', 'taken', 'seriously', 'main', 'aspect', 'fun', 'coming', 'story', 'doctors', 'son', 'terminal', 'ill', 'daddydoctor', 'decides', 'harttransplant', 'must', 'way', 'saving', 'son', 'true', 'maddoctorstyle', 'decides', 'heart', 'gorilla', 'trick', 'course', 'gorillaheart', 'much', 'potent', 'human', 'sunnyboy', 'transform', 'hideous', 'apeman', 'immediately', 'breaks', 'free', 'goes', 'killing', 'raging', 'spree', 'simply', 'horny', 'beast', 'would', 'makeup', 'apeman', 'hilarious', 'simply', 'way', 'putting', 'guns', 'face', 'looks', 'like', 'turn', 'I', 'talking', 'human', 'excrement', 'solid', 'brown', 'kind', 'beautiful', 'flick', 'wonderful', 'aside', 'real', 'forage', 'openheart', 'surgery', 'also', 'incredibly', 'face', 'quite', 'nasty', 'looking', 'blood', 'effects', 'capitation', 'eyegoing', 'throatlipping', 'scalping', 'someones', 'skull', 'hilarious', 'indeed', 'quite', 'incomprehensible', 'night', 'bloody', 'apes', 'ever', 'made', 'notorious', 'videoparties', 'list', 'nasty', 'things', 'portray', 'film', 'simply', 'ridiculous', 'taken', 'seriously', 'oh', 'one', 'bloody', 'ape', 'running', 'around', 'way', 'needless', 'say', 'la', 'horripilante', 'bestial', 'human', 'much', 'accurate', 'title', 'terrifying', 'convincing', 'tale', 'science', 'gone', 'horribly', 'wrongwhen', 'trying', 'shock', 'poorly', 'stage', 'acts', 'bloody', 'violence', 'random', 'portrayals', 'female', 'unity', 'movie', 'manages', 'highly', 'entertaining', 'ingredient', 'like', 'nonsensical', 'dialogue', 'cheap', 'cardboard', 'sets', 'plot', 'stupidity', 'incredibly', 'bad', 'acting', 'random', 'examples', 'maybe', 'sets', 'one', 'clearly', 'see', 'setdesigner', 'used', 'walls', 'doors', 'windows', 'etc', 'build', 'various', 'different', 'interior', 'sets', 'eg', 'one', 'side', 'hospital', 'room', 'window', 'side', 'unconscious', 'wresting', 'girl', 'lies', 'looks', 'auspiciously', 'similar', 'like', 'window', 'side', 'basementlaboratory', 'apeman', 'escapes', 'setdesigner', 'also', 'took', 'one', 'sidewindows', 'laboratory', 'made', 'bit', 'larger', 'placed', 'conferenceroom', 'hospital', 'walls', 'building', 'greyones', 'setting', 'park', 'clearly', 'shot', 'studio', 'see', 'several', 'occasions', 'grass', 'loose', 'whenever', 'strugglingfightingraging', 'going', 'grass', 'shifts', 'snuffles', 'see', 'grey', 'concrete', 'studiofloor', 'beneath', 'itjust', 'random', 'lines', 'come', 'actors', 'mouths', 'conferenceroom', 'doctors', 'dealing', 'disappearance', 'unconscious', 'wresting', 'girl', 'disappearance', 'would', 'course', 'mean', 'bad', 'publicity', 'hospital', 'daddydoctor', 'intelligently', 'utters', 'find', 'situation', 'difficult', 'debate', 'colleaguedoctor', 'cleverly', 'remarks', 'sleepwalker', 'sleepwalker', 'gets', 'hereby', 'providing', 'solid', 'excuse', 'disappearance', 'unconscious', 'wresting', 'girl', 'investigation', 'detective', 'amazing', 'process', 'logical', 'deduction', 'concluded', 'tells', 'superior', 'murderer', 'must', 'half', 'manhalf', 'beast', 'superior', 'answers', 'absurd', 'adding', 'line', 'probable', 'late', 'watching', 'television', 'many', 'pictures', 'terror', 'truly', 'one', 'best', 'lines', 'movieother', 'sources', 'laughter', 'two', 'scenes', 'daddydoctor', 'rigorlike', 'assistant', 'kidnap', 'gorilla', 'unconscious', 'wresting', 'girl', 'hospital', 'well', 'thoughtout', 'acts', 'abduction', 'like', 'taking', 'candy', 'baby', 'daddydoctor', 'speaks', 'god', 'lot', 'sunnyboy', 'calling', 'daddydoctor', 'papa', 'one', 'occasion', 'old', 'lady', 'screaming', 'aaargh', 'dead', 'man', 'dead', 'man', 'dead', 'man', 'dead', 'man', 'plot', 'periodically', 'stops', 'allow', 'scenes', 'women', 'wresting', 'go', 'nothing', 'concept', 'sure', 'daddydoctor', 'replaces', 'sunnyboys', 'gorillaheart', 'second', 'time', 'unconscious', 'wresting', 'girl', 'think', 'something', 'spectacular', 'happens', 'like', 'apeturnman', 'growing', 'breasts', 'something', 'trying', 'rape', 'men', 'time', 'leading', 'living', 'wresting', 'beauty', 'normal', 'lazarev', 'even', 'go', 'climactic', 'wresting', 'contest', 'apeturnman', 'near', 'movies', 'final', 'apeturnman', 'start', 'show', 'motherly', 'love', 'near', 'end', 'almost', 'say', 'almost', 'true', 'king', 'longstyle', 'ie', 'top', 'building', 'people', 'ground', 'pointing', 'screamingokay', 'think', 'enough', 'whipped', 'two', 'cents', 'volitions', 'rational', 'rating', 'steady', 'piece', 'hilarious', 'wreck', '210', 'volitions', 'rating', 'wrong', 'side', 'tracks', '810', 'go', 'see', 'film', 'people', 'well', 'worth']"
expect script begin therefore nothing director work hayes farewell donelson kikin good actors anything say anything react even earthquake pretty poor know closely movie follows novel two jewish girl show nowhere show artery nice warm heart stereotyped amount anything even buried axilla desert instead bringing back la nice catholic burial could least bring flowers pathetic la set ridiculously graphically created anything good window apartment felt real curtains sounds wind donelson always great since body snatches night living dead whichever,negative,"['expect', 'script', 'begin', 'therefore', 'nothing', 'director', 'work', 'hayes', 'farewell', 'donelson', 'kikin', 'good', 'actors', 'anything', 'say', 'anything', 'react', 'even', 'earthquake', 'pretty', 'poor', 'know', 'closely', 'movie', 'follows', 'novel', 'two', 'jewish', 'girl', 'show', 'nowhere', 'show', 'artery', 'nice', 'warm', 'heart', 'stereotyped', 'amount', 'anything', 'even', 'buried', 'axilla', 'desert', 'instead', 'bringing', 'back', 'la', 'nice', 'catholic', 'burial', 'could', 'least', 'bring', 'flowers', 'pathetic', 'la', 'set', 'ridiculously', 'graphically', 'created', 'anything', 'good', 'window', 'apartment', 'felt', 'real', 'curtains', 'sounds', 'wind', 'donelson', 'always', 'great', 'since', 'body', 'snatches', 'night', 'living', 'dead', 'whichever']"
although twenty minutes love harmless attempt early comedy difficult follow film quality good couple moments funny seen better charlie chaplain,negative,"['although', 'twenty', 'minutes', 'love', 'harmless', 'attempt', 'early', 'comedy', 'difficult', 'follow', 'film', 'quality', 'good', 'couple', 'moments', 'funny', 'seen', 'better', 'charlie', 'chaplain']"
first saw knowledge thames television marathon one local independent stations los angeles back new enjoyed much along danger upthat movie saw twenty year ago stick well memory testament originality quality performances casti looked copy usa found none finally gambler bought bay delighted find region code us would like see little gem get copy,positive,"['first', 'saw', 'knowledge', 'thames', 'television', 'marathon', 'one', 'local', 'independent', 'stations', 'los', 'angeles', 'back', 'new', 'enjoyed', 'much', 'along', 'danger', 'upthat', 'movie', 'saw', 'twenty', 'year', 'ago', 'stick', 'well', 'memory', 'testament', 'originality', 'quality', 'performances', 'casti', 'looked', 'copy', 'usa', 'found', 'none', 'finally', 'gambler', 'bought', 'bay', 'delighted', 'find', 'region', 'code', 'us', 'would', 'like', 'see', 'little', 'gem', 'get', 'copy']"
today wrote review anger ball hollywoodhollywood produced moves based one darkness days nation 911 changed everything changed perception security changed understanding evil man humanity importantly devastating changed worldhowever stress utterly repulsed disillusioned angry careless latent ignorance hollywood seeking make lucrative profit death destruction film like bound cause controversy amid wordofmouth among moviegoers critics alike surely echoed mainstream press hollywood sunk new low even lower lowdown bastards perpetrated barbaric acts savagely unrelenting cruelty behind ball angry movie dare disrespect memories families lost dare mock lives brave men women risked lives save wrapped doomed towers fateful day infamy dare try satire time capitalist national tragedy mist mourning weary post911 world howdarethey gall even think seeing morally appalling bravest say heavy heart strength remember think back day ask whether sane moral person think back day ask whether film disgrace dishonor lives lost day think back day outcry families loved ones think back day lives lost two planes think back carnage caused following attacksask soulthink remember respect memories lives lost 911 seeing film,negative,"['today', 'wrote', 'review', 'anger', 'ball', 'hollywoodhollywood', 'produced', 'moves', 'based', 'one', 'darkness', 'days', 'nation', '911', 'changed', 'everything', 'changed', 'perception', 'security', 'changed', 'understanding', 'evil', 'man', 'humanity', 'importantly', 'devastating', 'changed', 'worldhowever', 'stress', 'utterly', 'repulsed', 'disillusioned', 'angry', 'careless', 'latent', 'ignorance', 'hollywood', 'seeking', 'make', 'lucrative', 'profit', 'death', 'destruction', 'film', 'like', 'bound', 'cause', 'controversy', 'amid', 'wordofmouth', 'among', 'moviegoers', 'critics', 'alike', 'surely', 'echoed', 'mainstream', 'press', 'hollywood', 'sunk', 'new', 'low', 'even', 'lower', 'lowdown', 'bastards', 'perpetrated', 'barbaric', 'acts', 'savagely', 'unrelenting', 'cruelty', 'behind', 'ball', 'angry', 'movie', 'dare', 'disrespect', 'memories', 'families', 'lost', 'dare', 'mock', 'lives', 'brave', 'men', 'women', 'risked', 'lives', 'save', 'wrapped', 'doomed', 'towers', 'fateful', 'day', 'infamy', 'dare', 'try', 'satire', 'time', 'capitalist', 'national', 'tragedy', 'mist', 'mourning', 'weary', 'post911', 'world', 'howdarethey', 'gall', 'even', 'think', 'seeing', 'morally', 'appalling', 'bravest', 'say', 'heavy', 'heart', 'strength', 'remember', 'think', 'back', 'day', 'ask', 'whether', 'sane', 'moral', 'person', 'think', 'back', 'day', 'ask', 'whether', 'film', 'disgrace', 'dishonor', 'lives', 'lost', 'day', 'think', 'back', 'day', 'outcry', 'families', 'loved', 'ones', 'think', 'back', 'day', 'lives', 'lost', 'two', 'planes', 'think', 'back', 'carnage', 'caused', 'following', 'attacksask', 'soulthink', 'remember', 'respect', 'memories', 'lives', 'lost', '911', 'seeing', 'film']"
one entire family enjoy even consider old fairy tales shelled dull outside unique imaginative take nearly popular fairy tales childhood script offer new twists ageold tables grew feature handful stars episode cinderella exception dulls standard opinion one top five series highlight jennies bells remember flashdanceand still hollywood today making movie title role jean simpleton fairy godmother southern accent eve garden embodiment wicked stepmotherhood die mcclurg ferries bullets day jane alien make hilarious stepsisters matthew frederick affable prince henry keep coming back one,positive,"['one', 'entire', 'family', 'enjoy', 'even', 'consider', 'old', 'fairy', 'tales', 'shelled', 'dull', 'outside', 'unique', 'imaginative', 'take', 'nearly', 'popular', 'fairy', 'tales', 'childhood', 'script', 'offer', 'new', 'twists', 'ageold', 'tables', 'grew', 'feature', 'handful', 'stars', 'episode', 'cinderella', 'exception', 'dulls', 'standard', 'opinion', 'one', 'top', 'five', 'series', 'highlight', 'jennies', 'bells', 'remember', 'flashdanceand', 'still', 'hollywood', 'today', 'making', 'movie', 'title', 'role', 'jean', 'simpleton', 'fairy', 'godmother', 'southern', 'accent', 'eve', 'garden', 'embodiment', 'wicked', 'stepmotherhood', 'die', 'mcclurg', 'ferries', 'bullets', 'day', 'jane', 'alien', 'make', 'hilarious', 'stepsisters', 'matthew', 'frederick', 'affable', 'prince', 'henry', 'keep', 'coming', 'back', 'one']"
joy watch family grow see children acting series eight years later anna levi rainfall beautiful young lady working physician town love son austin went away army injured war newest daughter jacob sarah cases outspoken cutis transparently honest often embarrassingon cold winter day stranger shows farm slow reveal identity find jacob father john sitting thought long ago dead hard questions past difficult get answeredglen close magnificent loving mother wants best family constantly wresting forces tend separate sarah talking jacob said fragile life anything happen blink eye could died blizzard think austin john probably ill know time moves moment passes late shame thinklife lessons honesty forgiveness make meaningful evenings entertainment,positive,"['joy', 'watch', 'family', 'grow', 'see', 'children', 'acting', 'series', 'eight', 'years', 'later', 'anna', 'levi', 'rainfall', 'beautiful', 'young', 'lady', 'working', 'physician', 'town', 'love', 'son', 'austin', 'went', 'away', 'army', 'injured', 'war', 'newest', 'daughter', 'jacob', 'sarah', 'cases', 'outspoken', 'cutis', 'transparently', 'honest', 'often', 'embarrassingon', 'cold', 'winter', 'day', 'stranger', 'shows', 'farm', 'slow', 'reveal', 'identity', 'find', 'jacob', 'father', 'john', 'sitting', 'thought', 'long', 'ago', 'dead', 'hard', 'questions', 'past', 'difficult', 'get', 'answeredglen', 'close', 'magnificent', 'loving', 'mother', 'wants', 'best', 'family', 'constantly', 'wresting', 'forces', 'tend', 'separate', 'sarah', 'talking', 'jacob', 'said', 'fragile', 'life', 'anything', 'happen', 'blink', 'eye', 'could', 'died', 'blizzard', 'think', 'austin', 'john', 'probably', 'ill', 'know', 'time', 'moves', 'moment', 'passes', 'late', 'shame', 'thinklife', 'lessons', 'honesty', 'forgiveness', 'make', 'meaningful', 'evenings', 'entertainment']"
sportsman kill make love bonny purple heather veryvery carefullynow distinct advantage many reviews born scotlandfar many americans take simplistic nonsense seriouslyit jokepeoplefour legs good two legs badas well jessica large accent wells next sea amateur dramatic societys production brigadoon would turn diam nelson apparently popular ladies wears kill authority man whose great grandmama stepped train edinburgh wavered enemywhere would scots without hate blame everythingmessrs rothcox hurt ashamed indulging racism stereotyping robin hood prince thieves seems masterpiece historical accuracy comparisonand least alan rickman funny,negative,"['sportsman', 'kill', 'make', 'love', 'bonny', 'purple', 'heather', 'veryvery', 'carefullynow', 'distinct', 'advantage', 'many', 'reviews', 'born', 'scotlandfar', 'many', 'americans', 'take', 'simplistic', 'nonsense', 'seriouslyit', 'jokepeoplefour', 'legs', 'good', 'two', 'legs', 'badas', 'well', 'jessica', 'large', 'accent', 'wells', 'next', 'sea', 'amateur', 'dramatic', 'societys', 'production', 'brigadoon', 'would', 'turn', 'diam', 'nelson', 'apparently', 'popular', 'ladies', 'wears', 'kill', 'authority', 'man', 'whose', 'great', 'grandmama', 'stepped', 'train', 'edinburgh', 'wavered', 'enemywhere', 'would', 'scots', 'without', 'hate', 'blame', 'everythingmessrs', 'rothcox', 'hurt', 'ashamed', 'indulging', 'racism', 'stereotyping', 'robin', 'hood', 'prince', 'thieves', 'seems', 'masterpiece', 'historical', 'accuracy', 'comparisonand', 'least', 'alan', 'rickman', 'funny']"
mother keeps cassette film general threat film loving person annoy everything sticksas true classicwho gave 1010 inadvertently watching good film accidentally voted oneeveryone involved movie making process forced watch least small section film indelible stain minds hold film sacred revered tide mark cinematically dire,negative,"['mother', 'keeps', 'cassette', 'film', 'general', 'threat', 'film', 'loving', 'person', 'annoy', 'everything', 'sticksas', 'true', 'classicwho', 'gave', '1010', 'inadvertently', 'watching', 'good', 'film', 'accidentally', 'voted', 'oneeveryone', 'involved', 'movie', 'making', 'process', 'forced', 'watch', 'least', 'small', 'section', 'film', 'indelible', 'stain', 'minds', 'hold', 'film', 'sacred', 'revered', 'tide', 'mark', 'cinematically', 'dire']"
although young remember first showing series baby later caught repeats television late 80s getting interested war aspects grandfather first showed series also gave first interests relating tales time royal navy malta later pacific since devoured many books seen many television series world war two era mixed opinions british television stations generally good producing world war easily fattest many gems made bc independent companies strongly recommend titles paris warning history lit bc series dunkirk britain war colour companion series japan germany america high standard world war far best despite age never fails deliver always new revelation war keep dropping obviously included series course world war two took place large canvas produce series every detail would take time money even undertaking even possible feel must say decay include everything world war physically series sure neck prompt research make enjoyable certainly worked comprehensive library books video tapes cos recommend anyone even passing interest series well made would find hard agree quality programming highly information,positive,"['although', 'young', 'remember', 'first', 'showing', 'series', 'baby', 'later', 'caught', 'repeats', 'television', 'late', '80s', 'getting', 'interested', 'war', 'aspects', 'grandfather', 'first', 'showed', 'series', 'also', 'gave', 'first', 'interests', 'relating', 'tales', 'time', 'royal', 'navy', 'malta', 'later', 'pacific', 'since', 'devoured', 'many', 'books', 'seen', 'many', 'television', 'series', 'world', 'war', 'two', 'era', 'mixed', 'opinions', 'british', 'television', 'stations', 'generally', 'good', 'producing', 'world', 'war', 'easily', 'fattest', 'many', 'gems', 'made', 'bc', 'independent', 'companies', 'strongly', 'recommend', 'titles', 'paris', 'warning', 'history', 'lit', 'bc', 'series', 'dunkirk', 'britain', 'war', 'colour', 'companion', 'series', 'japan', 'germany', 'america', 'high', 'standard', 'world', 'war', 'far', 'best', 'despite', 'age', 'never', 'fails', 'deliver', 'always', 'new', 'revelation', 'war', 'keep', 'dropping', 'obviously', 'included', 'series', 'course', 'world', 'war', 'two', 'took', 'place', 'large', 'canvas', 'produce', 'series', 'every', 'detail', 'would', 'take', 'time', 'money', 'even', 'undertaking', 'even', 'possible', 'feel', 'must', 'say', 'decay', 'include', 'everything', 'world', 'war', 'physically', 'series', 'sure', 'neck', 'prompt', 'research', 'make', 'enjoyable', 'certainly', 'worked', 'comprehensive', 'library', 'books', 'video', 'tapes', 'cos', 'recommend', 'anyone', 'even', 'passing', 'interest', 'series', 'well', 'made', 'would', 'find', 'hard', 'agree', 'quality', 'programming', 'highly', 'information']"
think great one favourite films kid said songs unforgettable mint still remember word word film remains favourite family younger cousins addicted even know songs film great enjoyable film kiss moral lesson say good shows lying gets nowhere ill leave parting comment film amazing love xxx ps would like soundtrack yes animation good jokes humorous action never stopsthis film go childrens film history opinion one remaining safe films show children,positive,"['think', 'great', 'one', 'favourite', 'films', 'kid', 'said', 'songs', 'unforgettable', 'mint', 'still', 'remember', 'word', 'word', 'film', 'remains', 'favourite', 'family', 'younger', 'cousins', 'addicted', 'even', 'know', 'songs', 'film', 'great', 'enjoyable', 'film', 'kiss', 'moral', 'lesson', 'say', 'good', 'shows', 'lying', 'gets', 'nowhere', 'ill', 'leave', 'parting', 'comment', 'film', 'amazing', 'love', 'xxx', 'ps', 'would', 'like', 'soundtrack', 'yes', 'animation', 'good', 'jokes', 'humorous', 'action', 'never', 'stopsthis', 'film', 'go', 'childrens', 'film', 'history', 'opinion', 'one', 'remaining', 'safe', 'films', 'show', 'children']"
watched part course aberystwyth university baffled distributor well actually film everything hollywood film original creative quickly humorous seems today noone really wants see type movie simplest terms conform genetic conventions young viewer look filmi written review limb ages felt inclined give film special mention even 30 minute break classes essentially nothing two main characters plunged world nothingness hate world brilliance director sustain interest majority run time two characters riseenscene consists half house vast white empty space due large part cellar performances actors offer great laughs time able add significant emotional depth rolesI would love write quite time limit however encourage anyone everyone give film try unique concept brought screen coherent wellexecuted fashion combination good performances strong script nice sound design fairly impressive visual creating entertaining movieit shame people know nothing,positive,"['watched', 'part', 'course', 'aberystwyth', 'university', 'baffled', 'distributor', 'well', 'actually', 'film', 'everything', 'hollywood', 'film', 'original', 'creative', 'quickly', 'humorous', 'seems', 'today', 'noone', 'really', 'wants', 'see', 'type', 'movie', 'simplest', 'terms', 'conform', 'genetic', 'conventions', 'young', 'viewer', 'look', 'filmi', 'written', 'review', 'limb', 'ages', 'felt', 'inclined', 'give', 'film', 'special', 'mention', 'even', '30', 'minute', 'break', 'classes', 'essentially', 'nothing', 'two', 'main', 'characters', 'plunged', 'world', 'nothingness', 'hate', 'world', 'brilliance', 'director', 'sustain', 'interest', 'majority', 'run', 'time', 'two', 'characters', 'riseenscene', 'consists', 'half', 'house', 'vast', 'white', 'empty', 'space', 'due', 'large', 'part', 'cellar', 'performances', 'actors', 'offer', 'great', 'laughs', 'time', 'able', 'add', 'significant', 'emotional', 'depth', 'rolesI', 'would', 'love', 'write', 'quite', 'time', 'limit', 'however', 'encourage', 'anyone', 'everyone', 'give', 'film', 'try', 'unique', 'concept', 'brought', 'screen', 'coherent', 'wellexecuted', 'fashion', 'combination', 'good', 'performances', 'strong', 'script', 'nice', 'sound', 'design', 'fairly', 'impressive', 'visual', 'creating', 'entertaining', 'movieit', 'shame', 'people', 'know', 'nothing']"
seen carlo lizzanis documentary lurching visconti bound higher expectations watching film made three years later adam low viewer like get dissatisfied faced need critical opinion generally like giving due fact documentaries satisfy every viewer also documentaries examine theme totally read reviews already written title also felt bit confused people sometimes know criticize therefore clear I divide film two major parts differ considerably former one visconti directors career latter one visconti director aristocratic background hobbies wealth young lurching experienced enjoyed clearly presented effort horse racing mentioned well relation mother much disturbed parents divorce also get accurate idea lurching brought real count milan riches galere fancies cooks access everything true aristocracy instance fathers splendid villa grazzano marvelous villas prove also emphasis viscontis crucial visit paris 1930s met eminent people left fingers later impact style message art clearly explains idea communist aristocratic upbringing contrast first sight however part directors career started possession wait ended innocent directors death 1976 poorly executed moves discussed well people really something say franco zeffirelli director remembers works la tears right also interviews franco rose later moves like il gattopardo la cadet de red la venetian ludwig mostly discussed helmet merger although liked actor role ludwig like interviews moreover thoughts reveals accurate entail documentary mention significant works visconti like conversation piece interviews eminent cast lancaster mention sylvan mangano rosy schneider also made one forage interview maria calls appears interesting short bit franco zeffirelli though appreciate director makes fun rather says something really precious instance mentions event visconti separated years service therefore say simplifies unsatisfactory find strong point forage interviews visconti result may get opinion works instance much appreciate words says death regarding normal chapter life natural birth also discusses health problems stroke filling ludwigi believe better see lurching visconti 1999 carlo lizzani although shorter condensed whole get better idea director visconti would furious fury usually turned peoples emotions viewpoint stone 410,negative,"['seen', 'carlo', 'lizzanis', 'documentary', 'lurching', 'visconti', 'bound', 'higher', 'expectations', 'watching', 'film', 'made', 'three', 'years', 'later', 'adam', 'low', 'viewer', 'like', 'get', 'dissatisfied', 'faced', 'need', 'critical', 'opinion', 'generally', 'like', 'giving', 'due', 'fact', 'documentaries', 'satisfy', 'every', 'viewer', 'also', 'documentaries', 'examine', 'theme', 'totally', 'read', 'reviews', 'already', 'written', 'title', 'also', 'felt', 'bit', 'confused', 'people', 'sometimes', 'know', 'criticize', 'therefore', 'clear', 'I', 'divide', 'film', 'two', 'major', 'parts', 'differ', 'considerably', 'former', 'one', 'visconti', 'directors', 'career', 'latter', 'one', 'visconti', 'director', 'aristocratic', 'background', 'hobbies', 'wealth', 'young', 'lurching', 'experienced', 'enjoyed', 'clearly', 'presented', 'effort', 'horse', 'racing', 'mentioned', 'well', 'relation', 'mother', 'much', 'disturbed', 'parents', 'divorce', 'also', 'get', 'accurate', 'idea', 'lurching', 'brought', 'real', 'count', 'milan', 'riches', 'galere', 'fancies', 'cooks', 'access', 'everything', 'true', 'aristocracy', 'instance', 'fathers', 'splendid', 'villa', 'grazzano', 'marvelous', 'villas', 'prove', 'also', 'emphasis', 'viscontis', 'crucial', 'visit', 'paris', '1930s', 'met', 'eminent', 'people', 'left', 'fingers', 'later', 'impact', 'style', 'message', 'art', 'clearly', 'explains', 'idea', 'communist', 'aristocratic', 'upbringing', 'contrast', 'first', 'sight', 'however', 'part', 'directors', 'career', 'started', 'possession', 'wait', 'ended', 'innocent', 'directors', 'death', '1976', 'poorly', 'executed', 'moves', 'discussed', 'well', 'people', 'really', 'something', 'say', 'franco', 'zeffirelli', 'director', 'remembers', 'works', 'la', 'tears', 'right', 'also', 'interviews', 'franco', 'rose', 'later', 'moves', 'like', 'il', 'gattopardo', 'la', 'cadet', 'de', 'red', 'la', 'venetian', 'ludwig', 'mostly', 'discussed', 'helmet', 'merger', 'although', 'liked', 'actor', 'role', 'ludwig', 'like', 'interviews', 'moreover', 'thoughts', 'reveals', 'accurate', 'entail', 'documentary', 'mention', 'significant', 'works', 'visconti', 'like', 'conversation', 'piece', 'interviews', 'eminent', 'cast', 'lancaster', 'mention', 'sylvan', 'mangano', 'rosy', 'schneider', 'also', 'made', 'one', 'forage', 'interview', 'maria', 'calls', 'appears', 'interesting', 'short', 'bit', 'franco', 'zeffirelli', 'though', 'appreciate', 'director', 'makes', 'fun', 'rather', 'says', 'something', 'really', 'precious', 'instance', 'mentions', 'event', 'visconti', 'separated', 'years', 'service', 'therefore', 'say', 'simplifies', 'unsatisfactory', 'find', 'strong', 'point', 'forage', 'interviews', 'visconti', 'result', 'may', 'get', 'opinion', 'works', 'instance', 'much', 'appreciate', 'words', 'says', 'death', 'regarding', 'normal', 'chapter', 'life', 'natural', 'birth', 'also', 'discusses', 'health', 'problems', 'stroke', 'filling', 'ludwigi', 'believe', 'better', 'see', 'lurching', 'visconti', '1999', 'carlo', 'lizzani', 'although', 'shorter', 'condensed', 'whole', 'get', 'better', 'idea', 'director', 'visconti', 'would', 'furious', 'fury', 'usually', 'turned', 'peoples', 'emotions', 'viewpoint', 'stone', '410']"
bad bad moviewell people real realistic movie good thing life also predictable bad nasty trivial senseless sometimes maybe reason people say film realtoo many common places black criminal doomed cursed whatever end shooting shot someone let kiss play weapons could dangerous go church good goodbefore one hadnt seen bad movie perhaps reason never noticed important photography important movie one every scene shot daytime outdoor clearly annoying blue even care correct colour balance oh I rate 300 moves database far 310 lowest ever,negative,"['bad', 'bad', 'moviewell', 'people', 'real', 'realistic', 'movie', 'good', 'thing', 'life', 'also', 'predictable', 'bad', 'nasty', 'trivial', 'senseless', 'sometimes', 'maybe', 'reason', 'people', 'say', 'film', 'realtoo', 'many', 'common', 'places', 'black', 'criminal', 'doomed', 'cursed', 'whatever', 'end', 'shooting', 'shot', 'someone', 'let', 'kiss', 'play', 'weapons', 'could', 'dangerous', 'go', 'church', 'good', 'goodbefore', 'one', 'hadnt', 'seen', 'bad', 'movie', 'perhaps', 'reason', 'never', 'noticed', 'important', 'photography', 'important', 'movie', 'one', 'every', 'scene', 'shot', 'daytime', 'outdoor', 'clearly', 'annoying', 'blue', 'even', 'care', 'correct', 'colour', 'balance', 'oh', 'I', 'rate', '300', 'moves', 'database', 'far', '310', 'lowest', 'ever']"
call pre si si movie gets better lugosikarloff incredibly good mood type motion picture two genuine artists best story linekarloff amazing job scientist sees caught vise vanity pride scientific competition caught idea watching man drowns three previously mentioned concepts saddened time fascinate two stars sort motion picture legs make time put harrison ford karloff part maybe differ sutherland bell lagosi role might possible almost goodthis one best hollywood ever produced saidit gets better way,positive,"['call', 'pre', 'si', 'si', 'movie', 'gets', 'better', 'lugosikarloff', 'incredibly', 'good', 'mood', 'type', 'motion', 'picture', 'two', 'genuine', 'artists', 'best', 'story', 'linekarloff', 'amazing', 'job', 'scientist', 'sees', 'caught', 'vise', 'vanity', 'pride', 'scientific', 'competition', 'caught', 'idea', 'watching', 'man', 'drowns', 'three', 'previously', 'mentioned', 'concepts', 'saddened', 'time', 'fascinate', 'two', 'stars', 'sort', 'motion', 'picture', 'legs', 'make', 'time', 'put', 'harrison', 'ford', 'karloff', 'part', 'maybe', 'differ', 'sutherland', 'bell', 'lagosi', 'role', 'might', 'possible', 'almost', 'goodthis', 'one', 'best', 'hollywood', 'ever', 'produced', 'saidit', 'gets', 'better', 'way']"
really wanted love film read book daughters loved book marvelous film far book book splendid film awful adaptationin book sera honorable kind strong never anything spiteful get back anyone point book behaves princes regardless circumstances important part behaving like princess return kindness behave honorably regardless treatedin book endure much touches lives others people change behavior witnessed kindness ability endure without sinking spite vengefulness sera right simply rightoutside baker comes upon beggar girl poor hungry half dozen hot guns hungry gives one wild looking little girl huddled footstep baker sees ravenous girl watches gobble gives another continues given 3 4 think remember manythe baker watching window moved witnessed takes beggar girl raises daughter people similarly influenced seraand book father died man next door fathers partner looking father lose money man thrilled find sera takes beck home raises daughters sera full inheritance coursemiss munching chimney sweep fact remains post school humiliated sera told new guardian cruel treatment received sera speak miss munching end miss munching trying minimize treatment sera sera calm steadfast demeanour instruct miss munching cruelthere comeuppance miss munching continues miserable existence matter matters sera home guardian loves dearest friend world beck intents purposes sisterthe book love honorable behavior worst circumstances self control humility wonderful book film nothing capture true story messages book wife disgusted wanted leave theater middle decided stick rewardedi life think reason film makes alter excellent book bad direction perhaps influence ghastly screenplay book shirley temple acted know film far book character values recognize itdo waste time buy book unforgettable even dad,negative,"['really', 'wanted', 'love', 'film', 'read', 'book', 'daughters', 'loved', 'book', 'marvelous', 'film', 'far', 'book', 'book', 'splendid', 'film', 'awful', 'adaptationin', 'book', 'sera', 'honorable', 'kind', 'strong', 'never', 'anything', 'spiteful', 'get', 'back', 'anyone', 'point', 'book', 'behaves', 'princes', 'regardless', 'circumstances', 'important', 'part', 'behaving', 'like', 'princess', 'return', 'kindness', 'behave', 'honorably', 'regardless', 'treatedin', 'book', 'endure', 'much', 'touches', 'lives', 'others', 'people', 'change', 'behavior', 'witnessed', 'kindness', 'ability', 'endure', 'without', 'sinking', 'spite', 'vengefulness', 'sera', 'right', 'simply', 'rightoutside', 'baker', 'comes', 'upon', 'beggar', 'girl', 'poor', 'hungry', 'half', 'dozen', 'hot', 'guns', 'hungry', 'gives', 'one', 'wild', 'looking', 'little', 'girl', 'huddled', 'footstep', 'baker', 'sees', 'ravenous', 'girl', 'watches', 'gobble', 'gives', 'another', 'continues', 'given', '3', '4', 'think', 'remember', 'manythe', 'baker', 'watching', 'window', 'moved', 'witnessed', 'takes', 'beggar', 'girl', 'raises', 'daughter', 'people', 'similarly', 'influenced', 'seraand', 'book', 'father', 'died', 'man', 'next', 'door', 'fathers', 'partner', 'looking', 'father', 'lose', 'money', 'man', 'thrilled', 'find', 'sera', 'takes', 'beck', 'home', 'raises', 'daughters', 'sera', 'full', 'inheritance', 'coursemiss', 'munching', 'chimney', 'sweep', 'fact', 'remains', 'post', 'school', 'humiliated', 'sera', 'told', 'new', 'guardian', 'cruel', 'treatment', 'received', 'sera', 'speak', 'miss', 'munching', 'end', 'miss', 'munching', 'trying', 'minimize', 'treatment', 'sera', 'sera', 'calm', 'steadfast', 'demeanour', 'instruct', 'miss', 'munching', 'cruelthere', 'comeuppance', 'miss', 'munching', 'continues', 'miserable', 'existence', 'matter', 'matters', 'sera', 'home', 'guardian', 'loves', 'dearest', 'friend', 'world', 'beck', 'intents', 'purposes', 'sisterthe', 'book', 'love', 'honorable', 'behavior', 'worst', 'circumstances', 'self', 'control', 'humility', 'wonderful', 'book', 'film', 'nothing', 'capture', 'true', 'story', 'messages', 'book', 'wife', 'disgusted', 'wanted', 'leave', 'theater', 'middle', 'decided', 'stick', 'rewardedi', 'life', 'think', 'reason', 'film', 'makes', 'alter', 'excellent', 'book', 'bad', 'direction', 'perhaps', 'influence', 'ghastly', 'screenplay', 'book', 'shirley', 'temple', 'acted', 'know', 'film', 'far', 'book', 'character', 'values', 'recognize', 'itdo', 'waste', 'time', 'buy', 'book', 'unforgettable', 'even', 'dad']"
told bad ideawe started tradition found one copy movie pass person person whoever movie watches passes someone else deemed worthy seeing unique creative horrible movie hopefully travel round world timesit painful really painful even beyond bad funny well okay sometimes bad funny time gives feeling something sucking brain insidenow watch pass,negative,"['told', 'bad', 'ideawe', 'started', 'tradition', 'found', 'one', 'copy', 'movie', 'pass', 'person', 'person', 'whoever', 'movie', 'watches', 'passes', 'someone', 'else', 'deemed', 'worthy', 'seeing', 'unique', 'creative', 'horrible', 'movie', 'hopefully', 'travel', 'round', 'world', 'timesit', 'painful', 'really', 'painful', 'even', 'beyond', 'bad', 'funny', 'well', 'okay', 'sometimes', 'bad', 'funny', 'time', 'gives', 'feeling', 'something', 'sucking', 'brain', 'insidenow', 'watch', 'pass']"
get teased time family friends tears moves disappointed watched one cried numerous times believe happiness acted family acted man tried redeem way knew daniel fabulous always chris walking picked course even recognized though years kind husband one rewatch moves unless historically accurate war movessnore watched movie 5 times going get watch worn tape jumped whole time watching,positive,"['get', 'teased', 'time', 'family', 'friends', 'tears', 'moves', 'disappointed', 'watched', 'one', 'cried', 'numerous', 'times', 'believe', 'happiness', 'acted', 'family', 'acted', 'man', 'tried', 'redeem', 'way', 'knew', 'daniel', 'fabulous', 'always', 'chris', 'walking', 'picked', 'course', 'even', 'recognized', 'though', 'years', 'kind', 'husband', 'one', 'rewatch', 'moves', 'unless', 'historically', 'accurate', 'war', 'movessnore', 'watched', 'movie', '5', 'times', 'going', 'get', 'watch', 'worn', 'tape', 'jumped', 'whole', 'time', 'watching']"
point seems almost unnecessary state jove delivers firm strong fearless performance dere bliss capability actor previously established critical claim gathered films leading man looking back case anyone still wondering yes jove act act well come expected easy separate dere guy belts hits oh1i generally would watch horror movie I come expect focus sensationalistic rather dialogue plot pleased film really viable plot moved along much become focus film disturbing realistic quality films higher technical effects budget fan might disappointed story fan notunlike action film like u571 dialogue takes back seat combat get chance know good guns actually care happens scenes left unexplained like deres hallucinations get feeling certain aspects lay foundation sequel unfortunately lack interest shown hollywood film sequel never happen instances forgiveable knowing campfires could continuing seriesis best film I ever seen life good way spend two hours entertained yes leave person fears horror moves insomnia leave horror movie lover completely disappointed either somewhere horror gene leather horror gene lover film reaches happy medium effects story balancing,positive,"['point', 'seems', 'almost', 'unnecessary', 'state', 'jove', 'delivers', 'firm', 'strong', 'fearless', 'performance', 'dere', 'bliss', 'capability', 'actor', 'previously', 'established', 'critical', 'claim', 'gathered', 'films', 'leading', 'man', 'looking', 'back', 'case', 'anyone', 'still', 'wondering', 'yes', 'jove', 'act', 'act', 'well', 'come', 'expected', 'easy', 'separate', 'dere', 'guy', 'belts', 'hits', 'oh1i', 'generally', 'would', 'watch', 'horror', 'movie', 'I', 'come', 'expect', 'focus', 'sensationalistic', 'rather', 'dialogue', 'plot', 'pleased', 'film', 'really', 'viable', 'plot', 'moved', 'along', 'much', 'become', 'focus', 'film', 'disturbing', 'realistic', 'quality', 'films', 'higher', 'technical', 'effects', 'budget', 'fan', 'might', 'disappointed', 'story', 'fan', 'notunlike', 'action', 'film', 'like', 'u571', 'dialogue', 'takes', 'back', 'seat', 'combat', 'get', 'chance', 'know', 'good', 'guns', 'actually', 'care', 'happens', 'scenes', 'left', 'unexplained', 'like', 'deres', 'hallucinations', 'get', 'feeling', 'certain', 'aspects', 'lay', 'foundation', 'sequel', 'unfortunately', 'lack', 'interest', 'shown', 'hollywood', 'film', 'sequel', 'never', 'happen', 'instances', 'forgiveable', 'knowing', 'campfires', 'could', 'continuing', 'seriesis', 'best', 'film', 'I', 'ever', 'seen', 'life', 'good', 'way', 'spend', 'two', 'hours', 'entertained', 'yes', 'leave', 'person', 'fears', 'horror', 'moves', 'insomnia', 'leave', 'horror', 'movie', 'lover', 'completely', 'disappointed', 'either', 'somewhere', 'horror', 'gene', 'leather', 'horror', 'gene', 'lover', 'film', 'reaches', 'happy', 'medium', 'effects', 'story', 'balancing']"
movie brought tears eyes john roberts really knew get viewer hearts directing wonderful picture life viewed mind heart pale discover time time help sensitive talented directors like john even small creatures like pale heart could stop tears even though film happy end great thousands films saw life pale really touched deeply ugly suckling second picture really turned upside,positive,"['movie', 'brought', 'tears', 'eyes', 'john', 'roberts', 'really', 'knew', 'get', 'viewer', 'hearts', 'directing', 'wonderful', 'picture', 'life', 'viewed', 'mind', 'heart', 'pale', 'discover', 'time', 'time', 'help', 'sensitive', 'talented', 'directors', 'like', 'john', 'even', 'small', 'creatures', 'like', 'pale', 'heart', 'could', 'stop', 'tears', 'even', 'though', 'film', 'happy', 'end', 'great', 'thousands', 'films', 'saw', 'life', 'pale', 'really', 'touched', 'deeply', 'ugly', 'suckling', 'second', 'picture', 'really', 'turned', 'upside']"
charm otto reminders grandiose visionary film ambiguous intentions betraying gloomy essence central character still vexed living shadow criminal father data andrews driven vindictive cop shown outsider irrational destructive maybe change mightve found good woman look troubled man reclaim tangled impression rectitude distressing mood permanently circulated latter half story screenwriter ben heart reverberated andrews tense performance reminder saturated film relevantly prosaic substance style see hear city night feel reminder lets us see hear even peripheral distant factors itdata andrews furnishes complex character unfolded streaks violence hatred always infects plot develops secretly entangled situation snakes yet renewed outward acts seen vantage protagonists visceral facial expressions executed themthis reflection specific phase development gene engrossing fera shady film set doubledealing climate underwood hero estranged always swelling rage even though loses rational resistance occupational principle ethical limits still good cop reminder links telling socialconscience drama corrupted community within sprawling cityscape rather keeping thrilled riding andrews shoulders existential journey personal ratification man medial fixation becoming disconnected though evershrinking influences law side undoing perception right wrongthe production companies early 1950s passed socialproblem picture rather made lowbudget lowrisk tillers apparently attempt evade conditions conservative critics social busybodies expressionistic matteroffastness reminders inimitable approach insects scene sense everyday drama backdrop plot supporting character must pull weight something interesting none cartoons depressing comic relief every character thinks star per straightfromtheshoulder selfassertion karl maiden missionary police inspector veteran witness lunch counter starsandrews gene tierce languished futile attempts subdue emotional intensitywho want,positive,"['charm', 'otto', 'reminders', 'grandiose', 'visionary', 'film', 'ambiguous', 'intentions', 'betraying', 'gloomy', 'essence', 'central', 'character', 'still', 'vexed', 'living', 'shadow', 'criminal', 'father', 'data', 'andrews', 'driven', 'vindictive', 'cop', 'shown', 'outsider', 'irrational', 'destructive', 'maybe', 'change', 'mightve', 'found', 'good', 'woman', 'look', 'troubled', 'man', 'reclaim', 'tangled', 'impression', 'rectitude', 'distressing', 'mood', 'permanently', 'circulated', 'latter', 'half', 'story', 'screenwriter', 'ben', 'heart', 'reverberated', 'andrews', 'tense', 'performance', 'reminder', 'saturated', 'film', 'relevantly', 'prosaic', 'substance', 'style', 'see', 'hear', 'city', 'night', 'feel', 'reminder', 'lets', 'us', 'see', 'hear', 'even', 'peripheral', 'distant', 'factors', 'itdata', 'andrews', 'furnishes', 'complex', 'character', 'unfolded', 'streaks', 'violence', 'hatred', 'always', 'infects', 'plot', 'develops', 'secretly', 'entangled', 'situation', 'snakes', 'yet', 'renewed', 'outward', 'acts', 'seen', 'vantage', 'protagonists', 'visceral', 'facial', 'expressions', 'executed', 'themthis', 'reflection', 'specific', 'phase', 'development', 'gene', 'engrossing', 'fera', 'shady', 'film', 'set', 'doubledealing', 'climate', 'underwood', 'hero', 'estranged', 'always', 'swelling', 'rage', 'even', 'though', 'loses', 'rational', 'resistance', 'occupational', 'principle', 'ethical', 'limits', 'still', 'good', 'cop', 'reminder', 'links', 'telling', 'socialconscience', 'drama', 'corrupted', 'community', 'within', 'sprawling', 'cityscape', 'rather', 'keeping', 'thrilled', 'riding', 'andrews', 'shoulders', 'existential', 'journey', 'personal', 'ratification', 'man', 'medial', 'fixation', 'becoming', 'disconnected', 'though', 'evershrinking', 'influences', 'law', 'side', 'undoing', 'perception', 'right', 'wrongthe', 'production', 'companies', 'early', '1950s', 'passed', 'socialproblem', 'picture', 'rather', 'made', 'lowbudget', 'lowrisk', 'tillers', 'apparently', 'attempt', 'evade', 'conditions', 'conservative', 'critics', 'social', 'busybodies', 'expressionistic', 'matteroffastness', 'reminders', 'inimitable', 'approach', 'insects', 'scene', 'sense', 'everyday', 'drama', 'backdrop', 'plot', 'supporting', 'character', 'must', 'pull', 'weight', 'something', 'interesting', 'none', 'cartoons', 'depressing', 'comic', 'relief', 'every', 'character', 'thinks', 'star', 'per', 'straightfromtheshoulder', 'selfassertion', 'karl', 'maiden', 'missionary', 'police', 'inspector', 'veteran', 'witness', 'lunch', 'counter', 'starsandrews', 'gene', 'tierce', 'languished', 'futile', 'attempts', 'subdue', 'emotional', 'intensitywho', 'want']"
formula flick guy wants girl guy lie get next girl guy get best friend help outrageous way comes relief help deceive girl etc ones done death rare exception zrate outing done betterstale plot aside leads attractive couple good moments jonathan scratch done better acting came close phone complete loss nothing new tepid affair,negative,"['formula', 'flick', 'guy', 'wants', 'girl', 'guy', 'lie', 'get', 'next', 'girl', 'guy', 'get', 'best', 'friend', 'help', 'outrageous', 'way', 'comes', 'relief', 'help', 'deceive', 'girl', 'etc', 'ones', 'done', 'death', 'rare', 'exception', 'zrate', 'outing', 'done', 'betterstale', 'plot', 'aside', 'leads', 'attractive', 'couple', 'good', 'moments', 'jonathan', 'scratch', 'done', 'better', 'acting', 'came', 'close', 'phone', 'complete', 'loss', 'nothing', 'new', 'tepid', 'affair']"
film spice little piece filmmaking sam fuller gives richard widmark chance show best edge acting role skin muco smalltime thief stumbled onto military secret picking beautiful candys jean peters pocket crowded bus turns candy favor exboyfriend working commitssuperficially mystery regarding candys motives skin spends much film determining motives actually seems initially assume commit going far pour beer face callous gesture real question  going skin motives candy like much audience want like much basically filmmakers done create striking male fatale widmarks character performance male audience tends ponder length film like big sleep glass key along main characters whether female character trustworthy pretty face filmmakers created similar quandary female viewer widmark handsome also charm boyish insouciance  first two times meets leading lady robs punched face eventually question becomes  would skin sink low sell country buck comments police like waving flag make us suspect would simply revenge murder friend bitter I sure film gives us conclusive answer either waythem bitters character work deserves special mention  created truly indelible character fuller afraid give plenty business  form physical objects uses draw audience world particularly used ties another example fullers business would scene victor perry actor I seen elsewhere used less effect using chopsticks intimidate candythe emphasis mores relationship skin provides one cinemas revealing honor among thieves themes fact skin kind ease kind casual relationship police notable exception cap tiger turvy grudge loved scene invited corps name offered beer came pick shock kind details make film feel real  whether really realistic whether would matter entirely separate questionsall told would say essential crime film displays lot best unable attributes film school filmmaking predictable plot offset host colourful characters uniformly wellperformed cheap sets disguised films unrelenting pace final product feels lot substantial probably best film I seen far sam fuller helps see better regarded master director  accomplished things think tried ultimately failed films like crimson simon shock corridor far emphatic acting style really gripping suspense one favorite performances widmark I seen far  widmark talent I tempted say based extraordinary films I seen comparable alan land humphrey bogart although arguably make many classic films,positive,"['film', 'spice', 'little', 'piece', 'filmmaking', 'sam', 'fuller', 'gives', 'richard', 'widmark', 'chance', 'show', 'best', 'edge', 'acting', 'role', 'skin', 'muco', 'smalltime', 'thief', 'stumbled', 'onto', 'military', 'secret', 'picking', 'beautiful', 'candys', 'jean', 'peters', 'pocket', 'crowded', 'bus', 'turns', 'candy', 'favor', 'exboyfriend', 'working', 'commitssuperficially', 'mystery', 'regarding', 'candys', 'motives', 'skin', 'spends', 'much', 'film', 'determining', 'motives', 'actually', 'seems', 'initially', 'assume', 'commit', 'going', 'far', 'pour', 'beer', 'face', 'callous', 'gesture', 'real', 'question', '\x96', 'going', 'skin', 'motives', 'candy', 'like', 'much', 'audience', 'want', 'like', 'much', 'basically', 'filmmakers', 'done', 'create', 'striking', 'male', 'fatale', 'widmarks', 'character', 'performance', 'male', 'audience', 'tends', 'ponder', 'length', 'film', 'like', 'big', 'sleep', 'glass', 'key', 'along', 'main', 'characters', 'whether', 'female', 'character', 'trustworthy', 'pretty', 'face', 'filmmakers', 'created', 'similar', 'quandary', 'female', 'viewer', 'widmark', 'handsome', 'also', 'charm', 'boyish', 'insouciance', '\x96', 'first', 'two', 'times', 'meets', 'leading', 'lady', 'robs', 'punched', 'face', 'eventually', 'question', 'becomes', '\x96', 'would', 'skin', 'sink', 'low', 'sell', 'country', 'buck', 'comments', 'police', 'like', 'waving', 'flag', 'make', 'us', 'suspect', 'would', 'simply', 'revenge', 'murder', 'friend', 'bitter', 'I', 'sure', 'film', 'gives', 'us', 'conclusive', 'answer', 'either', 'waythem', 'bitters', 'character', 'work', 'deserves', 'special', 'mention', '\x96', 'created', 'truly', 'indelible', 'character', 'fuller', 'afraid', 'give', 'plenty', 'business', '\x96', 'form', 'physical', 'objects', 'uses', 'draw', 'audience', 'world', 'particularly', 'used', 'ties', 'another', 'example', 'fullers', 'business', 'would', 'scene', 'victor', 'perry', 'actor', 'I', 'seen', 'elsewhere', 'used', 'less', 'effect', 'using', 'chopsticks', 'intimidate', 'candythe', 'emphasis', 'mores', 'relationship', 'skin', 'provides', 'one', 'cinemas', 'revealing', 'honor', 'among', 'thieves', 'themes', 'fact', 'skin', 'kind', 'ease', 'kind', 'casual', 'relationship', 'police', 'notable', 'exception', 'cap', 'tiger', 'turvy', 'grudge', 'loved', 'scene', 'invited', 'corps', 'name', 'offered', 'beer', 'came', 'pick', 'shock', 'kind', 'details', 'make', 'film', 'feel', 'real', '\x96', 'whether', 'really', 'realistic', 'whether', 'would', 'matter', 'entirely', 'separate', 'questionsall', 'told', 'would', 'say', 'essential', 'crime', 'film', 'displays', 'lot', 'best', 'unable', 'attributes', 'film', 'school', 'filmmaking', 'predictable', 'plot', 'offset', 'host', 'colourful', 'characters', 'uniformly', 'wellperformed', 'cheap', 'sets', 'disguised', 'films', 'unrelenting', 'pace', 'final', 'product', 'feels', 'lot', 'substantial', 'probably', 'best', 'film', 'I', 'seen', 'far', 'sam', 'fuller', 'helps', 'see', 'better', 'regarded', 'master', 'director', '\x96', 'accomplished', 'things', 'think', 'tried', 'ultimately', 'failed', 'films', 'like', 'crimson', 'simon', 'shock', 'corridor', 'far', 'emphatic', 'acting', 'style', 'really', 'gripping', 'suspense', 'one', 'favorite', 'performances', 'widmark', 'I', 'seen', 'far', '\x96', 'widmark', 'talent', 'I', 'tempted', 'say', 'based', 'extraordinary', 'films', 'I', 'seen', 'comparable', 'alan', 'land', 'humphrey', 'bogart', 'although', 'arguably', 'make', 'many', 'classic', 'films']"
artistically inclined individual science minded woman felt movie maybe one camp arts type films budget watched part fiance future step daughter tried hard find something film keep interest fiance daughter voted moved oceans 13but another story deterred awoke next morning gave movie another shot began watching movie earnest get iti thought would get iti thought funniest part flushing ashes turn finding spot fireplace used vase appeared dead flowers interesting still dead stuff inside odd bizarre movie maybe afterhowever tricked second time,negative,"['artistically', 'inclined', 'individual', 'science', 'minded', 'woman', 'felt', 'movie', 'maybe', 'one', 'camp', 'arts', 'type', 'films', 'budget', 'watched', 'part', 'fiance', 'future', 'step', 'daughter', 'tried', 'hard', 'find', 'something', 'film', 'keep', 'interest', 'fiance', 'daughter', 'voted', 'moved', 'oceans', '13but', 'another', 'story', 'deterred', 'awoke', 'next', 'morning', 'gave', 'movie', 'another', 'shot', 'began', 'watching', 'movie', 'earnest', 'get', 'iti', 'thought', 'would', 'get', 'iti', 'thought', 'funniest', 'part', 'flushing', 'ashes', 'turn', 'finding', 'spot', 'fireplace', 'used', 'vase', 'appeared', 'dead', 'flowers', 'interesting', 'still', 'dead', 'stuff', 'inside', 'odd', 'bizarre', 'movie', 'maybe', 'afterhowever', 'tricked', 'second', 'time']"
great western hear say brilliant first effort well I sure film watched must different one one saw great western indeed good films gene characters believe film none acting poor say least could care less characters making whole film painless story big makers perhaps try hand making straight low budget rubbish like see fact fiction programme siiplease looking good film great western even enjoyable hour half please look elsewhere,negative,"['great', 'western', 'hear', 'say', 'brilliant', 'first', 'effort', 'well', 'I', 'sure', 'film', 'watched', 'must', 'different', 'one', 'one', 'saw', 'great', 'western', 'indeed', 'good', 'films', 'gene', 'characters', 'believe', 'film', 'none', 'acting', 'poor', 'say', 'least', 'could', 'care', 'less', 'characters', 'making', 'whole', 'film', 'painless', 'story', 'big', 'makers', 'perhaps', 'try', 'hand', 'making', 'straight', 'low', 'budget', 'rubbish', 'like', 'see', 'fact', 'fiction', 'programme', 'siiplease', 'looking', 'good', 'film', 'great', 'western', 'even', 'enjoyable', 'hour', 'half', 'please', 'look', 'elsewhere']"
movie horrible believe hung june even movie critters4 better critters4 pretty rigging bad bunch stupid tens crash desert find old run bungalow end finding horrifically badly stop motion animated spiders pardon french acting bad hell person wrote probably even know spider spiders living colony serving alienqueentrepoff queen spider spiders live colonies movie piece crude end marines suddenly pop kill spider without even called see copy movie video store house gasoline throw match,negative,"['movie', 'horrible', 'believe', 'hung', 'june', 'even', 'movie', 'critters4', 'better', 'critters4', 'pretty', 'rigging', 'bad', 'bunch', 'stupid', 'tens', 'crash', 'desert', 'find', 'old', 'run', 'bungalow', 'end', 'finding', 'horrifically', 'badly', 'stop', 'motion', 'animated', 'spiders', 'pardon', 'french', 'acting', 'bad', 'hell', 'person', 'wrote', 'probably', 'even', 'know', 'spider', 'spiders', 'living', 'colony', 'serving', 'alienqueentrepoff', 'queen', 'spider', 'spiders', 'live', 'colonies', 'movie', 'piece', 'crude', 'end', 'marines', 'suddenly', 'pop', 'kill', 'spider', 'without', 'even', 'called', 'see', 'copy', 'movie', 'video', 'store', 'house', 'gasoline', 'throw', 'match']"
clicked polynesian males drink fight make stream exist stupid funny remarks real life polynesians much funnier stereotyped cardboard characters supposedly samoan girl look act samoan seemed like stock white female sex anyone whim weak water story lines say anything acting even brilliant actors could nothing script sad see polynesian actors willing play sad stereotyped film one good scene two three jokes waste king taxpayers money lost opportunity make great film vagrant community better make moves bad endless,negative,"['clicked', 'polynesian', 'males', 'drink', 'fight', 'make', 'stream', 'exist', 'stupid', 'funny', 'remarks', 'real', 'life', 'polynesians', 'much', 'funnier', 'stereotyped', 'cardboard', 'characters', 'supposedly', 'samoan', 'girl', 'look', 'act', 'samoan', 'seemed', 'like', 'stock', 'white', 'female', 'sex', 'anyone', 'whim', 'weak', 'water', 'story', 'lines', 'say', 'anything', 'acting', 'even', 'brilliant', 'actors', 'could', 'nothing', 'script', 'sad', 'see', 'polynesian', 'actors', 'willing', 'play', 'sad', 'stereotyped', 'film', 'one', 'good', 'scene', 'two', 'three', 'jokes', 'waste', 'king', 'taxpayers', 'money', 'lost', 'opportunity', 'make', 'great', 'film', 'vagrant', 'community', 'better', 'make', 'moves', 'bad', 'endless']"
combining serious drama adequate comedy touch best times looking comedy muslin world pulled thanks topical subject fantastic script mention albert brooks excellent brownish character portray man year come close comparison mess message folded forced jokes twisted love story completely unbelievablethe premise initially seemed promising put stewartlike comedy news guy president united states see happens independent runner tom robin williams successful personality pressure running audience along comes manager jack christopher walked click writer eddies lewis black seeming little chance successful run tom amazingly wins electionbut elevator green laura linsey exorcise emily rose computer whip company designed new software electronic voting polling stations finds pitch system quickly swept rug companys owner dark attorney alan jeff goldblum independence day posed lose billions dollars word gets companys evil men decided discredit andor kill elevator make sure never tells anyone elevator able get presidentelect finally spill beans unbelievable love story starts blossoming goes onto saturday night live explains everything world thus removing newly elected president ending careers computer company oh saving ms greens lifedoes sound funny comedy forceful wedged story often awkward robin williams blazed moments debate quickly roused gravity became president bears himthe message film interesting debatable special interest owns presidential candidates I sure substantial truth wanted make movie could wanted make comedy could man year,negative,"['combining', 'serious', 'drama', 'adequate', 'comedy', 'touch', 'best', 'times', 'looking', 'comedy', 'muslin', 'world', 'pulled', 'thanks', 'topical', 'subject', 'fantastic', 'script', 'mention', 'albert', 'brooks', 'excellent', 'brownish', 'character', 'portray', 'man', 'year', 'come', 'close', 'comparison', 'mess', 'message', 'folded', 'forced', 'jokes', 'twisted', 'love', 'story', 'completely', 'unbelievablethe', 'premise', 'initially', 'seemed', 'promising', 'put', 'stewartlike', 'comedy', 'news', 'guy', 'president', 'united', 'states', 'see', 'happens', 'independent', 'runner', 'tom', 'robin', 'williams', 'successful', 'personality', 'pressure', 'running', 'audience', 'along', 'comes', 'manager', 'jack', 'christopher', 'walked', 'click', 'writer', 'eddies', 'lewis', 'black', 'seeming', 'little', 'chance', 'successful', 'run', 'tom', 'amazingly', 'wins', 'electionbut', 'elevator', 'green', 'laura', 'linsey', 'exorcise', 'emily', 'rose', 'computer', 'whip', 'company', 'designed', 'new', 'software', 'electronic', 'voting', 'polling', 'stations', 'finds', 'pitch', 'system', 'quickly', 'swept', 'rug', 'companys', 'owner', 'dark', 'attorney', 'alan', 'jeff', 'goldblum', 'independence', 'day', 'posed', 'lose', 'billions', 'dollars', 'word', 'gets', 'companys', 'evil', 'men', 'decided', 'discredit', 'andor', 'kill', 'elevator', 'make', 'sure', 'never', 'tells', 'anyone', 'elevator', 'able', 'get', 'presidentelect', 'finally', 'spill', 'beans', 'unbelievable', 'love', 'story', 'starts', 'blossoming', 'goes', 'onto', 'saturday', 'night', 'live', 'explains', 'everything', 'world', 'thus', 'removing', 'newly', 'elected', 'president', 'ending', 'careers', 'computer', 'company', 'oh', 'saving', 'ms', 'greens', 'lifedoes', 'sound', 'funny', 'comedy', 'forceful', 'wedged', 'story', 'often', 'awkward', 'robin', 'williams', 'blazed', 'moments', 'debate', 'quickly', 'roused', 'gravity', 'became', 'president', 'bears', 'himthe', 'message', 'film', 'interesting', 'debatable', 'special', 'interest', 'owns', 'presidential', 'candidates', 'I', 'sure', 'substantial', 'truth', 'wanted', 'make', 'movie', 'could', 'wanted', 'make', 'comedy', 'could', 'man', 'year']"
searched movie years apparently available states bought copy bayfour young hunters three girlfriend venture woods searching bear apparently killed several capers find exvienna met gone crazy kills victims using glove long metal finger nails la ready krueger soon night falls one girls goes walk brief argument boyfriend gets killed one group finds body hide tents waiting daylight sun comes try make fall victim one oneseven bodies lot couple good murders especially girlsdeaths guns get killed somewhat bloodless ways blown car shot death knife head overall infernal trap nice slashed film late 80s nothing new well acted fast paced pretty ladies 10 10,positive,"['searched', 'movie', 'years', 'apparently', 'available', 'states', 'bought', 'copy', 'bayfour', 'young', 'hunters', 'three', 'girlfriend', 'venture', 'woods', 'searching', 'bear', 'apparently', 'killed', 'several', 'capers', 'find', 'exvienna', 'met', 'gone', 'crazy', 'kills', 'victims', 'using', 'glove', 'long', 'metal', 'finger', 'nails', 'la', 'ready', 'krueger', 'soon', 'night', 'falls', 'one', 'girls', 'goes', 'walk', 'brief', 'argument', 'boyfriend', 'gets', 'killed', 'one', 'group', 'finds', 'body', 'hide', 'tents', 'waiting', 'daylight', 'sun', 'comes', 'try', 'make', 'fall', 'victim', 'one', 'oneseven', 'bodies', 'lot', 'couple', 'good', 'murders', 'especially', 'girlsdeaths', 'guns', 'get', 'killed', 'somewhat', 'bloodless', 'ways', 'blown', 'car', 'shot', 'death', 'knife', 'head', 'overall', 'infernal', 'trap', 'nice', 'slashed', 'film', 'late', '80s', 'nothing', 'new', 'well', 'acted', 'fast', 'paced', 'pretty', 'ladies', '10', '10']"
movie I seen many times read book england alheimsins written near mr guðmundsson received scandinavian book awards work movie start place book starts happens reykjavík main character pull young good life girlfriend breaks relationship starts get headache make annoyed angry soon starts big mental problems movie begins soon put iceland mental hospital called kleppur get see great characters like victor thinks hither li thinks writes beetles songs sends mind transporting ingram e sigurðusson role main character pull work well leaves breathless also music movie mad sigurrós musics cost see movie overall great movie meant seen,positive,"['movie', 'I', 'seen', 'many', 'times', 'read', 'book', 'england', 'alheimsins', 'written', 'near', 'mr', 'guðmundsson', 'received', 'scandinavian', 'book', 'awards', 'work', 'movie', 'start', 'place', 'book', 'starts', 'happens', 'reykjavík', 'main', 'character', 'pull', 'young', 'good', 'life', 'girlfriend', 'breaks', 'relationship', 'starts', 'get', 'headache', 'make', 'annoyed', 'angry', 'soon', 'starts', 'big', 'mental', 'problems', 'movie', 'begins', 'soon', 'put', 'iceland', 'mental', 'hospital', 'called', 'kleppur', 'get', 'see', 'great', 'characters', 'like', 'victor', 'thinks', 'hither', 'li', 'thinks', 'writes', 'beetles', 'songs', 'sends', 'mind', 'transporting', 'ingram', 'e', 'sigurðusson', 'role', 'main', 'character', 'pull', 'work', 'well', 'leaves', 'breathless', 'also', 'music', 'movie', 'mad', 'sigurrós', 'musics', 'cost', 'see', 'movie', 'overall', 'great', 'movie', 'meant', 'seen']"
edin porters 1903 short film entitled great train robbery bursts onto screen much excitement ingenuity one prepares blown away another pioneering early film like series trip moon critics hailed film introduced western gene modern cinema eyes right everything planning actual train murder unwanted civilian looming final scene makes realize villains mean business  monuments time eastward every western filmmaker used porters image form another create story one say film open door struggle comes story gene defined porter outside initial excitement  really anything grappled onto perhaps jaded click modern western haphazard messages something click click great train robbery seemed forced intractable surprisingunlike series porter tells linear story robbers change course train rob shoot random people prove true villains final scene ends like predestined film without surprise stitches looming man gun proverbial face bland porters film boring edition watched addition color near end emphasize emotion felt cheap encouraging filmmaker viewer issue remains important porters film borrowed time time effect become diluted story carry emotional poorhouse unlike series early film watch know happened know little missing behind scenes finally set  simple story leading point point b point c issue grip film also strongest element see early film dull fact told strong narrative  characters characters motives drives outstanding see era conviction films seemed mainstream broke mold jumping prophetic bandwagon film  important film  great filmoverall eager jump film see roots western gene planted equally happy leave film behind porter talented director gm anderson obviously went successful created field awe film expecting big budget effects like series work expecting duplicate trip moon want see creativity exploration originality felt porter played safe said early film could feel excitement villains evil deeds footing anyone final conclusion proved itchyness worn minutes film started pioneering monuments great train robbery lost space time capsule cinemagrade,negative,"['edin', 'porters', '1903', 'short', 'film', 'entitled', 'great', 'train', 'robbery', 'bursts', 'onto', 'screen', 'much', 'excitement', 'ingenuity', 'one', 'prepares', 'blown', 'away', 'another', 'pioneering', 'early', 'film', 'like', 'series', 'trip', 'moon', 'critics', 'hailed', 'film', 'introduced', 'western', 'gene', 'modern', 'cinema', 'eyes', 'right', 'everything', 'planning', 'actual', 'train', 'murder', 'unwanted', 'civilian', 'looming', 'final', 'scene', 'makes', 'realize', 'villains', 'mean', 'business', '\x96', 'monuments', 'time', 'eastward', 'every', 'western', 'filmmaker', 'used', 'porters', 'image', 'form', 'another', 'create', 'story', 'one', 'say', 'film', 'open', 'door', 'struggle', 'comes', 'story', 'gene', 'defined', 'porter', 'outside', 'initial', 'excitement', '\x96', 'really', 'anything', 'grappled', 'onto', 'perhaps', 'jaded', 'click', 'modern', 'western', 'haphazard', 'messages', 'something', 'click', 'click', 'great', 'train', 'robbery', 'seemed', 'forced', 'intractable', 'surprisingunlike', 'series', 'porter', 'tells', 'linear', 'story', 'robbers', 'change', 'course', 'train', 'rob', 'shoot', 'random', 'people', 'prove', 'true', 'villains', 'final', 'scene', 'ends', 'like', 'predestined', 'film', 'without', 'surprise', 'stitches', 'looming', 'man', 'gun', 'proverbial', 'face', 'bland', 'porters', 'film', 'boring', 'edition', 'watched', 'addition', 'color', 'near', 'end', 'emphasize', 'emotion', 'felt', 'cheap', 'encouraging', 'filmmaker', 'viewer', 'issue', 'remains', 'important', 'porters', 'film', 'borrowed', 'time', 'time', 'effect', 'become', 'diluted', 'story', 'carry', 'emotional', 'poorhouse', 'unlike', 'series', 'early', 'film', 'watch', 'know', 'happened', 'know', 'little', 'missing', 'behind', 'scenes', 'finally', 'set', '\x96', 'simple', 'story', 'leading', 'point', 'point', 'b', 'point', 'c', 'issue', 'grip', 'film', 'also', 'strongest', 'element', 'see', 'early', 'film', 'dull', 'fact', 'told', 'strong', 'narrative', '\x96', 'characters', 'characters', 'motives', 'drives', 'outstanding', 'see', 'era', 'conviction', 'films', 'seemed', 'mainstream', 'broke', 'mold', 'jumping', 'prophetic', 'bandwagon', 'film', '\x96', 'important', 'film', '\x96', 'great', 'filmoverall', 'eager', 'jump', 'film', 'see', 'roots', 'western', 'gene', 'planted', 'equally', 'happy', 'leave', 'film', 'behind', 'porter', 'talented', 'director', 'gm', 'anderson', 'obviously', 'went', 'successful', 'created', 'field', 'awe', 'film', 'expecting', 'big', 'budget', 'effects', 'like', 'series', 'work', 'expecting', 'duplicate', 'trip', 'moon', 'want', 'see', 'creativity', 'exploration', 'originality', 'felt', 'porter', 'played', 'safe', 'said', 'early', 'film', 'could', 'feel', 'excitement', 'villains', 'evil', 'deeds', 'footing', 'anyone', 'final', 'conclusion', 'proved', 'itchyness', 'worn', 'minutes', 'film', 'started', 'pioneering', 'monuments', 'great', 'train', 'robbery', 'lost', 'space', 'time', 'capsule', 'cinemagrade']"
yes one great musical moves grew great entertained frank intra gene belly mention petite glorious voice kathryn grandson music dancing superb understand frank took lessons belly belly dancing merry mouse quite unique time petty garrett plays witness falls love intra one hollywoods great underrated stars saw ae well old ver tapes never get tired old musical whatever happened hollywood,positive,"['yes', 'one', 'great', 'musical', 'moves', 'grew', 'great', 'entertained', 'frank', 'intra', 'gene', 'belly', 'mention', 'petite', 'glorious', 'voice', 'kathryn', 'grandson', 'music', 'dancing', 'superb', 'understand', 'frank', 'took', 'lessons', 'belly', 'belly', 'dancing', 'merry', 'mouse', 'quite', 'unique', 'time', 'petty', 'garrett', 'plays', 'witness', 'falls', 'love', 'intra', 'one', 'hollywoods', 'great', 'underrated', 'stars', 'saw', 'ae', 'well', 'old', 'ver', 'tapes', 'never', 'get', 'tired', 'old', 'musical', 'whatever', 'happened', 'hollywood']"
words good thing george robert still among us cause dead would forced rise grave vote people made political satire saddest thing actually agree peoples sentiments yeah hobbies good reason come back beyond grave vote oh one finished doctor started voyage scar get people looking horrormovie suggest keep looking looking witty political satire also wrong place series called masters horror let hold back maybe see something I missed though chances wasting time let us say prefer combinemoves hobbies standing front camera,negative,"['words', 'good', 'thing', 'george', 'robert', 'still', 'among', 'us', 'cause', 'dead', 'would', 'forced', 'rise', 'grave', 'vote', 'people', 'made', 'political', 'satire', 'saddest', 'thing', 'actually', 'agree', 'peoples', 'sentiments', 'yeah', 'hobbies', 'good', 'reason', 'come', 'back', 'beyond', 'grave', 'vote', 'oh', 'one', 'finished', 'doctor', 'started', 'voyage', 'scar', 'get', 'people', 'looking', 'horrormovie', 'suggest', 'keep', 'looking', 'looking', 'witty', 'political', 'satire', 'also', 'wrong', 'place', 'series', 'called', 'masters', 'horror', 'let', 'hold', 'back', 'maybe', 'see', 'something', 'I', 'missed', 'though', 'chances', 'wasting', 'time', 'let', 'us', 'say', 'prefer', 'combinemoves', 'hobbies', 'standing', 'front', 'camera']"
fan puffy hoped would come proper end angel got one season end came closer excited see get episode called fade away last onei disappointed episode absolutely worst way series could get happy ending main characters die angel become human reunited puffy angel sign bloody piece paper never become human stupidand end cliffhangerwhat could worse buffyshow began great angel hole universe ended happy somebody put spell man wrote screenplay episode make sure gets lost hellso bother watching bad hurts totally 1 10,negative,"['fan', 'puffy', 'hoped', 'would', 'come', 'proper', 'end', 'angel', 'got', 'one', 'season', 'end', 'came', 'closer', 'excited', 'see', 'get', 'episode', 'called', 'fade', 'away', 'last', 'onei', 'disappointed', 'episode', 'absolutely', 'worst', 'way', 'series', 'could', 'get', 'happy', 'ending', 'main', 'characters', 'die', 'angel', 'become', 'human', 'reunited', 'puffy', 'angel', 'sign', 'bloody', 'piece', 'paper', 'never', 'become', 'human', 'stupidand', 'end', 'cliffhangerwhat', 'could', 'worse', 'buffyshow', 'began', 'great', 'angel', 'hole', 'universe', 'ended', 'happy', 'somebody', 'put', 'spell', 'man', 'wrote', 'screenplay', 'episode', 'make', 'sure', 'gets', 'lost', 'hellso', 'bother', 'watching', 'bad', 'hurts', 'totally', '1', '10']"
probably worst movie ever seriously could actually better even set properly like movie 5 budget left change watch even get way movie turn I give 110 hilarious producer movie wanted horror movie actually turned really bad comedy basically bunch girls crashed car broke headlight owner car went bit saw women gun telling load girls take clothes hell must kind cheese worn movie well,negative,"['probably', 'worst', 'movie', 'ever', 'seriously', 'could', 'actually', 'better', 'even', 'set', 'properly', 'like', 'movie', '5', 'budget', 'left', 'change', 'watch', 'even', 'get', 'way', 'movie', 'turn', 'I', 'give', '110', 'hilarious', 'producer', 'movie', 'wanted', 'horror', 'movie', 'actually', 'turned', 'really', 'bad', 'comedy', 'basically', 'bunch', 'girls', 'crashed', 'car', 'broke', 'headlight', 'owner', 'car', 'went', 'bit', 'saw', 'women', 'gun', 'telling', 'load', 'girls', 'take', 'clothes', 'hell', 'must', 'kind', 'cheese', 'worn', 'movie', 'well']"
film exhibits dear irony shaggydog roundabout story lines woven subtle cultural references classic parallels wasteful use rich saturated color fabulous condition chase scenes ala redstone corps resemble work cast entire crew charming literally else could go film speaks everyone deft poignant use many universal archetypes makes film deep satisfying mature student film find checking contains vital elements sure bergorra godfather would serve perfectly follow tragedys mandatory satyr play sweetly binds collective cathartic woundsget thee theatre see film treated unique masterpiece,positive,"['film', 'exhibits', 'dear', 'irony', 'shaggydog', 'roundabout', 'story', 'lines', 'woven', 'subtle', 'cultural', 'references', 'classic', 'parallels', 'wasteful', 'use', 'rich', 'saturated', 'color', 'fabulous', 'condition', 'chase', 'scenes', 'ala', 'redstone', 'corps', 'resemble', 'work', 'cast', 'entire', 'crew', 'charming', 'literally', 'else', 'could', 'go', 'film', 'speaks', 'everyone', 'deft', 'poignant', 'use', 'many', 'universal', 'archetypes', 'makes', 'film', 'deep', 'satisfying', 'mature', 'student', 'film', 'find', 'checking', 'contains', 'vital', 'elements', 'sure', 'bergorra', 'godfather', 'would', 'serve', 'perfectly', 'follow', 'tragedys', 'mandatory', 'satyr', 'play', 'sweetly', 'binds', 'collective', 'cathartic', 'woundsget', 'thee', 'theatre', 'see', 'film', 'treated', 'unique', 'masterpiece']"
although director triedthe filling made tynisia moroccothis attempt transport new testament screen failedthe script serious inaccuracies fantasieswhile duration longbut tragic protagonist chris abandonwho seem understand demands role,negative,"['although', 'director', 'triedthe', 'filling', 'made', 'tynisia', 'moroccothis', 'attempt', 'transport', 'new', 'testament', 'screen', 'failedthe', 'script', 'serious', 'inaccuracies', 'fantasieswhile', 'duration', 'longbut', 'tragic', 'protagonist', 'chris', 'abandonwho', 'seem', 'understand', 'demands', 'role']"
wanted se film since first time watched trailer deep surprise film elements actions characters seemed little cartoons dark nature film really makes much different experience instead feelgoodhappystory film takes another direction proves uplifting also disturbing kiss understand darker moments film makes film rather watchable adults also impressed cinematography using animation digital animation create fearless network pans tints musical score solid proving hans summer goto guy comes animated scores never thought would say actually enjoyed brian adams music,positive,"['wanted', 'se', 'film', 'since', 'first', 'time', 'watched', 'trailer', 'deep', 'surprise', 'film', 'elements', 'actions', 'characters', 'seemed', 'little', '\x91cartoons', 'dark', 'nature', 'film', 'really', 'makes', 'much', 'different', 'experience', 'instead', 'feelgoodhappystory', 'film', 'takes', 'another', 'direction', 'proves', 'uplifting', 'also', 'disturbing', 'kiss', 'understand', 'darker', 'moments', 'film', 'makes', 'film', 'rather', 'watchable', 'adults', 'also', 'impressed', 'cinematography', 'using', 'animation', 'digital', 'animation', 'create', 'fearless', 'network', 'pans', 'tints', 'musical', 'score', 'solid', 'proving', 'hans', 'summer', 'goto', 'guy', 'comes', 'animated', 'scores', 'never', 'thought', 'would', 'say', 'actually', 'enjoyed', 'brian', 'adams', 'music']"
another try another miss france may doomed able produce good horror movie mean least could shoot movie forest brocéliande even forest face shot near paris subject useless actors really insignificant text makes wish deaf nothing could save itbad bone warned want money back,negative,"['another', 'try', 'another', 'miss', 'france', 'may', 'doomed', 'able', 'produce', 'good', 'horror', 'movie', 'mean', 'least', 'could', 'shoot', 'movie', 'forest', 'brocéliande', 'even', 'forest', 'face', 'shot', 'near', 'paris', 'subject', 'useless', 'actors', 'really', 'insignificant', 'text', 'makes', 'wish', 'deaf', 'nothing', 'could', 'save', 'itbad', 'bone', 'warned', 'want', 'money', 'back']"
quite since I watched anything mysterious way portraya detective story uses old fashioned black white images portray private investigator dresses old fashioned trench coat hat theme animation reminiscence sam stayed briefly mentioned ashsick spying cheating house wives clients ash offered chance track computer packer thought worthwhile chance four figure sum could turn rest historythe ending little bit bland still okay like old fashion stories one,positive,"['quite', 'since', 'I', 'watched', 'anything', 'mysterious', 'way', 'portraya', 'detective', 'story', 'uses', 'old', 'fashioned', 'black', 'white', 'images', 'portray', 'private', 'investigator', 'dresses', 'old', 'fashioned', 'trench', 'coat', 'hat', 'theme', 'animation', 'reminiscence', 'sam', 'stayed', 'briefly', 'mentioned', 'ashsick', 'spying', 'cheating', 'house', 'wives', 'clients', 'ash', 'offered', 'chance', 'track', 'computer', 'packer', 'thought', 'worthwhile', 'chance', 'four', 'figure', 'sum', 'could', 'turn', 'rest', 'historythe', 'ending', 'little', 'bit', 'bland', 'still', 'okay', 'like', 'old', 'fashion', 'stories', 'one']"
slackens title movie three college friends dave jeff samdemon saw michael madonna jason see respectively graduate university without sitting honest exam making end successfully continues end unlikeable liable character movie thanschwartzman figures starts blackmailing order make dream girl pursue normal conditions problem trip starts work dave falls love gorgeous good hearted angelajames king unfortunately brilliant gene movie schwartzman makes watch movie easy performance brilliant kings performance average think hired around gorgeous look slackens reminiscence american pie different direction jokes shallow american pie used think movie warning filmmakers gene running originality overall smile moments horrible movie terms actingexcept schwartzman subject,negative,"['slackens', 'title', 'movie', 'three', 'college', 'friends', 'dave', 'jeff', 'samdemon', 'saw', 'michael', 'madonna', 'jason', 'see', 'respectively', 'graduate', 'university', 'without', 'sitting', 'honest', 'exam', 'making', 'end', 'successfully', 'continues', 'end', 'unlikeable', 'liable', 'character', 'movie', 'thanschwartzman', 'figures', 'starts', 'blackmailing', 'order', 'make', 'dream', 'girl', 'pursue', 'normal', 'conditions', 'problem', 'trip', 'starts', 'work', 'dave', 'falls', 'love', 'gorgeous', 'good', 'hearted', 'angelajames', 'king', 'unfortunately', 'brilliant', 'gene', 'movie', 'schwartzman', 'makes', 'watch', 'movie', 'easy', 'performance', 'brilliant', 'kings', 'performance', 'average', 'think', 'hired', 'around', 'gorgeous', 'look', 'slackens', 'reminiscence', 'american', 'pie', 'different', 'direction', 'jokes', 'shallow', 'american', 'pie', 'used', 'think', 'movie', 'warning', 'filmmakers', 'gene', 'running', 'originality', 'overall', 'smile', 'moments', 'horrible', 'movie', 'terms', 'actingexcept', 'schwartzman', 'subject']"
two great actors moist piece june like filmgoes conclusion director believe film star must seen applausenow film probably worst thrilled ever seen actors showed minimal emotion plot reasonable 12 hour time slot 91 minutes foi agent almost silly party partner apparently struck dumb spoke one word paraphrase robert bedford villain meaningless piece cap film drawn meaningless question whether hero would die one truly bizarre part story waiting family seemed go least several days hero antihero seemed take one dayall waste time,negative,"['two', 'great', 'actors', 'moist', 'piece', 'june', 'like', 'filmgoes', 'conclusion', 'director', 'believe', 'film', 'star', 'must', 'seen', 'applausenow', 'film', 'probably', 'worst', 'thrilled', 'ever', 'seen', 'actors', 'showed', 'minimal', 'emotion', 'plot', 'reasonable', '12', 'hour', 'time', 'slot', '91', 'minutes', 'foi', 'agent', 'almost', 'silly', 'party', 'partner', 'apparently', 'struck', 'dumb', 'spoke', 'one', 'word', 'paraphrase', 'robert', 'bedford', 'villain', 'meaningless', 'piece', 'cap', 'film', 'drawn', 'meaningless', 'question', 'whether', 'hero', 'would', 'die', 'one', 'truly', 'bizarre', 'part', 'story', 'waiting', 'family', 'seemed', 'go', 'least', 'several', 'days', 'hero', 'antihero', 'seemed', 'take', 'one', 'dayall', 'waste', 'time']"
played july th twilight zone marathon hands worst twilight zone episode I ever seen completely son rest series tone even though twilight zone pretty uneven series many episodes end groaning predictable one completely place compare legendary episodes like stop willoughby midnight sun realize comparisonmuster reason could terrible material frankly surprise someone historic comedy stature would stoop level episode even though seemed giving effort must needed money explanation,negative,"['played', 'july', 'th', 'twilight', 'zone', 'marathon', 'hands', 'worst', 'twilight', 'zone', 'episode', 'I', 'ever', 'seen', 'completely', 'son', 'rest', 'series', 'tone', 'even', 'though', 'twilight', 'zone', 'pretty', 'uneven', 'series', 'many', 'episodes', 'end', 'groaning', 'predictable', 'one', 'completely', 'place', 'compare', 'legendary', 'episodes', 'like', 'stop', 'willoughby', 'midnight', 'sun', 'realize', 'comparisonmuster', 'reason', 'could', 'terrible', 'material', 'frankly', 'surprise', 'someone', 'historic', 'comedy', 'stature', 'would', 'stoop', 'level', 'episode', 'even', 'though', 'seemed', 'giving', 'effort', 'must', 'needed', 'money', 'explanation']"
wasted enough time actually watching chose movie want waste writing big review much crack smile jokes boring forced lacked kind wit kept saying punchline almost every single character obnoxious stereotyped situations clicked half time even kind solution things happened get next scene life understand got many good reviews like clung acting poorly composed film making fat girls movie,negative,"['wasted', 'enough', 'time', 'actually', 'watching', 'chose', 'movie', 'want', 'waste', 'writing', 'big', 'review', 'much', 'crack', 'smile', 'jokes', 'boring', 'forced', 'lacked', 'kind', 'wit', 'kept', 'saying', 'punchline', 'almost', 'every', 'single', 'character', 'obnoxious', 'stereotyped', 'situations', 'clicked', 'half', 'time', 'even', 'kind', 'solution', 'things', 'happened', 'get', 'next', 'scene', 'life', 'understand', 'got', 'many', 'good', 'reviews', 'like', 'clung', 'acting', 'poorly', 'composed', 'film', 'making', 'fat', 'girls', 'movie']"
every hear radio des inviting listeners nominate moves listener stand never watched way movie think ofdays laterit got something play shakespeare sure think failed movie 20 odd minutes itthink realised tonsils would clip looking imploringly get cutthis movie seemed boring pretensions meeven though first movie I given low score I actually attempted watch would want put moves english director peter greenaway remember thinking cook thief wife lover truly great british film even though content times stomach churninga brilliant movie understand people would balk seeing itanother good film greenaway red two nought content pushed boundaries good taste intriguing nonethelessthe film usually think late radio show topics brazil never managed watch way eitherkept falling asleepunless taste selfimportant moves offputting highly styled laboriously paced difficult follow steer clear propers books,negative,"['every', 'hear', 'radio', 'des', 'inviting', 'listeners', 'nominate', 'moves', 'listener', 'stand', 'never', 'watched', 'way', 'movie', 'think', 'ofdays', 'laterit', 'got', 'something', 'play', 'shakespeare', 'sure', 'think', 'failed', 'movie', '20', 'odd', 'minutes', 'itthink', 'realised', 'tonsils', 'would', 'clip', 'looking', 'imploringly', 'get', 'cutthis', 'movie', 'seemed', 'boring', 'pretensions', 'meeven', 'though', 'first', 'movie', 'I', 'given', 'low', 'score', 'I', 'actually', 'attempted', 'watch', 'would', 'want', 'put', 'moves', 'english', 'director', 'peter', 'greenaway', 'remember', 'thinking', 'cook', 'thief', 'wife', 'lover', 'truly', 'great', 'british', 'film', 'even', 'though', 'content', 'times', 'stomach', 'churninga', 'brilliant', 'movie', 'understand', 'people', 'would', 'balk', 'seeing', 'itanother', 'good', 'film', 'greenaway', 'red', 'two', 'nought', 'content', 'pushed', 'boundaries', 'good', 'taste', 'intriguing', 'nonethelessthe', 'film', 'usually', 'think', 'late', 'radio', 'show', 'topics', 'brazil', 'never', 'managed', 'watch', 'way', 'eitherkept', 'falling', 'asleepunless', 'taste', 'selfimportant', 'moves', 'offputting', 'highly', 'styled', 'laboriously', 'paced', 'difficult', 'follow', 'steer', 'clear', 'propers', 'books']"
mid tens saw movie struck beauty young stars well loving cinematography simple sweetness story amazed learn angina recently died bury apparently worked film business almost 30 years would wasthe elson john soundtrack amazingly beautiful supports air protected innocence characters experience seclusion seen movie poster filling deux enfants quitraiment apparently means something like two children like otherthe english language distributor wise abbreviate titlepaul ignored 15yearold son english businessman living paris meets mitchell orphan two take intend daylong holiday mitchells late fathers rural cottage end staying year isolated outside world fall love mitchell gets pregnant baby alone home babys birth police come pauls work place take awayblue wagon comes mind another film almost captures theme innocence protected isolated paradise sad friends never released,positive,"['mid', 'tens', 'saw', 'movie', 'struck', 'beauty', 'young', 'stars', 'well', 'loving', 'cinematography', 'simple', 'sweetness', 'story', 'amazed', 'learn', 'angina', 'recently', 'died', 'bury', 'apparently', 'worked', 'film', 'business', 'almost', '30', 'years', 'would', 'wasthe', 'elson', 'john', 'soundtrack', 'amazingly', 'beautiful', 'supports', 'air', 'protected', 'innocence', 'characters', 'experience', 'seclusion', 'seen', 'movie', 'poster', 'filling', 'deux', 'enfants', 'quitraiment', 'apparently', 'means', 'something', 'like', 'two', 'children', 'like', 'otherthe', 'english', 'language', 'distributor', 'wise', 'abbreviate', 'titlepaul', 'ignored', '15yearold', 'son', 'english', 'businessman', 'living', 'paris', 'meets', 'mitchell', 'orphan', 'two', 'take', 'intend', 'daylong', 'holiday', 'mitchells', 'late', 'fathers', 'rural', 'cottage', 'end', 'staying', 'year', 'isolated', 'outside', 'world', 'fall', 'love', 'mitchell', 'gets', 'pregnant', 'baby', 'alone', 'home', 'babys', 'birth', 'police', 'come', 'pauls', 'work', 'place', 'take', 'awayblue', 'wagon', 'comes', 'mind', 'another', 'film', 'almost', 'captures', 'theme', 'innocence', 'protected', 'isolated', 'paradise', 'sad', 'friends', 'never', 'released']"
must say impressed probably expecting much movie maybe accent religion vs science meaning life lines expect something think see movie psychological philosophical vote 4 end clears bit great respect bc documentaries couple interesting scenes actually gave sense brilliant idea add movie related theory evolution bad main subject ah forgot say 1 hour movie quite boring way cruel,negative,"['must', 'say', 'impressed', 'probably', 'expecting', 'much', 'movie', 'maybe', 'accent', 'religion', 'vs', 'science', 'meaning', 'life', 'lines', 'expect', 'something', 'think', 'see', 'movie', 'psychological', 'philosophical', 'vote', '4', 'end', 'clears', 'bit', 'great', 'respect', 'bc', 'documentaries', 'couple', 'interesting', 'scenes', 'actually', 'gave', 'sense', 'brilliant', 'idea', 'add', 'movie', 'related', 'theory', 'evolution', 'bad', 'main', 'subject', 'ah', 'forgot', 'say', '1', 'hour', 'movie', 'quite', 'boring', 'way', 'cruel']"
seems run true form movie starring doll lundgren bad know fact storyline full holes doll bad actor spoiled seems overdue pushing shoving grafting touching thing movie opinion wonder projects find venture capital get theatre,negative,"['seems', 'run', 'true', 'form', 'movie', 'starring', 'doll', 'lundgren', 'bad', 'know', 'fact', 'storyline', 'full', 'holes', 'doll', 'bad', 'actor', 'spoiled', 'seems', 'overdue', 'pushing', 'shoving', 'grafting', 'touching', 'thing', 'movie', 'opinion', 'wonder', 'projects', 'find', 'venture', 'capital', 'get', 'theatre']"
baby always underrated likely pg rating instead usual r rating grief movie gets pg means take top takes top every movie though exciting action takes slow time screen thrill started like dolemite dneville martin heavy trying get shes father wages one woman war martin gang colonies best scene stupid limp car I still laughing thought would stupid pg rating wrong replaces sex violence blaxplotation film good,positive,"['baby', 'always', 'underrated', 'likely', 'pg', 'rating', 'instead', 'usual', 'r', 'rating', 'grief', 'movie', 'gets', 'pg', 'means', 'take', 'top', 'takes', 'top', 'every', 'movie', 'though', 'exciting', 'action', 'takes', 'slow', 'time', 'screen', 'thrill', 'started', 'like', 'dolemite', 'dneville', 'martin', 'heavy', 'trying', 'get', 'shes', 'father', 'wages', 'one', 'woman', 'war', 'martin', 'gang', 'colonies', 'best', 'scene', 'stupid', 'limp', 'car', 'I', 'still', 'laughing', 'thought', 'would', 'stupid', 'pg', 'rating', 'wrong', 'replaces', 'sex', 'violence', 'blaxplotation', 'film', 'good']"
pretty simplistic romance girl finds boy girl loves boy girl loses boy girl finds boy college moore outstanding ingredient recipe delivering wonderfully varied dramaticromantic performance well deserving oscar nom equally fine aerial combat special effectsmoore plays french girl whose mother turned field british aerial squadron www daughter regiment loved little sister mix comes fillin downed ulcer mary cooper first hate love entire squadron sent suicide mission cooper returns clashes village red cross unit removed moore searches told hospital dead wanders streets calls hospital window reunitedit nice little romance hardly recommended fan ms moore mr cooper,negative,"['pretty', 'simplistic', 'romance', 'girl', 'finds', 'boy', 'girl', 'loves', 'boy', 'girl', 'loses', 'boy', 'girl', 'finds', 'boy', 'college', 'moore', 'outstanding', 'ingredient', 'recipe', 'delivering', 'wonderfully', 'varied', 'dramaticromantic', 'performance', 'well', 'deserving', 'oscar', 'nom', 'equally', 'fine', 'aerial', 'combat', 'special', 'effectsmoore', 'plays', 'french', 'girl', 'whose', 'mother', 'turned', 'field', 'british', 'aerial', 'squadron', 'www', 'daughter', 'regiment', 'loved', 'little', 'sister', 'mix', 'comes', 'fillin', 'downed', 'ulcer', 'mary', 'cooper', 'first', 'hate', 'love', 'entire', 'squadron', 'sent', 'suicide', 'mission', 'cooper', 'returns', 'clashes', 'village', 'red', 'cross', 'unit', 'removed', 'moore', 'searches', 'told', 'hospital', 'dead', 'wanders', 'streets', 'calls', 'hospital', 'window', 'reunitedit', 'nice', 'little', 'romance', 'hardly', 'recommended', 'fan', 'ms', 'moore', 'mr', 'cooper']"
full moon high 1981 3 5 larry cohens stars adam akin ed mcmahon row kellytony akin average ordinary high school guy pressing big homecoming game girlfriend trouble growing hair strange places know usual hair strange places part gets wee bit control trip transylvania father yes mcmahon leaves wicked case furballs doomed walk world forever young werewolf adam get girlsfull moon high often talked silly entertaining horror spoon larry cohens q winged serpent stuff incorporated many gas possibly come writer director akin halloween 20 years later shows nice timing lead role happen fan spoons like airplane student bodies think fun chucklefelt,positive,"['full', 'moon', 'high', '1981', '3', '5', 'larry', 'cohens', 'stars', 'adam', 'akin', 'ed', 'mcmahon', 'row', 'kellytony', 'akin', 'average', 'ordinary', 'high', 'school', 'guy', 'pressing', 'big', 'homecoming', 'game', 'girlfriend', 'trouble', 'growing', 'hair', 'strange', 'places', 'know', 'usual', 'hair', 'strange', 'places', 'part', 'gets', 'wee', 'bit', 'control', 'trip', 'transylvania', 'father', 'yes', 'mcmahon', 'leaves', 'wicked', 'case', 'furballs', 'doomed', 'walk', 'world', 'forever', 'young', 'werewolf', 'adam', 'get', 'girlsfull', 'moon', 'high', 'often', 'talked', 'silly', 'entertaining', 'horror', 'spoon', 'larry', 'cohens', 'q', 'winged', 'serpent', 'stuff', 'incorporated', 'many', 'gas', 'possibly', 'come', 'writer', 'director', 'akin', 'halloween', '20', 'years', 'later', 'shows', 'nice', 'timing', 'lead', 'role', 'happen', 'fan', 'spoons', 'like', 'airplane', 'student', 'bodies', 'think', 'fun', 'chucklefelt']"
nominated oscar worst script ever opinion decent story ridiculous acting louse humor every means possible little self respect please waste time seeing movie although u see actors act leaves number watching precious braincells killed watching capi warned see movie,negative,"['nominated', 'oscar', 'worst', 'script', 'ever', 'opinion', 'decent', 'story', 'ridiculous', 'acting', 'louse', 'humor', 'every', 'means', 'possible', 'little', 'self', 'respect', 'please', 'waste', 'time', 'seeing', 'movie', 'although', 'u', 'see', 'actors', 'act', 'leaves', 'number', 'watching', 'precious', 'braincells', 'killed', 'watching', 'capi', 'warned', 'see', 'movie']"
hate admit find one hitchcocks best nonetheless rioting climate thrilled make hitchocks 1934 movie title dr ben mackenna james stewart  man knows much wife mackenna boris day holidaying morocco son hand christopher seen case mistaken identity caught web assassination plot conspirators go extreme lengths prevent interfering plot kidnapping beloved handi found surprising boris day usually associate rock hudson remedies cast hitchcock film watching soon realized family film compared hitchcocks works example psychic singing ability needed pull que sera sera beautifully well cast james stewart chemistry helped make couple believablein comparison great directors works believe good still exceedingly entertaining family thrilledmystery also added bonus que sera sera turned smash hit boris day well directed well acted fine film,positive,"['hate', 'admit', 'find', 'one', 'hitchcocks', 'best', 'nonetheless', 'rioting', 'climate', 'thrilled', 'make', 'hitchocks', '1934', 'movie', 'title', 'dr', 'ben', 'mackenna', 'james', 'stewart', '\x96', 'man', 'knows', 'much', 'wife', 'mackenna', 'boris', 'day', 'holidaying', 'morocco', 'son', 'hand', 'christopher', 'seen', 'case', 'mistaken', 'identity', 'caught', 'web', 'assassination', 'plot', 'conspirators', 'go', 'extreme', 'lengths', 'prevent', 'interfering', 'plot', 'kidnapping', 'beloved', 'handi', 'found', 'surprising', 'boris', 'day', 'usually', 'associate', 'rock', 'hudson', 'remedies', 'cast', 'hitchcock', 'film', 'watching', 'soon', 'realized', 'family', 'film', 'compared', 'hitchcocks', 'works', 'example', 'psychic', 'singing', 'ability', 'needed', 'pull', 'que', 'sera', 'sera', 'beautifully', 'well', 'cast', 'james', 'stewart', 'chemistry', 'helped', 'make', 'couple', 'believablein', 'comparison', 'great', 'directors', 'works', 'believe', 'good', 'still', 'exceedingly', 'entertaining', 'family', 'thrilledmystery', 'also', 'added', 'bonus', 'que', 'sera', 'sera', 'turned', 'smash', 'hit', 'boris', 'day', 'well', 'directed', 'well', 'acted', 'fine', 'film']"
read many comments shared remembering movie wanting badly see know name movie thankful search finding title site read comments left realized movie remembered search find movie thrilled able watch movie 40 years later site comments helped want thank want share able find movie looking copy well vs version wonderful world dinners call courage contained 2 moves second one legend boy eagle touched much 40 years ago copy think available vs found bay seen several copies enjoy know didit wonderful story love boy eagle took care time sacrifice eagle boy set eagle free could allow killed boy forced leave tribe punishment freeing eagle eagle saved boys life taught survive closeness boy eagle shared wilderness moving filling really remarkable wonderful era never seen anything come even close movie,positive,"['read', 'many', 'comments', 'shared', 'remembering', 'movie', 'wanting', 'badly', 'see', 'know', 'name', 'movie', 'thankful', 'search', 'finding', 'title', 'site', 'read', 'comments', 'left', 'realized', 'movie', 'remembered', 'search', 'find', 'movie', 'thrilled', 'able', 'watch', 'movie', '40', 'years', 'later', 'site', 'comments', 'helped', 'want', 'thank', 'want', 'share', 'able', 'find', 'movie', 'looking', 'copy', 'well', 'vs', 'version', 'wonderful', 'world', 'dinners', 'call', 'courage', 'contained', '2', 'moves', 'second', 'one', 'legend', 'boy', 'eagle', 'touched', 'much', '40', 'years', 'ago', 'copy', 'think', 'available', 'vs', 'found', 'bay', 'seen', 'several', 'copies', 'enjoy', 'know', 'didit', 'wonderful', 'story', 'love', 'boy', 'eagle', 'took', 'care', 'time', 'sacrifice', 'eagle', 'boy', 'set', 'eagle', 'free', 'could', 'allow', 'killed', 'boy', 'forced', 'leave', 'tribe', 'punishment', 'freeing', 'eagle', 'eagle', 'saved', 'boys', 'life', 'taught', 'survive', 'closeness', 'boy', 'eagle', 'shared', 'wilderness', 'moving', 'filling', 'really', 'remarkable', 'wonderful', 'era', 'never', 'seen', 'anything', 'come', 'even', 'close', 'movie']"
hardware wars lips everything star wars planning party need bit better anything wrong per se hardware wars spoon well,negative,"['hardware', 'wars', 'lips', 'everything', 'star', 'wars', 'planning', 'party', 'need', 'bit', 'better', 'anything', 'wrong', 'per', 'se', 'hardware', 'wars', 'spoon', 'well']"
movie made feel missed important scenes beginning continuity errors plots stopped abruptly started disappointed love whoopi goldberg dandy gloves addition always trusted respected dandy gloves taste choice roles grand canyon example could finish movie seemed eternity probably little hour turn comedy nothing characters make sympathize sympathize evoking emotion regarding movie clips past poorly edited confusing unnecessary could great idea movie even drama comedy although think comedy situation would better love watch white people freak start acting like complete idiot makes laugh became waste 1 credit video store,negative,"['movie', 'made', 'feel', 'missed', 'important', 'scenes', 'beginning', 'continuity', 'errors', 'plots', 'stopped', 'abruptly', 'started', 'disappointed', 'love', 'whoopi', 'goldberg', 'dandy', 'gloves', 'addition', 'always', 'trusted', 'respected', 'dandy', 'gloves', 'taste', 'choice', 'roles', 'grand', 'canyon', 'example', 'could', 'finish', 'movie', 'seemed', 'eternity', 'probably', 'little', 'hour', 'turn', 'comedy', 'nothing', 'characters', 'make', 'sympathize', 'sympathize', 'evoking', 'emotion', 'regarding', 'movie', 'clips', 'past', 'poorly', 'edited', 'confusing', 'unnecessary', 'could', 'great', 'idea', 'movie', 'even', 'drama', 'comedy', 'although', 'think', 'comedy', 'situation', 'would', 'better', 'love', 'watch', 'white', 'people', 'freak', 'start', 'acting', 'like', 'complete', 'idiot', 'makes', 'laugh', 'became', 'waste', '1', 'credit', 'video', 'store']"
used watch show little girl think remember vaguely ask good show two things remember vaguely opening sequence theme song addition everyone ideally cast also writing strong performances topgrade hope network brings back see every episode wrap I would like say I always remember show memory forever even though think I seen every episode conclusion network ever brings back hope catch one day goes air good,positive,"['used', 'watch', 'show', 'little', 'girl', 'think', 'remember', 'vaguely', 'ask', 'good', 'show', 'two', 'things', 'remember', 'vaguely', 'opening', 'sequence', 'theme', 'song', 'addition', 'everyone', 'ideally', 'cast', 'also', 'writing', 'strong', 'performances', 'topgrade', 'hope', 'network', 'brings', 'back', 'see', 'every', 'episode', 'wrap', 'I', 'would', 'like', 'say', 'I', 'always', 'remember', 'show', 'memory', 'forever', 'even', 'though', 'think', 'I', 'seen', 'every', 'episode', 'conclusion', 'network', 'ever', 'brings', 'back', 'hope', 'catch', 'one', 'day', 'goes', 'air', 'good']"
love trap short quite obviously full length feature film running time 105 minuteswhile I writing might well talk bit love trap I frequently asked makes love trap different respond question 1 introduces characters one particular never seen film period2 reveals truth love delve deeply concept love us film ever made humble opinion3 structurally way story told unlike love story ever seen4 offers extremely timely insight various cultural issues within outside black communityover time people come see love trap wholly original work possible era delightful refreshing authentic honest rare morality play full food thoughtplease visit complete accurate film,positive,"['love', 'trap', 'short', 'quite', 'obviously', 'full', 'length', 'feature', 'film', 'running', 'time', '105', 'minuteswhile', 'I', 'writing', 'might', 'well', 'talk', 'bit', 'love', 'trap', 'I', 'frequently', 'asked', 'makes', 'love', 'trap', 'different', 'respond', 'question', '1', 'introduces', 'characters', 'one', 'particular', 'never', 'seen', 'film', 'period2', 'reveals', 'truth', 'love', 'delve', 'deeply', 'concept', 'love', 'us', 'film', 'ever', 'made', 'humble', 'opinion3', 'structurally', 'way', 'story', 'told', 'unlike', 'love', 'story', 'ever', 'seen4', 'offers', 'extremely', 'timely', 'insight', 'various', 'cultural', 'issues', 'within', 'outside', 'black', 'communityover', 'time', 'people', 'come', 'see', 'love', 'trap', 'wholly', 'original', 'work', 'possible', 'era', 'delightful', 'refreshing', 'authentic', 'honest', 'rare', 'morality', 'play', 'full', 'food', 'thoughtplease', 'visit', 'complete', 'accurate', 'film']"
think summary sums found insane stupid also saw ending mile way everyone copying ending anymore totheater crossover anymore sometimes better let movie stand aloneothers better forget movie altogether one others,negative,"['think', 'summary', 'sums', 'found', 'insane', 'stupid', 'also', 'saw', 'ending', 'mile', 'way', 'everyone', 'copying', 'ending', 'anymore', 'totheater', 'crossover', 'anymore', 'sometimes', 'better', 'let', 'movie', 'stand', 'aloneothers', 'better', 'forget', 'movie', 'altogether', 'one', 'others']"
end days starts pretty well plays cop similar character rings lethal weapon story looks like kind aerial killer action thrilled good entertainmentsadly fails deliver good come expect gabriel borne expect chose roles carefully cast devil probably nearest portray lord darkness everthis movie gets little taft end sequence aside weak usually one worst I seen recent years chi better since early ninetiesquite simply good enough 410 watch expect much cause deliver,negative,"['end', 'days', 'starts', 'pretty', 'well', 'plays', 'cop', 'similar', 'character', 'rings', 'lethal', 'weapon', 'story', 'looks', 'like', 'kind', 'aerial', 'killer', 'action', 'thrilled', 'good', 'entertainmentsadly', 'fails', 'deliver', 'good', 'come', 'expect', 'gabriel', 'borne', 'expect', 'chose', 'roles', 'carefully', 'cast', 'devil', 'probably', 'nearest', 'portray', 'lord', 'darkness', 'everthis', 'movie', 'gets', 'little', 'taft', 'end', 'sequence', 'aside', 'weak', 'usually', 'one', 'worst', 'I', 'seen', 'recent', 'years', 'chi', 'better', 'since', 'early', 'ninetiesquite', 'simply', 'good', 'enough', '410', 'watch', 'expect', 'much', 'cause', 'deliver']"
dubbed another language let us face neither neilsen schwarzenegger really good actors comes diploe given camp lines supposed utter looseloose situation type voiceover sure improvement actually least german versionbut minor point acting bad seemed combat sequence pathetic neilsen could use sword fight way wet paper bag becomes painfully obvious compared fluidity motion exhibited kid martial arts training doubt athletics shown scandal beganschwarzenegger conan thing nothing new heresome visual nice I grant dragon skeleton bridge looks cool often plaster evidentoverall movie worth seeing even conan destroyed better although marginal would much rather seen began red sonya originally supposed doubt could saved movie oh well310,negative,"['dubbed', 'another', 'language', 'let', 'us', 'face', 'neither', 'neilsen', 'schwarzenegger', 'really', 'good', 'actors', 'comes', 'diploe', 'given', 'camp', 'lines', 'supposed', 'utter', 'looseloose', 'situation', 'type', 'voiceover', 'sure', 'improvement', 'actually', 'least', 'german', 'versionbut', 'minor', 'point', 'acting', 'bad', 'seemed', 'combat', 'sequence', 'pathetic', 'neilsen', 'could', 'use', 'sword', 'fight', 'way', 'wet', 'paper', 'bag', 'becomes', 'painfully', 'obvious', 'compared', 'fluidity', 'motion', 'exhibited', 'kid', 'martial', 'arts', 'training', 'doubt', 'athletics', 'shown', 'scandal', 'beganschwarzenegger', 'conan', 'thing', 'nothing', 'new', 'heresome', 'visual', 'nice', 'I', 'grant', 'dragon', 'skeleton', 'bridge', 'looks', 'cool', 'often', 'plaster', 'evidentoverall', 'movie', 'worth', 'seeing', 'even', 'conan', 'destroyed', 'better', 'although', 'marginal', 'would', 'much', 'rather', 'seen', 'began', 'red', 'sonya', 'originally', 'supposed', 'doubt', 'could', 'saved', 'movie', 'oh', 'well310']"
movie nominated best picture lost casablanca paul lupus beat humphrey bogart best actor see futile watson nominated best supporting actor think good job better davis paul lupus three kiss leaving mexico coming united states first scene movie going train daviss relatives house davis lupus underground stop paris tired need rest arrive home nasi living much either turns nasi cares money willing make deal lupus plot find,positive,"['movie', 'nominated', 'best', 'picture', 'lost', 'casablanca', 'paul', 'lupus', 'beat', 'humphrey', 'bogart', 'best', 'actor', 'see', 'futile', 'watson', 'nominated', 'best', 'supporting', 'actor', 'think', 'good', 'job', 'better', 'davis', 'paul', 'lupus', 'three', 'kiss', 'leaving', 'mexico', 'coming', 'united', 'states', 'first', 'scene', 'movie', 'going', 'train', 'daviss', 'relatives', 'house', 'davis', 'lupus', 'underground', 'stop', 'paris', 'tired', 'need', 'rest', 'arrive', 'home', 'nasi', 'living', 'much', 'either', 'turns', 'nasi', 'cares', 'money', 'willing', 'make', 'deal', 'lupus', 'plot', 'find']"
hit time better categories australian cult film humour broad subtle final scene bc studio fire extinguished printing crude contains every caleche traditional australian pilgrimage old country every caleche rapacious stuck whining tory writs would acceptable british strong cast well known actors australians generation get humour americans forget language jokes australian dialect english unintelligible,positive,"['hit', 'time', 'better', 'categories', 'australian', 'cult', 'film', 'humour', 'broad', 'subtle', 'final', 'scene', 'bc', 'studio', 'fire', 'extinguished', 'printing', 'crude', 'contains', 'every', 'caleche', 'traditional', 'australian', 'pilgrimage', 'old', 'country', 'every', 'caleche', 'rapacious', 'stuck', 'whining', 'tory', 'writs', 'would', 'acceptable', 'british', 'strong', 'cast', 'well', 'known', 'actors', 'australians', 'generation', 'get', 'humour', 'americans', 'forget', 'language', 'jokes', 'australian', 'dialect', 'english', 'unintelligible']"
finally thought someone going justice hg wellss classic another version set wrong local era one based firmly book well definitely follows book pretty closely plus messthis 180 mins yes 3 hours long book around 150 pages timothy lines nerve come say better would say yes could never used video camera sort drama school lifei paid good money get cap us make mistake,negative,"['finally', 'thought', 'someone', 'going', 'justice', 'hg', 'wellss', 'classic', 'another', 'version', 'set', 'wrong', 'local', 'era', 'one', 'based', 'firmly', 'book', 'well', 'definitely', 'follows', 'book', 'pretty', 'closely', 'plus', 'messthis', '180', 'mins', 'yes', '3', 'hours', 'long', 'book', 'around', '150', 'pages', 'timothy', 'lines', 'nerve', 'come', 'say', 'better', 'would', 'say', 'yes', 'could', 'never', 'used', 'video', 'camera', 'sort', 'drama', 'school', 'lifei', 'paid', 'good', 'money', 'get', 'cap', 'us', 'make', 'mistake']"
first mexican werewolf texas title misleading many others pointed actually el chupacabra similar creature werewolf means samethe production editing plain suck probably would able give accurate description exactly chupacabra looked like whenever scenedespite one two exceptions camera turned shake could see monsters face clearly special effects laughably bad expected low budget horror moviealong terrible production comes bad actors couple give fairly plausible performanceserie may marine hughes bad actorseverybody else seemed emotions whatsoever people died absolutely terrible actorsera prison gives one 2 worst performances I ever seen movie mean god indescribable badthe plot simple basically chupacabra small texan town killing local residents group tens look stop however even plot simple plot holes managed leak throughanyway horrible movie however looking movie make fun laugh friends one night would pretty good one friends good time watching probably worst movie I ever seen 110 awful,negative,"['first', 'mexican', 'werewolf', 'texas', 'title', 'misleading', 'many', 'others', 'pointed', 'actually', 'el', 'chupacabra', 'similar', 'creature', 'werewolf', 'means', 'samethe', 'production', 'editing', 'plain', 'suck', 'probably', 'would', 'able', 'give', 'accurate', 'description', 'exactly', 'chupacabra', 'looked', 'like', 'whenever', 'scenedespite', 'one', 'two', 'exceptions', 'camera', 'turned', 'shake', 'could', 'see', 'monsters', 'face', 'clearly', 'special', 'effects', 'laughably', 'bad', 'expected', 'low', 'budget', 'horror', 'moviealong', 'terrible', 'production', 'comes', 'bad', 'actors', 'couple', 'give', 'fairly', 'plausible', 'performanceserie', 'may', 'marine', 'hughes', 'bad', 'actorseverybody', 'else', 'seemed', 'emotions', 'whatsoever', 'people', 'died', 'absolutely', 'terrible', 'actorsera', 'prison', 'gives', 'one', '2', 'worst', 'performances', 'I', 'ever', 'seen', 'movie', 'mean', 'god', 'indescribable', 'badthe', 'plot', 'simple', 'basically', 'chupacabra', 'small', 'texan', 'town', 'killing', 'local', 'residents', 'group', 'tens', 'look', 'stop', 'however', 'even', 'plot', 'simple', 'plot', 'holes', 'managed', 'leak', 'throughanyway', 'horrible', 'movie', 'however', 'looking', 'movie', 'make', 'fun', 'laugh', 'friends', 'one', 'night', 'would', 'pretty', 'good', 'one', 'friends', 'good', 'time', 'watching', 'probably', 'worst', 'movie', 'I', 'ever', 'seen', '110', 'awful']"
typical teenager movie one best beside story good music well accompany movie along although enjoy classic movie unless classic better written script one exceptional maybe hair style language change bit 80s believe offensive language still rarely heard,positive,"['typical', 'teenager', 'movie', 'one', 'best', 'beside', 'story', 'good', 'music', 'well', 'accompany', 'movie', 'along', 'although', 'enjoy', 'classic', 'movie', 'unless', 'classic', 'better', 'written', 'script', 'one', 'exceptional', 'maybe', 'hair', 'style', 'language', 'change', 'bit', '80s', 'believe', 'offensive', 'language', 'still', 'rarely', 'heard']"
nice madman fantastic would pay see hear read moscow phone book know may speaking russian movie four principals excellent movie number good images better scenes held together nothingwhile one always ready suspend disbelieve watching movie one asks much viewer could funny parts quite frightening one scene director seem know way go,positive,"['nice', 'madman', 'fantastic', 'would', 'pay', 'see', 'hear', 'read', 'moscow', 'phone', 'book', 'know', 'may', 'speaking', 'russian', 'movie', 'four', 'principals', 'excellent', 'movie', 'number', 'good', 'images', 'better', 'scenes', 'held', 'together', 'nothingwhile', 'one', 'always', 'ready', 'suspend', 'disbelieve', 'watching', 'movie', 'one', 'asks', 'much', 'viewer', 'could', 'funny', 'parts', 'quite', 'frightening', 'one', 'scene', 'director', 'seem', 'know', 'way', 'go']"
nothing could saved movie even shermanten years ago special effects would amazing better directing might gotten feeling better performances actors nothing feeding script dragon could fixed plot holes bad lines terrible pacing endless replying shots chi dragon stopping always ughavoid one costs,negative,"['nothing', 'could', 'saved', 'movie', 'even', 'shermanten', 'years', 'ago', 'special', 'effects', 'would', 'amazing', 'better', 'directing', 'might', 'gotten', 'feeling', 'better', 'performances', 'actors', 'nothing', 'feeding', 'script', 'dragon', 'could', 'fixed', 'plot', 'holes', 'bad', 'lines', 'terrible', 'pacing', 'endless', 'replying', 'shots', 'chi', 'dragon', 'stopping', 'always', 'ughavoid', 'one', 'costs']"
golden child eddies murphys first film since megahit every hills cop even though good cop fun comic adventure murphy stars finder lost children assigned unusual case assignment find title character child mystical powers movie could title every hills cop temple doom since parts movie plays like spielbergian adventure kind like indiana jones comedy got comedy laughs adventure special effects lots fun four,positive,"['golden', 'child', 'eddies', 'murphys', 'first', 'film', 'since', 'megahit', 'every', 'hills', 'cop', 'even', 'though', 'good', 'cop', 'fun', 'comic', 'adventure', 'murphy', 'stars', 'finder', 'lost', 'children', 'assigned', 'unusual', 'case', 'assignment', 'find', 'title', 'character', 'child', 'mystical', 'powers', 'movie', 'could', 'title', 'every', 'hills', 'cop', 'temple', 'doom', 'since', 'parts', 'movie', 'plays', 'like', 'spielbergian', 'adventure', 'kind', 'like', 'indiana', 'jones', 'comedy', 'got', 'comedy', 'laughs', 'adventure', 'special', 'effects', 'lots', 'fun', 'four']"
I start relating first encounter princes music bar birthday girl dancing bare breasted 1999 playing speakers asked people singer told prince good distracted beautiful hopeless dancer later started hearing prince songs really digging purple rain came still knew little fellow minnesota movie blew away instantly became princes 1 fan war baby generation later found one cousins secretary got nephew vip prince concert sat next motherhow cool getting back topic hand agree sister exert called purple rain instant classic seen 17 times absolutely love thought princes acting fine apollon struggled bit acting fine john gielgud available play kid prince took role film usually stunning brilliantly paced never gets slow terrifically directed rank among best movie musical time last time watched 7 year gap still delivered proud fellow minnesota prince rogers nelson would love tell personally walked right front mentioned concert said hi nephew chatting mon bit crushed still 1,positive,"['I', 'start', 'relating', 'first', 'encounter', 'princes', 'music', 'bar', 'birthday', 'girl', 'dancing', 'bare', 'breasted', '1999', 'playing', 'speakers', 'asked', 'people', 'singer', 'told', 'prince', 'good', 'distracted', 'beautiful', 'hopeless', 'dancer', 'later', 'started', 'hearing', 'prince', 'songs', 'really', 'digging', 'purple', 'rain', 'came', 'still', 'knew', 'little', 'fellow', 'minnesota', 'movie', 'blew', 'away', 'instantly', 'became', 'princes', '1', 'fan', 'war', 'baby', 'generation', 'later', 'found', 'one', 'cousins', 'secretary', 'got', 'nephew', 'vip', 'prince', 'concert', 'sat', 'next', 'motherhow', 'cool', 'getting', 'back', 'topic', 'hand', 'agree', 'sister', 'exert', 'called', 'purple', 'rain', 'instant', 'classic', 'seen', '17', 'times', 'absolutely', 'love', 'thought', 'princes', 'acting', 'fine', 'apollon', 'struggled', 'bit', 'acting', 'fine', 'john', 'gielgud', 'available', 'play', 'kid', 'prince', 'took', 'role', 'film', 'usually', 'stunning', 'brilliantly', 'paced', 'never', 'gets', 'slow', 'terrifically', 'directed', 'rank', 'among', 'best', 'movie', 'musical', 'time', 'last', 'time', 'watched', '7', 'year', 'gap', 'still', 'delivered', 'proud', 'fellow', 'minnesota', 'prince', 'rogers', 'nelson', 'would', 'love', 'tell', 'personally', 'walked', 'right', 'front', 'mentioned', 'concert', 'said', 'hi', 'nephew', 'chatting', 'mon', 'bit', 'crushed', 'still', '1']"
1997 lowkey india remedy henry fool would seemingly secure choice moves one would bother visit sequel rumpled dissipated drifted thomas jay ran stroll town anarchists granting delusions inspire needy garage collector james urbanity write poems henry halfheartily tries brink guys sister parker pose poet prosper henry decline nothing special characters story pitch harold maudes ghost would quoted higher odds ever making screenbut parker pose semiofficial queen indies nothing writerdirector harley came new inclination cast film born though catch characters many years completely different sort dark comedy ones laced espionage henry may international spy possible double even triple agent years meeting others either dead hiding agents authorities many countries everyone wants rambling incoherent journal may contain code secrets could destabilize nations economies poses may either wife left go widow depending telling truth mays efforts find henry andor hotlycontested journals include globetrotting gauntlet multinational hitpersons frenchmen every turn never knows believe trust wewhile harding unlikely characters jason bornejack ran territory harleys script retains ironic deadpan humor first appearance sneering clear slapstick exposing physical menace sly sampson paranoia duplicity musicalchairs alliances todays geopolitics starts rumble towards end even fan first movie pleasantly surprised novelty harleys recalling methods 51807,positive,"['1997', 'lowkey', 'india', 'remedy', 'henry', 'fool', 'would', 'seemingly', 'secure', 'choice', 'moves', 'one', 'would', 'bother', 'visit', 'sequel', 'rumpled', 'dissipated', 'drifted', 'thomas', 'jay', 'ran', 'stroll', 'town', 'anarchists', 'granting', 'delusions', 'inspire', 'needy', 'garage', 'collector', 'james', 'urbanity', 'write', 'poems', 'henry', 'halfheartily', 'tries', 'brink', 'guys', 'sister', 'parker', 'pose', 'poet', 'prosper', 'henry', 'decline', 'nothing', 'special', 'characters', 'story', 'pitch', 'harold', 'maudes', 'ghost', 'would', 'quoted', 'higher', 'odds', 'ever', 'making', 'screenbut', 'parker', 'pose', 'semiofficial', 'queen', 'indies', 'nothing', 'writerdirector', 'harley', 'came', 'new', 'inclination', 'cast', 'film', 'born', 'though', 'catch', 'characters', 'many', 'years', 'completely', 'different', 'sort', 'dark', 'comedy', 'ones', 'laced', 'espionage', 'henry', 'may', 'international', 'spy', 'possible', 'double', 'even', 'triple', 'agent', 'years', 'meeting', 'others', 'either', 'dead', 'hiding', 'agents', 'authorities', 'many', 'countries', 'everyone', 'wants', 'rambling', 'incoherent', 'journal', 'may', 'contain', 'code', 'secrets', 'could', 'destabilize', 'nations', 'economies', 'poses', 'may', 'either', 'wife', 'left', 'go', 'widow', 'depending', 'telling', 'truth', 'mays', 'efforts', 'find', 'henry', 'andor', 'hotlycontested', 'journals', 'include', 'globetrotting', 'gauntlet', 'multinational', 'hitpersons', 'frenchmen', 'every', 'turn', 'never', 'knows', 'believe', 'trust', 'wewhile', 'harding', 'unlikely', 'characters', 'jason', 'bornejack', 'ran', 'territory', 'harleys', 'script', 'retains', 'ironic', 'deadpan', 'humor', 'first', 'appearance', 'sneering', 'clear', 'slapstick', 'exposing', 'physical', 'menace', 'sly', 'sampson', 'paranoia', 'duplicity', 'musicalchairs', 'alliances', 'todays', 'geopolitics', 'starts', 'rumble', 'towards', 'end', 'even', 'fan', 'first', 'movie', 'pleasantly', 'surprised', 'novelty', 'harleys', 'recalling', 'methods', '51807']"
caddyshack ii one pictures makes ask funded made released public domainto say least bad film serves little purpose underline superior sequel setting almost identical set characters similar storyline new money land developer attempts buy establishments golf course sanctuary right bat making followup whole 8 years original somewhat bizarre mean going cash highly successful picture first one window years leaving 8 years means formula hardly fresh enough simply follow poor imitation sort obliged reward fan original giving least reference indeed actual contributions actors made first one memorable little thisinstead get cheap limitations okay passing ted knight interim years would made impossible bring back memorable judge mails robert sticks inclusion candle young fellow elicit akin mails character imaginative seriously lacking sort anarchy frustration made knights turn watchable jacket masons jack hartounian feeble attempt retreating non stop wisecracks delivered al czervik money dangerfield character first dangerfields role endless suitable masons completely forgettable bill murrays laughably ridiculous groundskeeper carl speckled war attention sky local golfer substituted ghostbusters costar dan ackroyds role militant cap tom everett high pitched voice splints sides frustration opposed intended laughterbrandy quand brilliant cousin ed national sampsons vacation series quite opposite playing hartounians unstable lawyer looks disbelieve shown actors looking quands characters intended hilarious acts inappropriate violence echo audience laughing asking hell doingthey chase shows occasionally wisely rather fleeting considering disaster perpetuating around himas club pro web films direct reference original withstanding golf course deeply manned skin loud hawaiian shirts chase looks like got back lengthy summer vacation needs paycheck distances events actual picture enough takes little blame leaves little credibility still intact jessica land masons daughter kate takes dandy noon role original teenager struggling class divides sounds ridiculous least first dandy irish catholic blue collar family laughable attempts make inroads whiteanglosaxonprotestant dominated world golf club shakes played memorable set pieces dismissed resident lutheran bishop well mocked offspring local yacht club lands embarrassment fathers inability fitin hinted jewish roots aside may also classes moon intricacys swept aside though stopped daring long resolved end day noon trying get ahead life miss hartounians biggest problem getting wobbers local golf club like multimillionaire father get date clubs prodigal white kid gathered anyway summation poorly written badly scraped lame set pieces wastes lot talent indeed buds able sit conclusion really penance question mark though many original actors return opposed replaced performer paper least looked equals maybe asked perhaps suspect actually read script stick original,negative,"['caddyshack', 'ii', 'one', 'pictures', 'makes', 'ask', 'funded', 'made', 'released', 'public', 'domainto', 'say', 'least', 'bad', 'film', 'serves', 'little', 'purpose', 'underline', 'superior', 'sequel', 'setting', 'almost', 'identical', 'set', 'characters', 'similar', 'storyline', 'new', 'money', 'land', 'developer', 'attempts', 'buy', 'establishments', 'golf', 'course', 'sanctuary', 'right', 'bat', 'making', 'followup', 'whole', '8', 'years', 'original', 'somewhat', 'bizarre', 'mean', 'going', 'cash', 'highly', 'successful', 'picture', 'first', 'one', 'window', 'years', 'leaving', '8', 'years', 'means', 'formula', 'hardly', 'fresh', 'enough', 'simply', 'follow', 'poor', 'imitation', 'sort', 'obliged', 'reward', 'fan', 'original', 'giving', 'least', 'reference', 'indeed', 'actual', 'contributions', 'actors', 'made', 'first', 'one', 'memorable', 'little', 'thisinstead', 'get', 'cheap', 'limitations', 'okay', 'passing', 'ted', 'knight', 'interim', 'years', 'would', 'made', 'impossible', 'bring', 'back', 'memorable', 'judge', 'mails', 'robert', 'sticks', 'inclusion', 'candle', 'young', 'fellow', 'elicit', 'akin', 'mails', 'character', 'imaginative', 'seriously', 'lacking', 'sort', 'anarchy', 'frustration', 'made', 'knights', 'turn', 'watchable', 'jacket', 'masons', 'jack', 'hartounian', 'feeble', 'attempt', 'retreating', 'non', 'stop', 'wisecracks', 'delivered', 'al', 'czervik', 'money', 'dangerfield', 'character', 'first', 'dangerfields', 'role', 'endless', 'suitable', 'masons', 'completely', 'forgettable', 'bill', 'murrays', 'laughably', 'ridiculous', 'groundskeeper', 'carl', 'speckled', 'war', 'attention', 'sky', 'local', 'golfer', 'substituted', 'ghostbusters', 'costar', 'dan', 'ackroyds', 'role', 'militant', 'cap', 'tom', 'everett', 'high', 'pitched', 'voice', 'splints', 'sides', 'frustration', 'opposed', 'intended', 'laughterbrandy', 'quand', 'brilliant', 'cousin', 'ed', 'national', 'sampsons', 'vacation', 'series', 'quite', 'opposite', 'playing', 'hartounians', 'unstable', 'lawyer', 'looks', 'disbelieve', 'shown', 'actors', 'looking', 'quands', 'characters', 'intended', 'hilarious', 'acts', 'inappropriate', 'violence', 'echo', 'audience', 'laughing', 'asking', 'hell', 'doingthey', 'chase', 'shows', 'occasionally', 'wisely', 'rather', 'fleeting', 'considering', 'disaster', 'perpetuating', 'around', 'himas', 'club', 'pro', 'web', 'films', 'direct', 'reference', 'original', 'withstanding', 'golf', 'course', 'deeply', 'manned', 'skin', 'loud', 'hawaiian', 'shirts', 'chase', 'looks', 'like', 'got', 'back', 'lengthy', 'summer', 'vacation', 'needs', 'paycheck', 'distances', 'events', 'actual', 'picture', 'enough', 'takes', 'little', 'blame', 'leaves', 'little', 'credibility', 'still', 'intact', 'jessica', 'land', 'masons', 'daughter', 'kate', 'takes', 'dandy', 'noon', 'role', 'original', 'teenager', 'struggling', 'class', 'divides', 'sounds', 'ridiculous', 'least', 'first', 'dandy', 'irish', 'catholic', 'blue', 'collar', 'family', 'laughable', 'attempts', 'make', 'inroads', 'whiteanglosaxonprotestant', 'dominated', 'world', 'golf', 'club', 'shakes', 'played', 'memorable', 'set', 'pieces', 'dismissed', 'resident', 'lutheran', 'bishop', 'well', 'mocked', 'offspring', 'local', 'yacht', 'club', 'lands', 'embarrassment', 'fathers', 'inability', 'fitin', 'hinted', 'jewish', 'roots', 'aside', 'may', 'also', 'classes', 'moon', 'intricacys', 'swept', 'aside', 'though', 'stopped', 'daring', 'long', 'resolved', 'end', 'day', 'noon', 'trying', 'get', 'ahead', 'life', 'miss', 'hartounians', 'biggest', 'problem', 'getting', 'wobbers', 'local', 'golf', 'club', 'like', 'multimillionaire', 'father', 'get', 'date', 'clubs', 'prodigal', 'white', 'kid', 'gathered', 'anyway', 'summation', 'poorly', 'written', 'badly', 'scraped', 'lame', 'set', 'pieces', 'wastes', 'lot', 'talent', 'indeed', 'buds', 'able', 'sit', 'conclusion', 'really', 'penance', 'question', 'mark', 'though', 'many', 'original', 'actors', 'return', 'opposed', 'replaced', 'performer', 'paper', 'least', 'looked', 'equals', 'maybe', 'asked', 'perhaps', 'suspect', 'actually', 'read', 'script', 'stick', 'original']"
every time watch film really makes anna go good night mate uses weekend landed speech psychic going isometimes film great debut writerdirector well done matethe acting great characters believable larger life weird scenes joy watch lips running mr floppy flashbacksexplanationsvisualizations great scene huuuuuuuge pub everyone stands starts singing mock national laugh loads comedy howard marks stiff politics speech hilariousoh god need see mind felt film somewhat glorify use ecstasy hey truth matter eh least film shy away fact suppose film carry decent message well take life seriously let hair sometime course chat pub tries explain mates coming drugs sure reminder come downs outway good times know partys overthis times clever film use camera lighting etc realised piece cinema great feelgood tale mates love clubs drugsget gutta rat race people8enjoy,positive,"['every', 'time', 'watch', 'film', 'really', 'makes', 'anna', 'go', 'good', 'night', 'mate', 'uses', 'weekend', 'landed', 'speech', 'psychic', 'going', 'isometimes', 'film', 'great', 'debut', 'writerdirector', 'well', 'done', 'matethe', 'acting', 'great', 'characters', 'believable', 'larger', 'life', 'weird', 'scenes', 'joy', 'watch', 'lips', 'running', 'mr', 'floppy', 'flashbacksexplanationsvisualizations', 'great', 'scene', 'huuuuuuuge', 'pub', 'everyone', 'stands', 'starts', 'singing', 'mock', 'national', 'laugh', 'loads', 'comedy', 'howard', 'marks', 'stiff', 'politics', 'speech', 'hilariousoh', 'god', 'need', 'see', 'mind', 'felt', 'film', 'somewhat', 'glorify', 'use', 'ecstasy', 'hey', 'truth', 'matter', 'eh', 'least', 'film', 'shy', 'away', 'fact', 'suppose', 'film', 'carry', 'decent', 'message', 'well', 'take', 'life', 'seriously', 'let', 'hair', 'sometime', 'course', 'chat', 'pub', 'tries', 'explain', 'mates', 'coming', 'drugs', 'sure', 'reminder', 'come', 'downs', 'outway', 'good', 'times', 'know', 'partys', 'overthis', 'times', 'clever', 'film', 'use', 'camera', 'lighting', 'etc', 'realised', 'piece', 'cinema', 'great', 'feelgood', 'tale', 'mates', 'love', 'clubs', 'drugsget', 'gutta', 'rat', 'race', 'people8enjoy']"
rate movie awful 1 watching trailer thought movie could pretty cool guaranteed offendeveryone trailer said wellit offend movie really sucks hardly comedy laughed two seconds entire movie days movie I gay problem point adding many gayscenes called comedy movie scenes absolutely funny guess director gay man denial something like thatso advice want waste good money go rent good comedy already seen million times better watching mother louse comedys really total cap,negative,"['rate', 'movie', 'awful', '1', 'watching', 'trailer', 'thought', 'movie', 'could', 'pretty', 'cool', 'guaranteed', 'offendeveryone', 'trailer', 'said', 'wellit', 'offend', 'movie', 'really', 'sucks', 'hardly', 'comedy', 'laughed', 'two', 'seconds', 'entire', 'movie', 'days', 'movie', 'I', 'gay', 'problem', 'point', 'adding', 'many', 'gayscenes', 'called', 'comedy', 'movie', 'scenes', 'absolutely', 'funny', 'guess', 'director', 'gay', 'man', 'denial', 'something', 'like', 'thatso', 'advice', 'want', 'waste', 'good', 'money', 'go', 'rent', 'good', 'comedy', 'already', 'seen', 'million', 'times', 'better', 'watching', 'mother', 'louse', 'comedys', 'really', 'total', 'cap']"
still doubt horrible movie worse movie ever saw actors painful impossible get textdo waist time movie submitting comment agreeing terms laid copyright statement submission must original work comments normally posted site within 23 business days comments meet guideline posted please write english html boards markup supported though paragraph breaks inserted leave blank line paragraphby submitting comment agreeing terms laid copyright statement submission must original work comments normally posted site within 23 business days comments meet guideline posted please write english html boards markup supported though paragraph breaks inserted leave blank line paragraph,negative,"['still', 'doubt', 'horrible', 'movie', 'worse', 'movie', 'ever', 'saw', 'actors', 'painful', 'impossible', 'get', 'textdo', 'waist', 'time', 'movie', 'submitting', 'comment', 'agreeing', 'terms', 'laid', 'copyright', 'statement', 'submission', 'must', 'original', 'work', 'comments', 'normally', 'posted', 'site', 'within', '23', 'business', 'days', 'comments', 'meet', 'guideline', 'posted', 'please', 'write', 'english', 'html', 'boards', 'markup', 'supported', 'though', 'paragraph', 'breaks', 'inserted', 'leave', 'blank', 'line', 'paragraphby', 'submitting', 'comment', 'agreeing', 'terms', 'laid', 'copyright', 'statement', 'submission', 'must', 'original', 'work', 'comments', 'normally', 'posted', 'site', 'within', '23', 'business', 'days', 'comments', 'meet', 'guideline', 'posted', 'please', 'write', 'english', 'html', 'boards', 'markup', 'supported', 'though', 'paragraph', 'breaks', 'inserted', 'leave', 'blank', 'line', 'paragraph']"
horrormovie fan try watch significant novelties gene especially products native cinema say power fear vera russian title one nearest film among firstly scar even little kid paces slowly predictable place real horror frankly speaking bad points good plot know russian producersdirector decided transform classic story ukrainian witchcraft lame ridiculous moderndayamerica thrilled absolutely agree previous reviewed  thrill bit terrible cheese actors work actors including leading valet nikolayev yevgeniya kryukova quite famous russia look like wooden dolls something like seems even bother play spoke english lines without expression end really understand filled flick english russian actors think wrong turn least could cast american english actors leading parts make look convincing say called small american town background shot esthonia look like positive moment found power fear visual effects excellent rather good russian film music ok least irritate give two stars overall want see good horror film  waste time money boring flick looking something claims russian horror I would advise find copy vi spirit evil really terrific movie based novel power fear much much better,negative,"['horrormovie', 'fan', 'try', 'watch', 'significant', 'novelties', 'gene', 'especially', 'products', 'native', 'cinema', 'say', 'power', 'fear', 'vera', 'russian', 'title', 'one', 'nearest', 'film', 'among', 'firstly', 'scar', 'even', 'little', 'kid', 'paces', 'slowly', 'predictable', 'place', 'real', 'horror', 'frankly', 'speaking', 'bad', 'points', 'good', 'plot', 'know', 'russian', 'producersdirector', 'decided', 'transform', 'classic', 'story', 'ukrainian', 'witchcraft', 'lame', 'ridiculous', 'moderndayamerica', 'thrilled', 'absolutely', 'agree', 'previous', 'reviewed', '\x96', 'thrill', 'bit', 'terrible', 'cheese', 'actors', 'work', 'actors', 'including', 'leading', 'valet', 'nikolayev', 'yevgeniya', 'kryukova', 'quite', 'famous', 'russia', 'look', 'like', 'wooden', 'dolls', 'something', 'like', 'seems', 'even', 'bother', 'play', 'spoke', 'english', 'lines', 'without', 'expression', 'end', 'really', 'understand', 'filled', 'flick', 'english', 'russian', 'actors', 'think', 'wrong', 'turn', 'least', 'could', 'cast', 'american', 'english', 'actors', 'leading', 'parts', 'make', 'look', 'convincing', 'say', 'called', 'small', 'american', 'town', 'background', 'shot', 'esthonia', 'look', 'like', 'positive', 'moment', 'found', 'power', 'fear', 'visual', 'effects', 'excellent', 'rather', 'good', 'russian', 'film', 'music', 'ok', 'least', 'irritate', 'give', 'two', 'stars', 'overall', 'want', 'see', 'good', 'horror', 'film', '\x96', 'waste', 'time', 'money', 'boring', 'flick', 'looking', 'something', 'claims', 'russian', 'horror', 'I', 'would', 'advise', 'find', 'copy', 'vi', 'spirit', 'evil', 'really', 'terrific', 'movie', 'based', 'novel', 'power', 'fear', 'much', 'much', 'better']"
wonderful movie I seen twice I looking ever I would buy could find sad shows three things much man love woman hard people want something hard people work overcome limitations,positive,"['wonderful', 'movie', 'I', 'seen', 'twice', 'I', 'looking', 'ever', 'I', 'would', 'buy', 'could', 'find', 'sad', 'shows', 'three', 'things', 'much', 'man', 'love', 'woman', 'hard', 'people', 'want', 'something', 'hard', 'people', 'work', 'overcome', 'limitations']"
shame really rarely watch film left feeling disappointed end I seen quite era levis adaptations rosarys baby stopford wives liked appeal mewhen read plot outline award winning playwright michael maine decides murder one former pupils christopher nerve steel script success excited like tillers michael maines good actor sidney lumens good director era levis work generally goodi spoil anyone seen yet I would say loads twists turns many kind hard explain films plot line detail without giving away enjoyed first 45 minutes twists turns began occur point interest enjoyment began fade though give lumen credit amusing ending make laugh loudthe main cast michael maine christopher nerve dan cannon irene worth brilliant roles though worths obvious face russian accent got nerves slightly nothing personal irene think actors face accent would irritate sure cannons character meant annoying funny dan managed annoy amuse timeanyone reading want putoff watching views give chance may like may opinion,negative,"['shame', 'really', 'rarely', 'watch', 'film', 'left', 'feeling', 'disappointed', 'end', 'I', 'seen', 'quite', 'era', 'levis', 'adaptations', 'rosarys', 'baby', 'stopford', 'wives', 'liked', 'appeal', 'mewhen', 'read', 'plot', 'outline', 'award', 'winning', 'playwright', 'michael', 'maine', 'decides', 'murder', 'one', 'former', 'pupils', 'christopher', 'nerve', 'steel', 'script', 'success', 'excited', 'like', 'tillers', 'michael', 'maines', 'good', 'actor', 'sidney', 'lumens', 'good', 'director', 'era', 'levis', 'work', 'generally', 'goodi', 'spoil', 'anyone', 'seen', 'yet', 'I', 'would', 'say', 'loads', 'twists', 'turns', 'many', 'kind', 'hard', 'explain', 'films', 'plot', 'line', 'detail', 'without', 'giving', 'away', 'enjoyed', 'first', '45', 'minutes', 'twists', 'turns', 'began', 'occur', 'point', 'interest', 'enjoyment', 'began', 'fade', 'though', 'give', 'lumen', 'credit', 'amusing', 'ending', 'make', 'laugh', 'loudthe', 'main', 'cast', 'michael', 'maine', 'christopher', 'nerve', 'dan', 'cannon', 'irene', 'worth', 'brilliant', 'roles', 'though', 'worths', 'obvious', 'face', 'russian', 'accent', 'got', 'nerves', 'slightly', 'nothing', 'personal', 'irene', 'think', 'actors', 'face', 'accent', 'would', 'irritate', 'sure', 'cannons', 'character', 'meant', 'annoying', 'funny', 'dan', 'managed', 'annoy', 'amuse', 'timeanyone', 'reading', 'want', 'putoff', 'watching', 'views', 'give', 'chance', 'may', 'like', 'may', 'opinion']"
first saw movie little kid fell love really make moves like anymorei watch slightly older still love humour perfect fits movie really well gas kind childish make adults laugh welland kiss movie really rare animation amazing watch handdrawn animation real breath fresh air computer animation see today background stunning coloring amazingthe characters kind characters fall love moment start watching girls think chipmunks adorable guns think chipettes really kind sexthe songs fun listen really make anna cry get dance also fun watch visual humor go along voice acting great doubt even voice acting high pitch interesting thing popped one songs movie slowed show real voices behind really kind fun watch see movie store somewhere rent say check really worth seeing perfect family movie absolutely amazing words express movie,positive,"['first', 'saw', 'movie', 'little', 'kid', 'fell', 'love', 'really', 'make', 'moves', 'like', 'anymorei', 'watch', 'slightly', 'older', 'still', 'love', 'humour', 'perfect', 'fits', 'movie', 'really', 'well', 'gas', 'kind', 'childish', 'make', 'adults', 'laugh', 'welland', 'kiss', 'movie', 'really', 'rare', 'animation', 'amazing', 'watch', 'handdrawn', 'animation', 'real', 'breath', 'fresh', 'air', 'computer', 'animation', 'see', 'today', 'background', 'stunning', 'coloring', 'amazingthe', 'characters', 'kind', 'characters', 'fall', 'love', 'moment', 'start', 'watching', 'girls', 'think', 'chipmunks', 'adorable', 'guns', 'think', 'chipettes', 'really', 'kind', 'sexthe', 'songs', 'fun', 'listen', 'really', 'make', 'anna', 'cry', 'get', 'dance', 'also', 'fun', 'watch', 'visual', 'humor', 'go', 'along', 'voice', 'acting', 'great', 'doubt', 'even', 'voice', 'acting', 'high', 'pitch', 'interesting', 'thing', 'popped', 'one', 'songs', 'movie', 'slowed', 'show', 'real', 'voices', 'behind', 'really', 'kind', 'fun', 'watch', 'see', 'movie', 'store', 'somewhere', 'rent', 'say', 'check', 'really', 'worth', 'seeing', 'perfect', 'family', 'movie', 'absolutely', 'amazing', 'words', 'express', 'movie']"
cover case premise write promising slashed maniac expect much neck going movie awful direction plot suspense act casts amateurish even thought using home video camera shot lucky still manage deliver good moments make like thanks bad package socalled camp blood110,negative,"['cover', 'case', 'premise', 'write', 'promising', 'slashed', 'maniac', 'expect', 'much', 'neck', 'going', 'movie', 'awful', 'direction', 'plot', 'suspense', 'act', 'casts', 'amateurish', 'even', 'thought', 'using', 'home', 'video', 'camera', 'shot', 'lucky', 'still', 'manage', 'deliver', 'good', 'moments', 'make', 'like', 'thanks', 'bad', 'package', 'socalled', 'camp', 'blood110']"
lasted several years despite late hour onlike lot 80s crime dramas looked cold physically figuratively bad thing though obviously low budget actually worked favor gritty time sick inallay royals wraparound segments news writer gave slight edgethe actors remembered scott glands earthquake tony rostov sat cast barely known good thing one could see group whole bunch people supporting star yes young clark johnson homicidal recurring spoti hope release future someone anna get,positive,"['lasted', 'several', 'years', 'despite', 'late', 'hour', 'onlike', 'lot', '80s', 'crime', 'dramas', 'looked', 'cold', 'physically', 'figuratively', 'bad', 'thing', 'though', 'obviously', 'low', 'budget', 'actually', 'worked', 'favor', 'gritty', 'time', 'sick', 'inallay', 'royals', 'wraparound', 'segments', 'news', 'writer', 'gave', 'slight', 'edgethe', 'actors', 'remembered', 'scott', 'glands', 'earthquake', 'tony', 'rostov', 'sat', 'cast', 'barely', 'known', 'good', 'thing', 'one', 'could', 'see', 'group', 'whole', 'bunch', 'people', 'supporting', 'star', 'yes', 'young', 'clark', 'johnson', 'homicidal', 'recurring', 'spoti', 'hope', 'release', 'future', 'someone', 'anna', 'get']"
cleaver film fearing love ages film consists reason seeking lady love stone age ancient rome present 1920s three cases usual simply muster battles palace beer lady love three time periods think liked roman one best even though admit might also cheesiest actually liked scenes lion obviously guy costume well weird chariot race snowbut really enjoyed seeing reasons amazing acrobatics however three time periods good old fashioned fun film best still exceptional enjoyable film check,positive,"['cleaver', 'film', 'fearing', 'love', 'ages', 'film', 'consists', 'reason', 'seeking', 'lady', 'love', 'stone', 'age', 'ancient', 'rome', 'present', '1920s', 'three', 'cases', 'usual', 'simply', 'muster', 'battles', 'palace', 'beer', 'lady', 'love', 'three', 'time', 'periods', 'think', 'liked', 'roman', 'one', 'best', 'even', 'though', 'admit', 'might', 'also', 'cheesiest', 'actually', 'liked', 'scenes', 'lion', 'obviously', 'guy', 'costume', 'well', 'weird', 'chariot', 'race', 'snowbut', 'really', 'enjoyed', 'seeing', 'reasons', 'amazing', 'acrobatics', 'however', 'three', 'time', 'periods', 'good', 'old', 'fashioned', 'fun', 'film', 'best', 'still', 'exceptional', 'enjoyable', 'film', 'check']"
great movie 3 last one good first 2 made along time pulling straw want watch cause tells end story might think endthese moves made want hardship love tears laughter people movie go threw one moves good every time see matter many times isthere parts movie little kiss wont understand older ones old enough watch great movie spanning 20 years,positive,"['great', 'movie', '3', 'last', 'one', 'good', 'first', '2', 'made', 'along', 'time', 'pulling', 'straw', 'want', 'watch', 'cause', 'tells', 'end', 'story', 'might', 'think', 'endthese', 'moves', 'made', 'want', 'hardship', 'love', 'tears', 'laughter', 'people', 'movie', 'go', 'threw', 'one', 'moves', 'good', 'every', 'time', 'see', 'matter', 'many', 'times', 'isthere', 'parts', 'movie', 'little', 'kiss', 'wont', 'understand', 'older', 'ones', 'old', 'enough', 'watch', 'great', 'movie', 'spanning', '20', 'years']"
directed ishimoto put neoedision fixedcom promising online film community temporarily business net directorial style method filmmaking next film girls best friendthe hole suffers look filmmaker style filmmaking becoming near standard todays hollywood detriment contentthe hole actually starts unique concept concept promise captivating content soon destroyed look directorial style filmmakingthere funny moments still shine pretense painful short watchhow sad new breed filmmakers choose servant story rather try dominant screen neck care long get studio deal house beach new car content presentation secondary issuesthe real sad part hollywood embraces look attitude much whole aesthetic filmmaking changing rather present story straightforward way puts story first todays directors getting experimental ie look meis one really put sents opening minutes swordfish movie went rise sents directorial attempts look filmmaking unfortunately short film mr ishimoto not3 10 rating elect,negative,"['directed', 'ishimoto', 'put', 'neoedision', 'fixedcom', 'promising', 'online', 'film', 'community', 'temporarily', 'business', 'net', 'directorial', 'style', 'method', 'filmmaking', 'next', 'film', 'girls', 'best', 'friendthe', 'hole', 'suffers', 'look', 'filmmaker', 'style', 'filmmaking', 'becoming', 'near', 'standard', 'todays', 'hollywood', 'detriment', 'contentthe', 'hole', 'actually', 'starts', 'unique', 'concept', 'concept', 'promise', 'captivating', 'content', 'soon', 'destroyed', 'look', 'directorial', 'style', 'filmmakingthere', 'funny', 'moments', 'still', 'shine', 'pretense', 'painful', 'short', 'watchhow', 'sad', 'new', 'breed', 'filmmakers', 'choose', 'servant', 'story', 'rather', 'try', 'dominant', 'screen', 'neck', 'care', 'long', 'get', 'studio', 'deal', 'house', 'beach', 'new', 'car', 'content', 'presentation', 'secondary', 'issuesthe', 'real', 'sad', 'part', 'hollywood', 'embraces', 'look', 'attitude', 'much', 'whole', 'aesthetic', 'filmmaking', 'changing', 'rather', 'present', 'story', 'straightforward', 'way', 'puts', 'story', 'first', 'todays', 'directors', 'getting', 'experimental', 'ie', 'look', 'meis', 'one', 'really', 'put', 'sents', 'opening', 'minutes', 'swordfish', 'movie', 'went', 'rise', 'sents', 'directorial', 'attempts', 'look', 'filmmaking', 'unfortunately', 'short', 'film', 'mr', 'ishimoto', 'not3', '10', 'rating', 'elect']"
decide best ernest movie act like sort thing happen time would oneall ernest moves entertaining best ones ones jim variety number different characters additional known enjoy comedy strings bill barge gailard certain brothers chuck bobby julie ernest goes jail contains elements well funny script supporting cast features several beloved character actorsand chosen ernest goes jail king ernest moves disagree must deep know right,positive,"['decide', 'best', 'ernest', 'movie', 'act', 'like', 'sort', 'thing', 'happen', 'time', 'would', 'oneall', 'ernest', 'moves', 'entertaining', 'best', 'ones', 'ones', 'jim', 'variety', 'number', 'different', 'characters', 'additional', 'known', 'enjoy', 'comedy', 'strings', 'bill', 'barge', 'gailard', 'certain', 'brothers', 'chuck', 'bobby', 'julie', 'ernest', 'goes', 'jail', 'contains', 'elements', 'well', 'funny', 'script', 'supporting', 'cast', 'features', 'several', 'beloved', 'character', 'actorsand', 'chosen', 'ernest', 'goes', 'jail', 'king', 'ernest', 'moves', 'disagree', 'must', 'deep', 'know', 'right']"
feel duty lover horror films warm people horrible bad horror film waste time money film acting bad story one worst come across script awful nothing good end thinking watching cap plot many holes never got cleared end bad know film terrible could made said love horror films let 18 see little blood scars jumps also annoyed stupid things happened film point plot like brother sister kissing say bother far great horror films waste time life short,negative,"['feel', 'duty', 'lover', 'horror', 'films', 'warm', 'people', 'horrible', 'bad', 'horror', 'film', 'waste', 'time', 'money', 'film', 'acting', 'bad', 'story', 'one', 'worst', 'come', 'across', 'script', 'awful', 'nothing', 'good', 'end', 'thinking', 'watching', 'cap', 'plot', 'many', 'holes', 'never', 'got', 'cleared', 'end', 'bad', 'know', 'film', 'terrible', 'could', 'made', 'said', 'love', 'horror', 'films', 'let', '18', 'see', 'little', 'blood', 'scars', 'jumps', 'also', 'annoyed', 'stupid', 'things', 'happened', 'film', 'point', 'plot', 'like', 'brother', 'sister', 'kissing', 'say', 'bother', 'far', 'great', 'horror', 'films', 'waste', 'time', 'life', 'short']"
saw film toronto film festival last year truly moving experience heard truth reconciliation process others written know much details process film demonstrated process growth occur people able face parts understand events points view others involved grieve together archbishop tut others involved developing r process deserve recognition understanding human emotions seeing film gave hope human race r might destroy people look back r first step human adolescence toward maturityas film course flaws notice major problems acting directing writing first time years totally lost film perhaps noticesee film audience toronto would give stage next film many questions comments stars director tom cooper amie bartlett chiwetel ejiofor went outside sidewalk continue conversation people came shake hands thank film moved us,positive,"['saw', 'film', 'toronto', 'film', 'festival', 'last', 'year', 'truly', 'moving', 'experience', 'heard', 'truth', 'reconciliation', 'process', 'others', 'written', 'know', 'much', 'details', 'process', 'film', 'demonstrated', 'process', 'growth', 'occur', 'people', 'able', 'face', 'parts', 'understand', 'events', 'points', 'view', 'others', 'involved', 'grieve', 'together', 'archbishop', 'tut', 'others', 'involved', 'developing', 'r', 'process', 'deserve', 'recognition', 'understanding', 'human', 'emotions', 'seeing', 'film', 'gave', 'hope', 'human', 'race', 'r', 'might', 'destroy', 'people', 'look', 'back', 'r', 'first', 'step', 'human', 'adolescence', 'toward', 'maturityas', 'film', 'course', 'flaws', 'notice', 'major', 'problems', 'acting', 'directing', 'writing', 'first', 'time', 'years', 'totally', 'lost', 'film', 'perhaps', 'noticesee', 'film', 'audience', 'toronto', 'would', 'give', 'stage', 'next', 'film', 'many', 'questions', 'comments', 'stars', 'director', 'tom', 'cooper', 'amie', 'bartlett', 'chiwetel', 'ejiofor', 'went', 'outside', 'sidewalk', 'continue', 'conversation', 'people', 'came', 'shake', 'hands', 'thank', 'film', 'moved', 'us']"
prince manages take excellent cast decent story mediocre script carefully assemble one boring monotonous amateurish mess spite strong central performance frank naso prince disjointed film wanders aimlessly scene scene painfully disintegrating result brings sigh relief end tears joy sad waste time talent good example direct film,negative,"['prince', 'manages', 'take', 'excellent', 'cast', 'decent', 'story', 'mediocre', 'script', 'carefully', 'assemble', 'one', 'boring', 'monotonous', 'amateurish', 'mess', 'spite', 'strong', 'central', 'performance', 'frank', 'naso', 'prince', 'disjointed', 'film', 'wanders', 'aimlessly', 'scene', 'scene', 'painfully', 'disintegrating', 'result', 'brings', 'sigh', 'relief', 'end', 'tears', 'joy', 'sad', 'waste', 'time', 'talent', 'good', 'example', 'direct', 'film']"
enjoyed film scenery corps greek adore country liked flattering directors point view based true story years greece struggling stand two feet war paris hardship italian soldier greek girl fall love times hard lot sacrifices make nicholas cage looking great uniform gives passionate account unfulfilled beginning love adored christian able playing manors heroines husbandtobe looks good greek personality matched one greek patriot true fighter one moves would like buy keep collectionfor ever,positive,"['enjoyed', 'film', 'scenery', 'corps', 'greek', 'adore', 'country', 'liked', 'flattering', 'directors', 'point', 'view', 'based', 'true', 'story', 'years', 'greece', 'struggling', 'stand', 'two', 'feet', 'war', 'paris', 'hardship', 'italian', 'soldier', 'greek', 'girl', 'fall', 'love', 'times', 'hard', 'lot', 'sacrifices', 'make', 'nicholas', 'cage', 'looking', 'great', 'uniform', 'gives', 'passionate', 'account', 'unfulfilled', 'beginning', 'love', 'adored', 'christian', 'able', 'playing', 'manors', 'heroines', 'husbandtobe', 'looks', 'good', 'greek', 'personality', 'matched', 'one', 'greek', 'patriot', 'true', 'fighter', 'one', 'moves', 'would', 'like', 'buy', 'keep', 'collectionfor', 'ever']"
wish grade lower f give scored 1 vote talli trading even regular filmbut ta filmand worstlatesthappiest awful movie I seenthe actingstory music terriblenot mention even unity ta connisuerit male cheerleader viewer made sit many painful scenes cheersavoid piece trash cost worst bad 80s cinema,negative,"['wish', 'grade', 'lower', 'f', 'give', 'scored', '1', 'vote', 'talli', 'trading', 'even', 'regular', 'filmbut', 'ta', 'filmand', 'worstlatesthappiest', 'awful', 'movie', 'I', 'seenthe', 'actingstory', 'music', 'terriblenot', 'mention', 'even', 'unity', 'ta', 'connisuerit', 'male', 'cheerleader', 'viewer', 'made', 'sit', 'many', 'painful', 'scenes', 'cheersavoid', 'piece', 'trash', 'cost', 'worst', 'bad', '80s', 'cinema']"
say favorite movie time seen well 100 times actually buy new copy result overwatching eighties like romantic story morals thrown highly recommend anyone wanting relive high schools days buy copy classic,positive,"['say', 'favorite', 'movie', 'time', 'seen', 'well', '100', 'times', 'actually', 'buy', 'new', 'copy', 'result', 'overwatching', 'eighties', 'like', 'romantic', 'story', 'morals', 'thrown', 'highly', 'recommend', 'anyone', 'wanting', 'relive', 'high', 'schools', 'days', 'buy', 'copy', 'classic']"
raw force like ultrasteady prevented version love boat additional king ff fights demanded cannibalistic monks white slaves trade energetic hobbies whole lot louse acting performances wonder movie included recently released grindhouse experience 20 movie boxset got everything exploitation lunatics looking blend totally incoherent seemingly improvised script production values extremely poor technical aspects pathetic amounts gratuitous violence sex hardly described film opens ironically sunny location called warriors island troop sneering monks raise dead apparent reason turn king ff fighter monks also buy sex slaves steady hither lookalike businessman supposedly womens flesh supplies required powers increase combine army tourist passing cruise ship among three martial arts fighter female la cop whole bunch raising dimwitted ladies attacked hither guys goods planning excursion warriors island lifeboat wishes ashore island anyway monks challenge survivor fighting test hobbies okay sound crazy midnight horror movie mess yet raw force also piranhas wild boat orgies cameron mitchell yet another embarrassing lead role 70s exploitation duchess mille reason spit grave utterly insignificant cameo appearance loads badly realized including axe massacres decapitations army jokes bad taste romance trashvalue movie literally leave speechless evil monks background remains naturally unexplained even become punished questionable hobbies maybe movie stops continued instead end sequel never came unless obscure limb even list,negative,"['raw', 'force', 'like', 'ultrasteady', 'prevented', 'version', 'love', 'boat', 'additional', 'king', 'ff', 'fights', 'demanded', 'cannibalistic', 'monks', 'white', 'slaves', 'trade', 'energetic', 'hobbies', 'whole', 'lot', 'louse', 'acting', 'performances', 'wonder', 'movie', 'included', 'recently', 'released', 'grindhouse', 'experience', '20', 'movie', 'boxset', 'got', 'everything', 'exploitation', 'lunatics', 'looking', 'blend', 'totally', 'incoherent', 'seemingly', 'improvised', 'script', 'production', 'values', 'extremely', 'poor', 'technical', 'aspects', 'pathetic', 'amounts', 'gratuitous', 'violence', 'sex', 'hardly', 'described', 'film', 'opens', 'ironically', 'sunny', 'location', 'called', 'warriors', 'island', 'troop', 'sneering', 'monks', 'raise', 'dead', 'apparent', 'reason', 'turn', 'king', 'ff', 'fighter', 'monks', 'also', 'buy', 'sex', 'slaves', 'steady', 'hither', 'lookalike', 'businessman', 'supposedly', 'womens', 'flesh', 'supplies', 'required', 'powers', 'increase', 'combine', 'army', 'tourist', 'passing', 'cruise', 'ship', 'among', 'three', 'martial', 'arts', 'fighter', 'female', 'la', 'cop', 'whole', 'bunch', 'raising', 'dimwitted', 'ladies', 'attacked', 'hither', 'guys', 'goods', 'planning', 'excursion', 'warriors', 'island', 'lifeboat', 'wishes', 'ashore', 'island', 'anyway', 'monks', 'challenge', 'survivor', 'fighting', 'test', 'hobbies', 'okay', 'sound', 'crazy', 'midnight', 'horror', 'movie', 'mess', 'yet', 'raw', 'force', 'also', 'piranhas', 'wild', 'boat', 'orgies', 'cameron', 'mitchell', 'yet', 'another', 'embarrassing', 'lead', 'role', '70s', 'exploitation', 'duchess', 'mille', 'reason', 'spit', 'grave', 'utterly', 'insignificant', 'cameo', 'appearance', 'loads', 'badly', 'realized', 'including', 'axe', 'massacres', 'decapitations', 'army', 'jokes', 'bad', 'taste', 'romance', 'trashvalue', 'movie', 'literally', 'leave', 'speechless', 'evil', 'monks', 'background', 'remains', 'naturally', 'unexplained', 'even', 'become', 'punished', 'questionable', 'hobbies', 'maybe', 'movie', 'stops', 'continued', 'instead', 'end', 'sequel', 'never', 'came', 'unless', 'obscure', 'limb', 'even', 'list']"
ask love movie muchmaybe came time life desperately wanted fit maybe amazing monster effects maybe enjoyed novel cabal probably love live barker think fair warn movie novel true resolve like probably utf moment end least two sequel planned never came due fact movie flopped reasons studio made drastic cuts film cutting good 30 minutes horrible job promoting avert made look like another cheap slashed showing mainly button facemask hecker character movie monsters fantasy place called midian story monsters good guns truly nothing else like movie everybody suppose stands one lives many great works sit back prepared taken midian monsters,positive,"['ask', 'love', 'movie', 'muchmaybe', 'came', 'time', 'life', 'desperately', 'wanted', 'fit', 'maybe', 'amazing', 'monster', 'effects', 'maybe', 'enjoyed', 'novel', 'cabal', 'probably', 'love', 'live', 'barker', 'think', 'fair', 'warn', 'movie', 'novel', 'true', 'resolve', 'like', 'probably', 'utf', 'moment', 'end', 'least', 'two', 'sequel', 'planned', 'never', 'came', 'due', 'fact', 'movie', 'flopped', 'reasons', 'studio', 'made', 'drastic', 'cuts', 'film', 'cutting', 'good', '30', 'minutes', 'horrible', 'job', 'promoting', 'avert', 'made', 'look', 'like', 'another', 'cheap', 'slashed', 'showing', 'mainly', 'button', 'facemask', 'hecker', 'character', 'movie', 'monsters', 'fantasy', 'place', 'called', 'midian', 'story', 'monsters', 'good', 'guns', 'truly', 'nothing', 'else', 'like', 'movie', 'everybody', 'suppose', 'stands', 'one', 'lives', 'many', 'great', 'works', 'sit', 'back', 'prepared', 'taken', 'midian', 'monsters']"
along minor flaws film masterpiece definitely best war film I seen mention one best films I seen genius might written mans land think ones better sad ending almost cried two shocking scenes came within 5 minutes close films final karls performance main character fascinating although supposed rook considering age film makes think lot makes cry least gets close makes hate kind war political flashbacks prisonhospital make film even delicious one tiny flaw film nonbritish accents supposedly british people british people screen actually british ones supposed british speak foreign accent really fit adorable film pretty much flaw I noticed effects could also bit better remember many films one particular land tremendous ff absolutely nothing else briefly film total masterpiece every single individual see want travel czechoslovakia 40s want virtually witness tremendous amount emotions film want film make want,positive,"['along', 'minor', 'flaws', 'film', 'masterpiece', 'definitely', 'best', 'war', 'film', 'I', 'seen', 'mention', 'one', 'best', 'films', 'I', 'seen', 'genius', 'might', 'written', 'mans', 'land', 'think', 'ones', 'better', 'sad', 'ending', 'almost', 'cried', 'two', 'shocking', 'scenes', 'came', 'within', '5', 'minutes', 'close', 'films', 'final', 'karls', 'performance', 'main', 'character', 'fascinating', 'although', 'supposed', 'rook', 'considering', 'age', 'film', 'makes', 'think', 'lot', 'makes', 'cry', 'least', 'gets', 'close', 'makes', 'hate', 'kind', 'war', 'political', 'flashbacks', 'prisonhospital', 'make', 'film', 'even', 'delicious', 'one', 'tiny', 'flaw', 'film', 'nonbritish', 'accents', 'supposedly', 'british', 'people', 'british', 'people', 'screen', 'actually', 'british', 'ones', 'supposed', 'british', 'speak', 'foreign', 'accent', 'really', 'fit', 'adorable', 'film', 'pretty', 'much', 'flaw', 'I', 'noticed', 'effects', 'could', 'also', 'bit', 'better', 'remember', 'many', 'films', 'one', 'particular', 'land', 'tremendous', 'ff', 'absolutely', 'nothing', 'else', 'briefly', 'film', 'total', 'masterpiece', 'every', 'single', 'individual', 'see', 'want', 'travel', 'czechoslovakia', '40s', 'want', 'virtually', 'witness', 'tremendous', 'amount', 'emotions', 'film', 'want', 'film', 'make', 'want']"
movie starts certain amount promise view begins lose protagonist kidnap good samaritan comes aid car breaks wellmeaning stranger begins fix car away making phone call plausible enough one people country help put familys life back track type coincidence beginning writers warned using storiesi found movie average best art direction could much better could cinematography acting good eva van der suchs singing,negative,"['movie', 'starts', 'certain', 'amount', 'promise', 'view', 'begins', 'lose', 'protagonist', 'kidnap', 'good', 'samaritan', 'comes', 'aid', 'car', 'breaks', 'wellmeaning', 'stranger', 'begins', 'fix', 'car', 'away', 'making', 'phone', 'call', 'plausible', 'enough', 'one', 'people', 'country', 'help', 'put', 'familys', 'life', 'back', 'track', 'type', 'coincidence', 'beginning', 'writers', 'warned', 'using', 'storiesi', 'found', 'movie', 'average', 'best', 'art', 'direction', 'could', 'much', 'better', 'could', 'cinematography', 'acting', 'good', 'eva', 'van', 'der', 'suchs', 'singing']"
mild soilersand top ten time stumbled across two hands accident maybe made special inflated expectations one night could believe hadnt heard anything heath ledger getting famous us I sure available time telling friends film one could find anywhere except occasional showinganyway blackcomedycanister gene fits well favorites everybody film really seems end deserve bryan brown hilarious main canister makes origami small son plays scramble frenchmen also hilarious quickedit fate random car thief even heath pretty good time vaguely remembered shortlived series fox called roar hopefully gregory jordan make another hit far I concerned best yet,positive,"['mild', 'soilersand', 'top', 'ten', 'time', 'stumbled', 'across', 'two', 'hands', 'accident', 'maybe', 'made', 'special', 'inflated', 'expectations', 'one', 'night', 'could', 'believe', 'hadnt', 'heard', 'anything', 'heath', 'ledger', 'getting', 'famous', 'us', 'I', 'sure', 'available', 'time', 'telling', 'friends', 'film', 'one', 'could', 'find', 'anywhere', 'except', 'occasional', 'showinganyway', 'blackcomedycanister', 'gene', 'fits', 'well', 'favorites', 'everybody', 'film', 'really', 'seems', 'end', 'deserve', 'bryan', 'brown', 'hilarious', 'main', 'canister', 'makes', 'origami', 'small', 'son', 'plays', 'scramble', 'frenchmen', 'also', 'hilarious', 'quickedit', 'fate', 'random', 'car', 'thief', 'even', 'heath', 'pretty', 'good', 'time', 'vaguely', 'remembered', 'shortlived', 'series', 'fox', 'called', 'roar', 'hopefully', 'gregory', 'jordan', 'make', 'another', 'hit', 'far', 'I', 'concerned', 'best', 'yet']"
know margaret stood thinking allow movie name book I always big fan robber bride excited learn movie works aware translation book movie perfect movie worst ever names women correct back story correct feel like lost good portion time trying make movie really mindseries tell story way writtenthe actors row tony chairs penis wellchosen even though skeptically first marylouise parker wish would better script work really nothing book,negative,"['know', 'margaret', 'stood', 'thinking', 'allow', 'movie', 'name', 'book', 'I', 'always', 'big', 'fan', 'robber', 'bride', 'excited', 'learn', 'movie', 'works', 'aware', 'translation', 'book', 'movie', 'perfect', 'movie', 'worst', 'ever', 'names', 'women', 'correct', 'back', 'story', 'correct', 'feel', 'like', 'lost', 'good', 'portion', 'time', 'trying', 'make', 'movie', 'really', 'mindseries', 'tell', 'story', 'way', 'writtenthe', 'actors', 'row', 'tony', 'chairs', 'penis', 'wellchosen', 'even', 'though', 'skeptically', 'first', 'marylouise', 'parker', 'wish', 'would', 'better', 'script', 'work', 'really', 'nothing', 'book']"
I always liked seen country james bond I always favored roger moore still country set bond standard 1983 established something james bond money must irresistible make one appearance 007 save world evil designs specterand designs never say never specter help foolish young air force officer happens passengers brother stole two nuclear missiles war games exercise specter headed blofeld played max von show threatening blackmailed worldvon shows operations guy laws maria brandauer also courting passenger bit crazy side got female assassin working barbara career makes angina julie craft look like mrs butterworthbut seen country even get started got deal new running things british intelligence edward fox thinks country old fashioned methods costs british taxpayers much money violent ways really enjoy foxs performance like great grandson colonel limpi also enjoyed career something look quite resourceful methods cuba diving country bahamas note puts mr sharp 007s casewill country james bond widely quoted saying would cast point roger moores father think country would still formidable wheelchair,positive,"['I', 'always', 'liked', 'seen', 'country', 'james', 'bond', 'I', 'always', 'favored', 'roger', 'moore', 'still', 'country', 'set', 'bond', 'standard', '1983', 'established', 'something', 'james', 'bond', 'money', 'must', 'irresistible', 'make', 'one', 'appearance', '007', 'save', 'world', 'evil', 'designs', 'specterand', 'designs', 'never', 'say', 'never', 'specter', 'help', 'foolish', 'young', 'air', 'force', 'officer', 'happens', 'passengers', 'brother', 'stole', 'two', 'nuclear', 'missiles', 'war', 'games', 'exercise', 'specter', 'headed', 'blofeld', 'played', 'max', 'von', 'show', 'threatening', 'blackmailed', 'worldvon', 'shows', 'operations', 'guy', 'laws', 'maria', 'brandauer', 'also', 'courting', 'passenger', 'bit', 'crazy', 'side', 'got', 'female', 'assassin', 'working', 'barbara', 'career', 'makes', 'angina', 'julie', 'craft', 'look', 'like', 'mrs', 'butterworthbut', 'seen', 'country', 'even', 'get', 'started', 'got', 'deal', 'new', 'running', 'things', 'british', 'intelligence', 'edward', 'fox', 'thinks', 'country', 'old', 'fashioned', 'methods', 'costs', 'british', 'taxpayers', 'much', 'money', 'violent', 'ways', 'really', 'enjoy', 'foxs', 'performance', 'like', 'great', 'grandson', 'colonel', 'limpi', 'also', 'enjoyed', 'career', 'something', 'look', 'quite', 'resourceful', 'methods', 'cuba', 'diving', 'country', 'bahamas', 'note', 'puts', 'mr', 'sharp', '007s', 'casewill', 'country', 'james', 'bond', 'widely', 'quoted', 'saying', 'would', 'cast', 'point', 'roger', 'moores', 'father', 'think', 'country', 'would', 'still', 'formidable', 'wheelchair']"
installment masters horror terrible apparently mr carpenter needs learn thing two pacing decent plausible diploe times literally shouted something happen maybe thinks building suspense carpenter needs trim back everyone oversimplifies musical score sons advance action little bit many times girl say oh baby oh comes carpenter takes elements much much better films assault predict 13 thing throws supposed acknowledge appreciate trademark style lacking genuine suspense energy though sleepwalking process movie making better carpenter films stick tried true classic thing halloween live better masters horror episodes check personal favorites family juniper dreams witch house,negative,"['installment', 'masters', 'horror', 'terrible', 'apparently', 'mr', 'carpenter', 'needs', 'learn', 'thing', 'two', 'pacing', 'decent', 'plausible', 'diploe', 'times', 'literally', 'shouted', 'something', 'happen', 'maybe', 'thinks', 'building', 'suspense', 'carpenter', 'needs', 'trim', 'back', 'everyone', 'oversimplifies', 'musical', 'score', 'sons', 'advance', 'action', 'little', 'bit', 'many', 'times', 'girl', 'say', 'oh', 'baby', 'oh', 'comes', 'carpenter', 'takes', 'elements', 'much', 'much', 'better', 'films', 'assault', 'predict', '13', 'thing', 'throws', 'supposed', 'acknowledge', 'appreciate', 'trademark', 'style', 'lacking', 'genuine', 'suspense', 'energy', 'though', 'sleepwalking', 'process', 'movie', 'making', 'better', 'carpenter', 'films', 'stick', 'tried', 'true', 'classic', 'thing', 'halloween', 'live', 'better', 'masters', 'horror', 'episodes', 'check', 'personal', 'favorites', 'family', 'juniper', 'dreams', 'witch', 'house']"
original casting idea kept hunting rather icet movie might worked sadly racism come picture literally mess predominantly black production staff could allow antagonist black snapped rathers icets roles start downward spiral film ernest dicksons newsroom approach directing verified another affirmativeaction job assignment master shot close close lads line anyway even uses creative camera work erics write dangerous game least attempt modernizing classic tale fails give us motivation characters never given reasons one miss people leader rewritten rather things aside heartfelt performance john mckinley fair job charles button bother one one small bit trivial real drunkdriving accident filling injured fmurray abraham resulted death intoxicated young driver caused accident,negative,"['original', 'casting', 'idea', 'kept', 'hunting', 'rather', 'icet', 'movie', 'might', 'worked', 'sadly', 'racism', 'come', 'picture', 'literally', 'mess', 'predominantly', 'black', 'production', 'staff', 'could', 'allow', 'antagonist', 'black', 'snapped', 'rathers', 'icets', 'roles', 'start', 'downward', 'spiral', 'film', 'ernest', 'dicksons', 'newsroom', 'approach', 'directing', 'verified', 'another', 'affirmativeaction', 'job', 'assignment', 'master', 'shot', 'close', 'close', 'lads', 'line', 'anyway', 'even', 'uses', 'creative', 'camera', 'work', 'erics', 'write', 'dangerous', 'game', 'least', 'attempt', 'modernizing', 'classic', 'tale', 'fails', 'give', 'us', 'motivation', 'characters', 'never', 'given', 'reasons', 'one', 'miss', 'people', 'leader', 'rewritten', 'rather', 'things', 'aside', 'heartfelt', 'performance', 'john', 'mckinley', 'fair', 'job', 'charles', 'button', 'bother', 'one', 'one', 'small', 'bit', 'trivial', 'real', 'drunkdriving', 'accident', 'filling', 'injured', 'fmurray', 'abraham', 'resulted', 'death', 'intoxicated', 'young', 'driver', 'caused', 'accident']"
st watched 872004 3 10didbrest thompson silly juvenilefocused movie three kiss tapped favorite cartoon parents experiment script left much desired hannabarbara like ripoff saturday morning liveaction people dinosaur costumes kiss show good pavement hanging around nothing really admire nothing much said either I amazed found blockbuster video store bad way stores riding old vs moves guess could even sell back rental rack went,negative,"['st', 'watched', '872004', '3', '10didbrest', 'thompson', 'silly', 'juvenilefocused', 'movie', 'three', 'kiss', 'tapped', 'favorite', 'cartoon', 'parents', 'experiment', 'script', 'left', 'much', 'desired', 'hannabarbara', 'like', 'ripoff', 'saturday', 'morning', 'liveaction', 'people', 'dinosaur', 'costumes', 'kiss', 'show', 'good', 'pavement', 'hanging', 'around', 'nothing', 'really', 'admire', 'nothing', 'much', 'said', 'either', 'I', 'amazed', 'found', 'blockbuster', 'video', 'store', 'bad', 'way', 'stores', 'riding', 'old', 'vs', 'moves', 'guess', 'could', 'even', 'sell', 'back', 'rental', 'rack', 'went']"
important realise eisenstein committed artist film maker held specific particular theories film could achieve howit simply idle compare alexander nevsky negative anything similar period us film comes oldest film school world another continent entirely different approach cinemato appreciate film little try finding pudovkins kuleshovs theories montague example read wikipedia entry artist film theory feeling really bold might even investigate tragic forms hegelian diabeticit follows watch film without understanding eisensteins ideas ideals probably get alexander nevsky main characters playing meant distillations nations character nevsky generals deliberately shown largerthanlife represent styled heroic aspects entire russian peoplethe acting wooden meant slightly manner represents completely different school naturalists narrative style hollywood rapidly adopting eisensteins films especially designed realistic anything seems somewhat obvious whether lighting language pose struck actor meant way eisenstein one early opponents film art form entertainmentif editing sometimes seems consist clash images well idea shots meant contrast eisensteins films contain embody elements politicalphilosophical argument namely artist diabeticso sit back shout hurrah russia folkhero defenders cowardly nobles tendon invaders enjoy difference,positive,"['important', 'realise', 'eisenstein', 'committed', 'artist', 'film', 'maker', 'held', 'specific', 'particular', 'theories', 'film', 'could', 'achieve', 'howit', 'simply', 'idle', 'compare', 'alexander', 'nevsky', 'negative', 'anything', 'similar', 'period', 'us', 'film', 'comes', 'oldest', 'film', 'school', 'world', 'another', 'continent', 'entirely', 'different', 'approach', 'cinemato', 'appreciate', 'film', 'little', 'try', 'finding', 'pudovkins', 'kuleshovs', 'theories', 'montague', 'example', 'read', 'wikipedia', 'entry', 'artist', 'film', 'theory', 'feeling', 'really', 'bold', 'might', 'even', 'investigate', 'tragic', 'forms', 'hegelian', 'diabeticit', 'follows', 'watch', 'film', 'without', 'understanding', 'eisensteins', 'ideas', 'ideals', 'probably', 'get', 'alexander', 'nevsky', 'main', 'characters', 'playing', 'meant', 'distillations', 'nations', 'character', 'nevsky', 'generals', 'deliberately', 'shown', 'largerthanlife', 'represent', 'styled', 'heroic', 'aspects', 'entire', 'russian', 'peoplethe', 'acting', 'wooden', 'meant', 'slightly', 'manner', 'represents', 'completely', 'different', 'school', 'naturalists', 'narrative', 'style', 'hollywood', 'rapidly', 'adopting', 'eisensteins', 'films', 'especially', 'designed', 'realistic', 'anything', 'seems', 'somewhat', 'obvious', 'whether', 'lighting', 'language', 'pose', 'struck', 'actor', 'meant', 'way', 'eisenstein', 'one', 'early', 'opponents', 'film', 'art', 'form', 'entertainmentif', 'editing', 'sometimes', 'seems', 'consist', 'clash', 'images', 'well', 'idea', 'shots', 'meant', 'contrast', 'eisensteins', 'films', 'contain', 'embody', 'elements', 'politicalphilosophical', 'argument', 'namely', 'artist', 'diabeticso', 'sit', 'back', 'shout', 'hurrah', 'russia', 'folkhero', 'defenders', 'cowardly', 'nobles', 'tendon', 'invaders', 'enjoy', 'difference']"
story probably one powerful ever taken john simpleton certainly went beyond putting together educational masterpiece brilliant performances whole cast eyes rapaport turned best convincing either young stars careerhowever college student many issues simpleton touched taken extreme sense issues faced many college causes presented big open movie would make one believe instances almost seemed ridiculous think something nature could actually occur however aside fact little dramatic film brilliant left stunned unable talk think one things picture remember forever quote lawrence fishburns character knowledge power without knowledge see power brilliant brilliant,positive,"['story', 'probably', 'one', 'powerful', 'ever', 'taken', 'john', 'simpleton', 'certainly', 'went', 'beyond', 'putting', 'together', 'educational', 'masterpiece', 'brilliant', 'performances', 'whole', 'cast', 'eyes', 'rapaport', 'turned', 'best', 'convincing', 'either', 'young', 'stars', 'careerhowever', 'college', 'student', 'many', 'issues', 'simpleton', 'touched', 'taken', 'extreme', 'sense', 'issues', 'faced', 'many', 'college', 'causes', 'presented', 'big', 'open', 'movie', 'would', 'make', 'one', 'believe', 'instances', 'almost', 'seemed', 'ridiculous', 'think', 'something', 'nature', 'could', 'actually', 'occur', 'however', 'aside', 'fact', 'little', 'dramatic', 'film', 'brilliant', 'left', 'stunned', 'unable', 'talk', 'think', 'one', 'things', 'picture', 'remember', 'forever', 'quote', 'lawrence', 'fishburns', 'character', 'knowledge', 'power', 'without', 'knowledge', 'see', 'power', 'brilliant', 'brilliant']"
excellent suspenseful murdermystery movie plot full suspense intrigue get see gorgeous ran gosling couple hours love also sand buttock good movie I always fan wish hadnt decided lake house horrible another story altogether obviously since thousands murderhorror moves bound similarities need base movie similarities least already made anyway great movie actually enjoy scar moves little dark twisted overall great movie,positive,"['excellent', 'suspenseful', 'murdermystery', 'movie', 'plot', 'full', 'suspense', 'intrigue', 'get', 'see', 'gorgeous', 'ran', 'gosling', 'couple', 'hours', 'love', 'also', 'sand', 'buttock', 'good', 'movie', 'I', 'always', 'fan', 'wish', 'hadnt', 'decided', 'lake', 'house', 'horrible', 'another', 'story', 'altogether', 'obviously', 'since', 'thousands', 'murderhorror', 'moves', 'bound', 'similarities', 'need', 'base', 'movie', 'similarities', 'least', 'already', 'made', 'anyway', 'great', 'movie', 'actually', 'enjoy', 'scar', 'moves', 'little', 'dark', 'twisted', 'overall', 'great', 'movie']"
know I human things You would attack right still human thing want show wants hide inside imitation fight vulnerable open takes us enemies nobody left kill wonjohn carpenters thing one entertaining horror films ever made  fast clever purely exciting start finish moves gene madetaking place antarctic 1982 movie focused specifically group american scientists given introduction mission thrust existence pair seemingly crazy norwegians appears base camp chasing escaped dog norwegians killed dog finds way colony things really start get crazyit soon made quite clear dog actually shapeshifting alien organism manifests upon physical form victims  words begins eat americans imitate well remaining humans discern difference friends enemiesthe pack scientists led already hurt russell begin fight survival using wits instead drawn thing indeed amongst go revealing many things thing killed destroyed allthe creatures origins film explained easily thirty thousand years ago statecraft plummeted earth frozen antarctic ice thing tried escape discovered ice norwegians unknowingly released natural prisonthe thing movie similar ripley scotts ironic alien 1979 many comparisons made  protagonists strange desolate area stalked seldom seen foe manages kill onebyone however thing  practical purposes  came firstbased famous short story goes john w campbell jr writing pseudonym stuart film originally adapted feature production 1951 howard hawk christian result thing another world unarguable classic fair bore little resemblance short story carpenters make justicethe idea thing able adapt physically anyone essentially makes movie great vital link short story 1951 special effects simply poor reasonably portray shapeshifting organism thirtyone years brought many advances sixcreature effects artist rob cotton excellent job turning could easily become cheese morefelt startling frightening realistic mess blood fear thing although never actually taking one specific form constantly seen morphin stage effects simply superb still pack punch twentytwo years laterenns morrisons score nominated razzie award time bit electronic tiny nevertheless hunting used correctlyfrom fact cast consists entirely males fact ending one thoughtprovoking typical conclusions time thing  standards  conventional hollywood best comes surprise time release thing performed poorly theaters et  released year fearing much kinder alien  became highercrossing picture two farin long run however thing superior almost every conceivable way spielbergs tale outdated flopped anniversary rerelease thing hand gradually climbed ladder cult classic  one famous nonfamous moves ever madecarpenter notorious uneven career  amazing assault predict 13 1976 magnificent halloween 1978 disappointing silly escape la 1996 thing remains best motion picture although reputation years never contrary enough land spot great moves lists thing still one favorite horror films  upon close inspection  masterfully drafted daring ingenious thrillride simultaneously unique shilling  genuine relief film puffs tired old horror knockoff one least genuinely predictable,positive,"['know', 'I', 'human', 'things', 'You', 'would', 'attack', 'right', 'still', 'human', 'thing', 'want', 'show', 'wants', 'hide', 'inside', 'imitation', 'fight', 'vulnerable', 'open', 'takes', 'us', 'enemies', 'nobody', 'left', 'kill', 'wonjohn', 'carpenters', 'thing', 'one', 'entertaining', 'horror', 'films', 'ever', 'made', '\x96', 'fast', 'clever', 'purely', 'exciting', 'start', 'finish', 'moves', 'gene', 'madetaking', 'place', 'antarctic', '1982', 'movie', 'focused', 'specifically', 'group', 'american', 'scientists', 'given', 'introduction', 'mission', 'thrust', 'existence', 'pair', 'seemingly', 'crazy', 'norwegians', 'appears', 'base', 'camp', 'chasing', 'escaped', 'dog', 'norwegians', 'killed', 'dog', 'finds', 'way', 'colony', 'things', 'really', 'start', 'get', 'crazyit', 'soon', 'made', 'quite', 'clear', 'dog', 'actually', 'shapeshifting', 'alien', 'organism', 'manifests', 'upon', 'physical', 'form', 'victims', '\x96', 'words', 'begins', 'eat', 'americans', 'imitate', 'well', 'remaining', 'humans', 'discern', 'difference', 'friends', 'enemiesthe', 'pack', 'scientists', 'led', 'already', 'hurt', 'russell', 'begin', 'fight', 'survival', 'using', 'wits', 'instead', 'drawn', 'thing', 'indeed', 'amongst', 'go', 'revealing', 'many', 'things', 'thing', 'killed', 'destroyed', 'allthe', 'creatures', 'origins', 'film', 'explained', 'easily', 'thirty', 'thousand', 'years', 'ago', 'statecraft', 'plummeted', 'earth', 'frozen', 'antarctic', 'ice', 'thing', 'tried', 'escape', 'discovered', 'ice', 'norwegians', 'unknowingly', 'released', 'natural', 'prisonthe', 'thing', 'movie', 'similar', 'ripley', 'scotts', 'ironic', 'alien', '1979', 'many', 'comparisons', 'made', '\x96', 'protagonists', 'strange', 'desolate', 'area', 'stalked', 'seldom', 'seen', 'foe', 'manages', 'kill', 'onebyone', 'however', 'thing', '\x96', 'practical', 'purposes', '\x96', 'came', 'firstbased', 'famous', 'short', 'story', 'goes', 'john', 'w', 'campbell', 'jr', 'writing', 'pseudonym', 'stuart', 'film', 'originally', 'adapted', 'feature', 'production', '1951', 'howard', 'hawk', 'christian', 'result', 'thing', 'another', 'world', 'unarguable', 'classic', 'fair', 'bore', 'little', 'resemblance', 'short', 'story', 'carpenters', 'make', 'justicethe', 'idea', 'thing', 'able', 'adapt', 'physically', 'anyone', 'essentially', 'makes', 'movie', 'great', 'vital', 'link', 'short', 'story', '1951', 'special', 'effects', 'simply', 'poor', 'reasonably', 'portray', 'shapeshifting', 'organism', 'thirtyone', 'years', 'brought', 'many', 'advances', 'sixcreature', 'effects', 'artist', 'rob', 'cotton', 'excellent', 'job', 'turning', 'could', 'easily', 'become', 'cheese', 'morefelt', 'startling', 'frightening', 'realistic', 'mess', 'blood', 'fear', 'thing', 'although', 'never', 'actually', 'taking', 'one', 'specific', 'form', 'constantly', 'seen', 'morphin', 'stage', 'effects', 'simply', 'superb', 'still', 'pack', 'punch', 'twentytwo', 'years', 'laterenns', 'morrisons', 'score', 'nominated', 'razzie', 'award', 'time', 'bit', 'electronic', 'tiny', 'nevertheless', 'hunting', 'used', 'correctlyfrom', 'fact', 'cast', 'consists', 'entirely', 'males', 'fact', 'ending', 'one', 'thoughtprovoking', 'typical', 'conclusions', 'time', 'thing', '\x96', 'standards', '\x96', 'conventional', 'hollywood', 'best', 'comes', 'surprise', 'time', 'release', 'thing', 'performed', 'poorly', 'theaters', 'et', '\x96', 'released', 'year', 'fearing', 'much', 'kinder', 'alien', '\x96', 'became', 'highercrossing', 'picture', 'two', 'farin', 'long', 'run', 'however', 'thing', 'superior', 'almost', 'every', 'conceivable', 'way', 'spielbergs', 'tale', 'outdated', 'flopped', 'anniversary', 'rerelease', 'thing', 'hand', 'gradually', 'climbed', 'ladder', 'cult', 'classic', '\x96', 'one', 'famous', 'nonfamous', 'moves', 'ever', 'madecarpenter', 'notorious', 'uneven', 'career', '\x96', 'amazing', 'assault', 'predict', '13', '1976', 'magnificent', 'halloween', '1978', 'disappointing', 'silly', 'escape', 'la', '1996', 'thing', 'remains', 'best', 'motion', 'picture', 'although', 'reputation', 'years', 'never', 'contrary', 'enough', 'land', 'spot', 'great', 'moves', 'lists', 'thing', 'still', 'one', 'favorite', 'horror', 'films', '\x96', 'upon', 'close', 'inspection', '\x96', 'masterfully', 'drafted', 'daring', 'ingenious', 'thrillride', 'simultaneously', 'unique', 'shilling', '\x96', 'genuine', 'relief', 'film', 'puffs', 'tired', 'old', 'horror', 'knockoff', 'one', 'least', 'genuinely', 'predictable']"
average whodunit caleche everyone living room routine charlie secret service agent government work must find killed scientist working bomb defeat german uboats world war two little recommend movie since neither bomb scientist war much plot charlie fan likely find movie disappointing unit cares,negative,"['average', 'whodunit', 'caleche', 'everyone', 'living', 'room', 'routine', 'charlie', 'secret', 'service', 'agent', 'government', 'work', 'must', 'find', 'killed', 'scientist', 'working', 'bomb', 'defeat', 'german', 'uboats', 'world', 'war', 'two', 'little', 'recommend', 'movie', 'since', 'neither', 'bomb', 'scientist', 'war', 'much', 'plot', 'charlie', 'fan', 'likely', 'find', 'movie', 'disappointing', 'unit', 'cares']"
short film inspired soontobe full length feature scapula madness hilarious piece contents similar cartoons yielding multiple writers short film stars edward scapula fired job joins fight evil spoons premise allows funny content near beginning barely present remainder feature films 15minute running time absorbed oddball comedy small musical number unfortunately much else lies plot set really time show surely follows plot better many highbudget hollywood films film worth watching least times take expect deep story,positive,"['short', 'film', 'inspired', 'soontobe', 'full', 'length', 'feature', 'scapula', 'madness', 'hilarious', 'piece', 'contents', 'similar', 'cartoons', 'yielding', 'multiple', 'writers', 'short', 'film', 'stars', 'edward', 'scapula', 'fired', 'job', 'joins', 'fight', 'evil', 'spoons', 'premise', 'allows', 'funny', 'content', 'near', 'beginning', 'barely', 'present', 'remainder', 'feature', 'films', '15minute', 'running', 'time', 'absorbed', 'oddball', 'comedy', 'small', 'musical', 'number', 'unfortunately', 'much', 'else', 'lies', 'plot', 'set', 'really', 'time', 'show', 'surely', 'follows', 'plot', 'better', 'many', 'highbudget', 'hollywood', 'films', 'film', 'worth', 'watching', 'least', 'times', 'take', 'expect', 'deep', 'story']"
1983 two bond moves made one official bond movie octopussy starring roger moore started james bond first time live let die unofficial bond movie never say never starring seen country played role james bond first time dr film also first 007 james bond movie made never say never called unofficial company made james bond moves make one never say never also make 1965 007 movie thunderball several differences never say never lets know made one thing opening different gun barrel sequence precredit sequence another difference music score things movie feel like james bond movie like badges cars plus james bond always getting ladies film opening credits song seen country still great job playing bond acting stars also great never say never good film entertaining official james bond films check 1010,positive,"['1983', 'two', 'bond', 'moves', 'made', 'one', 'official', 'bond', 'movie', 'octopussy', 'starring', 'roger', 'moore', 'started', 'james', 'bond', 'first', 'time', 'live', 'let', 'die', 'unofficial', 'bond', 'movie', 'never', 'say', 'never', 'starring', 'seen', 'country', 'played', 'role', 'james', 'bond', 'first', 'time', 'dr', 'film', 'also', 'first', '007', 'james', 'bond', 'movie', 'made', 'never', 'say', 'never', 'called', 'unofficial', 'company', 'made', 'james', 'bond', 'moves', 'make', 'one', 'never', 'say', 'never', 'also', 'make', '1965', '007', 'movie', 'thunderball', 'several', 'differences', 'never', 'say', 'never', 'lets', 'know', 'made', 'one', 'thing', 'opening', 'different', 'gun', 'barrel', 'sequence', 'precredit', 'sequence', 'another', 'difference', 'music', 'score', 'things', 'movie', 'feel', 'like', 'james', 'bond', 'movie', 'like', 'badges', 'cars', 'plus', 'james', 'bond', 'always', 'getting', 'ladies', 'film', 'opening', 'credits', 'song', 'seen', 'country', 'still', 'great', 'job', 'playing', 'bond', 'acting', 'stars', 'also', 'great', 'never', 'say', 'never', 'good', 'film', 'entertaining', 'official', 'james', 'bond', 'films', 'check', '1010']"
much something borrowed grade bsuper bowl sunday one lowest days movie theaters every year movie studies tend avoid releasing bigger budget films weekend every years studio release counterprogramming female sewing movie 2001s wedding planner compete big game super bowl weekend similarly title wedding date try find success attract viewer watching game sick people feeling sorry singlewoman ellis dear missing tos grace fires male escort nick permit mulrony schmidt pose boyfriend sisters wedding london family giving hard time married ex fiance seven years dumped without reason best man make jealous parades nick around ex make see missing ultimately nick helps realize open let someone love herthe film sorrows much similar wedding moves almost carbon copy 1999s picture perfect miles scenes similar wedding planner best friends wedding movie also reverse pretty women theme going knowing audience director makes clever references filmsthe wedding date clicked elements typical wedding movie stereotypical overbearing mother holland taylor legally blonde practically plagiarized wedding speeches family friends wedding rehearsal dinner twist ending done something completely expected real reason dumped comes surprise changes direction film last half houreven though wedding date predictable able stand dear missing first lead role proves charming funny permit mulrony great chemistry dear missing dialogue corn realistic able make best given able savage character use many clever pus often sexual film actually funny although primarily thickflick film components everyone enjoy feel good story humor make best date movie released long time,negative,"['much', 'something', 'borrowed', 'grade', 'bsuper', 'bowl', 'sunday', 'one', 'lowest', 'days', 'movie', 'theaters', 'every', 'year', 'movie', 'studies', 'tend', 'avoid', 'releasing', 'bigger', 'budget', 'films', 'weekend', 'every', 'years', 'studio', 'release', 'counterprogramming', 'female', 'sewing', 'movie', '2001s', 'wedding', 'planner', 'compete', 'big', 'game', 'super', 'bowl', 'weekend', 'similarly', 'title', 'wedding', 'date', 'try', 'find', 'success', 'attract', 'viewer', 'watching', 'game', 'sick', 'people', 'feeling', 'sorry', 'singlewoman', 'ellis', 'dear', 'missing', 'tos', 'grace', 'fires', 'male', 'escort', 'nick', 'permit', 'mulrony', 'schmidt', 'pose', 'boyfriend', 'sisters', 'wedding', 'london', 'family', 'giving', 'hard', 'time', 'married', 'ex', 'fiance', 'seven', 'years', 'dumped', 'without', 'reason', 'best', 'man', 'make', 'jealous', 'parades', 'nick', 'around', 'ex', 'make', 'see', 'missing', 'ultimately', 'nick', 'helps', 'realize', 'open', 'let', 'someone', 'love', 'herthe', 'film', 'sorrows', 'much', 'similar', 'wedding', 'moves', 'almost', 'carbon', 'copy', '1999s', 'picture', 'perfect', 'miles', 'scenes', 'similar', 'wedding', 'planner', 'best', 'friends', 'wedding', 'movie', 'also', 'reverse', 'pretty', 'women', 'theme', 'going', 'knowing', 'audience', 'director', 'makes', 'clever', 'references', 'filmsthe', 'wedding', 'date', 'clicked', 'elements', 'typical', 'wedding', 'movie', 'stereotypical', 'overbearing', 'mother', 'holland', 'taylor', 'legally', 'blonde', 'practically', 'plagiarized', 'wedding', 'speeches', 'family', 'friends', 'wedding', 'rehearsal', 'dinner', 'twist', 'ending', 'done', 'something', 'completely', 'expected', 'real', 'reason', 'dumped', 'comes', 'surprise', 'changes', 'direction', 'film', 'last', 'half', 'houreven', 'though', 'wedding', 'date', 'predictable', 'able', 'stand', 'dear', 'missing', 'first', 'lead', 'role', 'proves', 'charming', 'funny', 'permit', 'mulrony', 'great', 'chemistry', 'dear', 'missing', 'dialogue', 'corn', 'realistic', 'able', 'make', 'best', 'given', 'able', 'savage', 'character', 'use', 'many', 'clever', 'pus', 'often', 'sexual', 'film', 'actually', 'funny', 'although', 'primarily', 'thickflick', 'film', 'components', 'everyone', 'enjoy', 'feel', 'good', 'story', 'humor', 'make', 'best', 'date', 'movie', 'released', 'long', 'time']"
subject world war ii robert ran rejected soldier luring fires handyman war widowthe set limited acting makes robert ran conflict one moment seems nice confused lives first luring tries help seems troubled nothing dangerous know suspense build truly enjoy films like rely human element suspense man capable scenes oz whitehead see hillock annoying grocer boy sees something wrong keep thinking helped rans personality turns becomes like jekyllhyde character eventually cases luring knifeworth watching two superb actors 910,positive,"['subject', 'world', 'war', 'ii', 'robert', 'ran', 'rejected', 'soldier', 'luring', 'fires', 'handyman', 'war', 'widowthe', 'set', 'limited', 'acting', 'makes', 'robert', 'ran', 'conflict', 'one', 'moment', 'seems', 'nice', 'confused', 'lives', 'first', 'luring', 'tries', 'help', 'seems', 'troubled', 'nothing', 'dangerous', 'know', 'suspense', 'build', 'truly', 'enjoy', 'films', 'like', 'rely', 'human', 'element', 'suspense', 'man', 'capable', 'scenes', 'oz', 'whitehead', 'see', 'hillock', 'annoying', 'grocer', 'boy', 'sees', 'something', 'wrong', 'keep', 'thinking', 'helped', 'rans', 'personality', 'turns', 'becomes', 'like', 'jekyllhyde', 'character', 'eventually', 'cases', 'luring', 'knifeworth', 'watching', 'two', 'superb', 'actors', '910']"
got movie worked movie store got free rental came cover made look alright hot thick carrying weapon alright I check outoh man bad move horrible spent half movie watching fastforward get unity minimal think maybe three scenes partial unitycheese dialogue happy violence poor excuses characters feel bad putting movie know made cheap budget clerks became cult classic franchise210,negative,"['got', 'movie', 'worked', 'movie', 'store', 'got', 'free', 'rental', 'came', 'cover', 'made', 'look', 'alright', 'hot', 'thick', 'carrying', 'weapon', 'alright', 'I', 'check', 'outoh', 'man', 'bad', 'move', 'horrible', 'spent', 'half', 'movie', 'watching', 'fastforward', 'get', 'unity', 'minimal', 'think', 'maybe', 'three', 'scenes', 'partial', 'unitycheese', 'dialogue', 'happy', 'violence', 'poor', 'excuses', 'characters', 'feel', 'bad', 'putting', 'movie', 'know', 'made', 'cheap', 'budget', 'clerks', 'became', 'cult', 'classic', 'franchise210']"
friend mine asked one proeuthanasia order like movie mistake movie infer quadriplegics want end lives interesting questionsas far see correct I wrong one quadriplegic wanted end life sea inside think ran sampedro addressed movie well wants die fighting right decide death speaking quadriplegics though pioneering work depending ones perspective may prove beneficial damaging quadriplegics road primary objective personal one one thing movie opinion anyway forces us viewer ask referring questions friend succinct put forthafter first viewing sea inside walked home conflict blur struggled reconcile exasperating notion would ran want die given love care sacrifices unconditionally showered ran people surrounding would doggedly cling harmful decision second viewing shared thought ran lawyer lady entered consciousness threw telling observation total dependency comes expense intimacy human beings grave intimacy course much value needs depends largely individualas person familiarbased sensibility empathised strongly caregivers movie easier consider sacrifice love family friends blind would think miracle sea inside therefore insightful deduction humanistic tug war faced guardianship sane incapacitated loved one expressed calm conscious rational intent die right thing daring keeping loved one alive pious gesture show worth love merely soothe selfish fears irreplaceable loss much understanding accorded caregivers would invalid charges submitting total dependency others survival also overlooked act sacrifice rhetoric much dignity worth individual living dying dignity privilege right really care love person also respect eventual decisions life death torrent questions movie might asked answers I position providein eagerness intellectual demarcate merits prolife prochoice run risk ignoring sea grey engulfing people intimately affected caregivers ones care sea inside hence attempted present delicate yet complex relationship dynamic intuitively film understands one thing nature sacrifice never onesided tug war endeavour win arguments intently observe hopefully determine stronger party make sacrificethe sea inside covering film opened eyes things anna see grateful,positive,"['friend', 'mine', 'asked', 'one', 'proeuthanasia', 'order', 'like', 'movie', 'mistake', 'movie', 'infer', 'quadriplegics', 'want', 'end', 'lives', 'interesting', 'questionsas', 'far', 'see', 'correct', 'I', 'wrong', 'one', 'quadriplegic', 'wanted', 'end', 'life', 'sea', 'inside', 'think', 'ran', 'sampedro', 'addressed', 'movie', 'well', 'wants', 'die', 'fighting', 'right', 'decide', 'death', 'speaking', 'quadriplegics', 'though', 'pioneering', 'work', 'depending', 'ones', 'perspective', 'may', 'prove', 'beneficial', 'damaging', 'quadriplegics', 'road', 'primary', 'objective', 'personal', 'one', 'one', 'thing', 'movie', 'opinion', 'anyway', 'forces', 'us', 'viewer', 'ask', 'referring', 'questions', 'friend', 'succinct', 'put', 'forthafter', 'first', 'viewing', 'sea', 'inside', 'walked', 'home', 'conflict', 'blur', 'struggled', 'reconcile', 'exasperating', 'notion', 'would', 'ran', 'want', 'die', 'given', 'love', 'care', 'sacrifices', 'unconditionally', 'showered', 'ran', 'people', 'surrounding', 'would', 'doggedly', 'cling', 'harmful', 'decision', 'second', 'viewing', 'shared', 'thought', 'ran', 'lawyer', 'lady', 'entered', 'consciousness', 'threw', 'telling', 'observation', 'total', 'dependency', 'comes', 'expense', 'intimacy', 'human', 'beings', 'grave', 'intimacy', 'course', 'much', 'value', 'needs', 'depends', 'largely', 'individualas', 'person', 'familiarbased', 'sensibility', 'empathised', 'strongly', 'caregivers', 'movie', 'easier', 'consider', 'sacrifice', 'love', 'family', 'friends', 'blind', 'would', 'think', 'miracle', 'sea', 'inside', 'therefore', 'insightful', 'deduction', 'humanistic', 'tug', 'war', 'faced', 'guardianship', 'sane', 'incapacitated', 'loved', 'one', 'expressed', 'calm', 'conscious', 'rational', 'intent', 'die', 'right', 'thing', 'daring', 'keeping', 'loved', 'one', 'alive', 'pious', 'gesture', 'show', 'worth', 'love', 'merely', 'soothe', 'selfish', 'fears', 'irreplaceable', 'loss', 'much', 'understanding', 'accorded', 'caregivers', 'would', 'invalid', 'charges', 'submitting', 'total', 'dependency', 'others', 'survival', 'also', 'overlooked', 'act', 'sacrifice', 'rhetoric', 'much', 'dignity', 'worth', 'individual', 'living', 'dying', 'dignity', 'privilege', 'right', 'really', 'care', 'love', 'person', 'also', 'respect', 'eventual', 'decisions', 'life', 'death', 'torrent', 'questions', 'movie', 'might', 'asked', 'answers', 'I', 'position', 'providein', 'eagerness', 'intellectual', 'demarcate', 'merits', 'prolife', 'prochoice', 'run', 'risk', 'ignoring', 'sea', 'grey', 'engulfing', 'people', 'intimately', 'affected', 'caregivers', 'ones', 'care', 'sea', 'inside', 'hence', 'attempted', 'present', 'delicate', 'yet', 'complex', 'relationship', 'dynamic', 'intuitively', 'film', 'understands', 'one', 'thing', 'nature', 'sacrifice', 'never', 'onesided', 'tug', 'war', 'endeavour', 'win', 'arguments', 'intently', 'observe', 'hopefully', 'determine', 'stronger', 'party', 'make', 'sacrificethe', 'sea', 'inside', 'covering', 'film', 'opened', 'eyes', 'things', 'anna', 'see', 'grateful']"
sequel hardly ever live original definitely proves true case however big fan original definitely give watch although camera work lacking brian causes character annoying plot clue much funnier first find entertaining see movie expecting performance first film quite frankly bit different rather sitting cabin writing screenplays stanley hollywood trying direct dream project cabin lake movie much different feel still great see stanley back actionI giving 6 10,positive,"['sequel', 'hardly', 'ever', 'live', 'original', 'definitely', 'proves', 'true', 'case', 'however', 'big', 'fan', 'original', 'definitely', 'give', 'watch', 'although', 'camera', 'work', 'lacking', 'brian', 'causes', 'character', 'annoying', 'plot', 'clue', 'much', 'funnier', 'first', 'find', 'entertaining', 'see', 'movie', 'expecting', 'performance', 'first', 'film', 'quite', 'frankly', 'bit', 'different', 'rather', 'sitting', 'cabin', 'writing', 'screenplays', 'stanley', 'hollywood', 'trying', 'direct', 'dream', 'project', 'cabin', 'lake', 'movie', 'much', 'different', 'feel', 'still', 'great', 'see', 'stanley', 'back', 'actionI', 'giving', '6', '10']"
I found movie offensive americans lost somebody towers american people general pretending homage horrible facts happened last years director takes opportunity polemic old facts none terrorist attack criticize americans political behaviour compare different political situation country nothing share atrocity september 11 shame,negative,"['I', 'found', 'movie', 'offensive', 'americans', 'lost', 'somebody', 'towers', 'american', 'people', 'general', 'pretending', 'homage', 'horrible', 'facts', 'happened', 'last', 'years', 'director', 'takes', 'opportunity', 'polemic', 'old', 'facts', 'none', 'terrorist', 'attack', 'criticize', 'americans', 'political', 'behaviour', 'compare', 'different', 'political', 'situation', 'country', 'nothing', 'share', 'atrocity', 'september', '11', 'shame']"
earlier movie videodrome definitely shows similarities movie director david cronenberg ventures world virtual reality truth fiction mix virtual reality taken whole levelexistence highly original movie well directed acted well written movie features fascination well thought concept gets greatly executed director david cronenbergexistence movie knows constantly fool thought figured things another surprise awaits around corner things never like think especially line truth fiction gets explored never really know reality gameworld right till ending makes characters events predictable also provides movie great ending leave thinking even morethe movie perfect kind gameplay storytelling mostly character appearances puzzling events complete certain step task first continue world find purpose game isthe movie knows create perfect balance realism surrealism without ever going overthetop either one storytelling keeps movie simple possible though course movie always simple follow events dialogue unusual environmentthe movie weird though actually surprised see videodrome higher rating thought far inaccessible odd movie movie also still made entertaining good fast pace ever allow movie get stuck philosophical moments deeper meanings also makes movie perfectly watchable people normally watch sort movesthe movie good looking subtle effective special effects great visual look also provides movie certain required gazing feelingthe movie well cast judge law role often see shy insecure person shows actually versatile law actor way another pretty face hollywood jennies jason sleigh also great female lead really played ever many big parts big productions movie shows nevertheless always regarded big movie star movie also features well known actors much smaller roles hold willed defoean highly original movie well worth watching especially seen videodrome previously810,positive,"['earlier', 'movie', 'videodrome', 'definitely', 'shows', 'similarities', 'movie', 'director', 'david', 'cronenberg', 'ventures', 'world', 'virtual', 'reality', 'truth', 'fiction', 'mix', 'virtual', 'reality', 'taken', 'whole', 'levelexistence', 'highly', 'original', 'movie', 'well', 'directed', 'acted', 'well', 'written', 'movie', 'features', 'fascination', 'well', 'thought', 'concept', 'gets', 'greatly', 'executed', 'director', 'david', 'cronenbergexistence', 'movie', 'knows', 'constantly', 'fool', 'thought', 'figured', 'things', 'another', 'surprise', 'awaits', 'around', 'corner', 'things', 'never', 'like', 'think', 'especially', 'line', 'truth', 'fiction', 'gets', 'explored', 'never', 'really', 'know', 'reality', 'gameworld', 'right', 'till', 'ending', 'makes', 'characters', 'events', 'predictable', 'also', 'provides', 'movie', 'great', 'ending', 'leave', 'thinking', 'even', 'morethe', 'movie', 'perfect', 'kind', 'gameplay', 'storytelling', 'mostly', 'character', 'appearances', 'puzzling', 'events', 'complete', 'certain', 'step', 'task', 'first', 'continue', 'world', 'find', 'purpose', 'game', 'isthe', 'movie', 'knows', 'create', 'perfect', 'balance', 'realism', 'surrealism', 'without', 'ever', 'going', 'overthetop', 'either', 'one', 'storytelling', 'keeps', 'movie', 'simple', 'possible', 'though', 'course', 'movie', 'always', 'simple', 'follow', 'events', 'dialogue', 'unusual', 'environmentthe', 'movie', 'weird', 'though', 'actually', 'surprised', 'see', 'videodrome', 'higher', 'rating', 'thought', 'far', 'inaccessible', 'odd', 'movie', 'movie', 'also', 'still', 'made', 'entertaining', 'good', 'fast', 'pace', 'ever', 'allow', 'movie', 'get', 'stuck', 'philosophical', 'moments', 'deeper', 'meanings', 'also', 'makes', 'movie', 'perfectly', 'watchable', 'people', 'normally', 'watch', 'sort', 'movesthe', 'movie', 'good', 'looking', 'subtle', 'effective', 'special', 'effects', 'great', 'visual', 'look', 'also', 'provides', 'movie', 'certain', 'required', 'gazing', 'feelingthe', 'movie', 'well', 'cast', 'judge', 'law', 'role', 'often', 'see', 'shy', 'insecure', 'person', 'shows', 'actually', 'versatile', 'law', 'actor', 'way', 'another', 'pretty', 'face', 'hollywood', 'jennies', 'jason', 'sleigh', 'also', 'great', 'female', 'lead', 'really', 'played', 'ever', 'many', 'big', 'parts', 'big', 'productions', 'movie', 'shows', 'nevertheless', 'always', 'regarded', 'big', 'movie', 'star', 'movie', 'also', 'features', 'well', 'known', 'actors', 'much', 'smaller', 'roles', 'hold', 'willed', 'defoean', 'highly', 'original', 'movie', 'well', 'worth', 'watching', 'especially', 'seen', 'videodrome', 'previously810']"
good episode favorite lot people love creative level brilliant episode diploe cool idea hush candles silence really well plus episode introduces tar like lot like rely initiative maggie wash seem get lot screen time hush plus think gentlemen scar get tired watching float around sunnydale know I minority tend fastforward parts hush course parts episode think great watching recommend seeing episode really classichush revolves around entire town losing voices skelatal looking demonguns called gentlemen arrive gather seven hearts human victims hear human scream die steal voices everyone town puffy scoobies try figure going initiative also start investigation meanwhile wander comes realize much means willow meets fellow witch named tar puffy rely finally come face face fighting gentlemen stunned learn command layer end puffy saves day deal new knowledge relys secret lifereally creativity hush seen basic outline plot overwhelming silence episode makes great characters try communicate different ways whiteout boards pantomime scene finger gestures etc works really well forget diploe good expressing talking parts episode lot references importance really hearing claims wander really talk miles ignores spike wanders protests insists spike move wanders apartment puffy quickly substitutes word petroleum patrolling talks rely explain calling end puffy rely really learn truth sit nothing say pretty coolthere lot good parts episode love people keep forgetting talk puffy wander try use phone ripley use voice recognition thing initiatives elevator people try scream basically everyone would really suddenly speech think hilarious spike move wander also share apartment little season seven wander spike fun bickering childishness hilarious also like beginning tar willows relationship tar plays important role rest show willow pretty cut together nice see starting outon downside understand gentlemen choosing victims seem float around forms pick random people also like rely I never liked hush I pretty much waiting angel come back town beat finally happens bolivia seems like met miles relationship everythings going fine suddenly dropped get itmy favorite part episode miles gentlemen lecture scoobies whole scene wonderful overheads hilarious makes similar looking flashcards season sevens first date pretty much daytime miles starts drawing monsters donna fun,positive,"['good', 'episode', 'favorite', 'lot', 'people', 'love', 'creative', 'level', 'brilliant', 'episode', 'diploe', 'cool', 'idea', 'hush', 'candles', 'silence', 'really', 'well', 'plus', 'episode', 'introduces', 'tar', 'like', 'lot', 'like', 'rely', 'initiative', 'maggie', 'wash', 'seem', 'get', 'lot', 'screen', 'time', 'hush', 'plus', 'think', 'gentlemen', 'scar', 'get', 'tired', 'watching', 'float', 'around', 'sunnydale', 'know', 'I', 'minority', 'tend', 'fastforward', 'parts', 'hush', 'course', 'parts', 'episode', 'think', 'great', 'watching', 'recommend', 'seeing', 'episode', 'really', 'classichush', 'revolves', 'around', 'entire', 'town', 'losing', 'voices', 'skelatal', 'looking', 'demonguns', 'called', 'gentlemen', 'arrive', 'gather', 'seven', 'hearts', 'human', 'victims', 'hear', 'human', 'scream', 'die', 'steal', 'voices', 'everyone', 'town', 'puffy', 'scoobies', 'try', 'figure', 'going', 'initiative', 'also', 'start', 'investigation', 'meanwhile', 'wander', 'comes', 'realize', 'much', 'means', 'willow', 'meets', 'fellow', 'witch', 'named', 'tar', 'puffy', 'rely', 'finally', 'come', 'face', 'face', 'fighting', 'gentlemen', 'stunned', 'learn', 'command', 'layer', 'end', 'puffy', 'saves', 'day', 'deal', 'new', 'knowledge', 'relys', 'secret', 'lifereally', 'creativity', 'hush', 'seen', 'basic', 'outline', 'plot', 'overwhelming', 'silence', 'episode', 'makes', 'great', 'characters', 'try', 'communicate', 'different', 'ways', 'whiteout', 'boards', 'pantomime', 'scene', 'finger', 'gestures', 'etc', 'works', 'really', 'well', 'forget', 'diploe', 'good', 'expressing', 'talking', 'parts', 'episode', 'lot', 'references', 'importance', 'really', 'hearing', 'claims', 'wander', 'really', 'talk', 'miles', 'ignores', 'spike', 'wanders', 'protests', 'insists', 'spike', 'move', 'wanders', 'apartment', 'puffy', 'quickly', 'substitutes', 'word', 'petroleum', 'patrolling', 'talks', 'rely', 'explain', 'calling', 'end', 'puffy', 'rely', 'really', 'learn', 'truth', 'sit', 'nothing', 'say', 'pretty', 'coolthere', 'lot', 'good', 'parts', 'episode', 'love', 'people', 'keep', 'forgetting', 'talk', 'puffy', 'wander', 'try', 'use', 'phone', 'ripley', 'use', 'voice', 'recognition', 'thing', 'initiatives', 'elevator', 'people', 'try', 'scream', 'basically', 'everyone', 'would', 'really', 'suddenly', 'speech', 'think', 'hilarious', 'spike', 'move', 'wander', 'also', 'share', 'apartment', 'little', 'season', 'seven', 'wander', 'spike', 'fun', 'bickering', 'childishness', 'hilarious', 'also', 'like', 'beginning', 'tar', 'willows', 'relationship', 'tar', 'plays', 'important', 'role', 'rest', 'show', 'willow', 'pretty', 'cut', 'together', 'nice', 'see', 'starting', 'outon', 'downside', 'understand', 'gentlemen', 'choosing', 'victims', 'seem', 'float', 'around', 'forms', 'pick', 'random', 'people', 'also', 'like', 'rely', 'I', 'never', 'liked', 'hush', 'I', 'pretty', 'much', 'waiting', 'angel', 'come', 'back', 'town', 'beat', 'finally', 'happens', 'bolivia', 'seems', 'like', 'met', 'miles', 'relationship', 'everythings', 'going', 'fine', 'suddenly', 'dropped', 'get', 'itmy', 'favorite', 'part', 'episode', 'miles', 'gentlemen', 'lecture', 'scoobies', 'whole', 'scene', 'wonderful', 'overheads', 'hilarious', 'makes', 'similar', 'looking', 'flashcards', 'season', 'sevens', 'first', 'date', 'pretty', 'much', 'daytime', 'miles', 'starts', 'drawing', 'monsters', 'donna', 'fun']"
backwater valley exorcise movie possessed young girl need describe plot exorcise exorcise emily rose two terrific terrifying moves classic mio backwater valley exorcise long shot certainly terrible low budget copy exorcise could start finish feel made sii channel production one moves probably spoiled ridiculed mystery science theater 3000 similar showthe make effects absolutely laughable acting horrendously bad single performance lead rolling eyes tingling oh except maybe neffer reanimated combs sheriff script terrible certainly anything specialit seems like movie everyone focused sleeping demon possessed girl room oh something learned movie apparently teenage daughter possessed demon lock room cmon daughter possessed worry much make talk funny voices eat rabbits try stare put fog machines bed nothing worry apparently possessed low budget dlist demonthere none ghastly deeds done alist demon like crucify intercourse painful body distortion even projectiles vomitingtotally laughable movie worth even discount rental2 10,negative,"['backwater', 'valley', 'exorcise', 'movie', 'possessed', 'young', 'girl', 'need', 'describe', 'plot', 'exorcise', 'exorcise', 'emily', 'rose', 'two', 'terrific', 'terrifying', 'moves', 'classic', 'mio', 'backwater', 'valley', 'exorcise', 'long', 'shot', 'certainly', 'terrible', 'low', 'budget', 'copy', 'exorcise', 'could', 'start', 'finish', 'feel', 'made', 'sii', 'channel', 'production', 'one', 'moves', 'probably', 'spoiled', 'ridiculed', 'mystery', 'science', 'theater', '3000', 'similar', 'showthe', 'make', 'effects', 'absolutely', 'laughable', 'acting', 'horrendously', 'bad', 'single', 'performance', 'lead', 'rolling', 'eyes', 'tingling', 'oh', 'except', 'maybe', 'neffer', 'reanimated', 'combs', 'sheriff', 'script', 'terrible', 'certainly', 'anything', 'specialit', 'seems', 'like', 'movie', 'everyone', 'focused', 'sleeping', 'demon', 'possessed', 'girl', 'room', 'oh', 'something', 'learned', 'movie', 'apparently', 'teenage', 'daughter', 'possessed', 'demon', 'lock', 'room', 'cmon', 'daughter', 'possessed', 'worry', 'much', 'make', 'talk', 'funny', 'voices', 'eat', 'rabbits', 'try', 'stare', 'put', 'fog', 'machines', 'bed', 'nothing', 'worry', 'apparently', 'possessed', 'low', 'budget', 'dlist', 'demonthere', 'none', 'ghastly', 'deeds', 'done', 'alist', 'demon', 'like', 'crucify', 'intercourse', 'painful', 'body', 'distortion', 'even', 'projectiles', 'vomitingtotally', 'laughable', 'movie', 'worth', 'even', 'discount', 'rental2', '10']"
anyone praise crude film version seeing marvelous waterloo bridge given sleigh robert taylor beyond comprehensionmay clarkes may far cry role played given sleigh make plays common american girl brooklyn accent yeah responses bit jarring one expecting less coarse character douglas montgomery killed final credits kent douglas wildly improbable soldier smitten matter many times lets better davis nothing role bit parttheir melodramatic confrontation last twenty minutes film beyond belief extravagant bits operatingeven given fact crude version story sound years old silent acting still ragejust awful ends abruptly clarke losing life coming bridge endit none beautifully shaded performances mmm make 1940 including sterling supporting cast instead one mounted lowbudget production values mean shoestring budget subtle precode baseness scene may tells aristocratic lady must marry son roy simply says picked waterloo bridge explanation nothing bold therehumming original best version means given sleigh robert taylor never surpassed may roy tender exquisitely acted 1940 film classic,negative,"['anyone', 'praise', 'crude', 'film', 'version', 'seeing', 'marvelous', 'waterloo', 'bridge', 'given', 'sleigh', 'robert', 'taylor', 'beyond', 'comprehensionmay', 'clarkes', 'may', 'far', 'cry', 'role', 'played', 'given', 'sleigh', 'make', 'plays', 'common', 'american', 'girl', 'brooklyn', 'accent', 'yeah', 'responses', 'bit', 'jarring', 'one', 'expecting', 'less', 'coarse', 'character', 'douglas', 'montgomery', 'killed', 'final', 'credits', 'kent', 'douglas', 'wildly', 'improbable', 'soldier', 'smitten', 'matter', 'many', 'times', 'lets', 'better', 'davis', 'nothing', 'role', 'bit', 'parttheir', 'melodramatic', 'confrontation', 'last', 'twenty', 'minutes', 'film', 'beyond', 'belief', 'extravagant', 'bits', 'operatingeven', 'given', 'fact', 'crude', 'version', 'story', 'sound', 'years', 'old', 'silent', 'acting', 'still', 'ragejust', 'awful', 'ends', 'abruptly', 'clarke', 'losing', 'life', 'coming', 'bridge', 'endit', 'none', 'beautifully', 'shaded', 'performances', 'mmm', 'make', '1940', 'including', 'sterling', 'supporting', 'cast', 'instead', 'one', 'mounted', 'lowbudget', 'production', 'values', 'mean', 'shoestring', 'budget', 'subtle', 'precode', 'baseness', 'scene', 'may', 'tells', 'aristocratic', 'lady', 'must', 'marry', 'son', 'roy', 'simply', 'says', 'picked', 'waterloo', 'bridge', 'explanation', 'nothing', 'bold', 'therehumming', 'original', 'best', 'version', 'means', 'given', 'sleigh', 'robert', 'taylor', 'never', 'surpassed', 'may', 'roy', 'tender', 'exquisitely', 'acted', '1940', 'film', 'classic']"
robert heinleins classic novel warship troopers missed around recent years everything paul verhoevens 1997 film series number games none speak really captured spirit novel games usually unrelated series spin less said verhoevens film better little know however japan animated adaptation already done released year heinleins death believe despite differences 6part animated series plotwise faithful adaptation heinleins classicthe obvious plus series presence lowered armor exoskeletons something deprived verhoevens film like book series focused characters relationships action space travel though see fair amount events happen differently book feel books plot present rico cabmen romantic entanglement slightly touched upon book may believe dialogue character interaction bit inferior book gets bit aime treatment expect far superior film heinleins political views merely excised opposed film reversed big payoff series however climate battle klendathu troopers bagsaliens features kind action lowered armor suits would like seen film versionoverall enjoyed series wanted see vision closer heinlein think pretty well find series give look,positive,"['robert', 'heinleins', 'classic', 'novel', 'warship', 'troopers', 'missed', 'around', 'recent', 'years', 'everything', 'paul', 'verhoevens', '1997', 'film', 'series', 'number', 'games', 'none', 'speak', 'really', 'captured', 'spirit', 'novel', 'games', 'usually', 'unrelated', 'series', 'spin', 'less', 'said', 'verhoevens', 'film', 'better', 'little', 'know', 'however', 'japan', 'animated', 'adaptation', 'already', 'done', 'released', 'year', 'heinleins', 'death', 'believe', 'despite', 'differences', '6part', 'animated', 'series', 'plotwise', 'faithful', 'adaptation', 'heinleins', 'classicthe', 'obvious', 'plus', 'series', 'presence', 'lowered', 'armor', 'exoskeletons', 'something', 'deprived', 'verhoevens', 'film', 'like', 'book', 'series', 'focused', 'characters', 'relationships', 'action', 'space', 'travel', 'though', 'see', 'fair', 'amount', 'events', 'happen', 'differently', 'book', 'feel', 'books', 'plot', 'present', 'rico', 'cabmen', 'romantic', 'entanglement', 'slightly', 'touched', 'upon', 'book', 'may', 'believe', 'dialogue', 'character', 'interaction', 'bit', 'inferior', 'book', 'gets', 'bit', 'aime', 'treatment', 'expect', 'far', 'superior', 'film', 'heinleins', 'political', 'views', 'merely', 'excised', 'opposed', 'film', 'reversed', 'big', 'payoff', 'series', 'however', 'climate', 'battle', 'klendathu', 'troopers', 'bagsaliens', 'features', 'kind', 'action', 'lowered', 'armor', 'suits', 'would', 'like', 'seen', 'film', 'versionoverall', 'enjoyed', 'series', 'wanted', 'see', 'vision', 'closer', 'heinlein', 'think', 'pretty', 'well', 'find', 'series', 'give', 'look']"
movie one worst horror moves ever seen first scene knew would smash crash starts seemingly bad girl killing bunch nuns mission turns people possessed random hobbies well years later college kiss pulling pledge prank horrible acting goes pledge head lock things like lock yelling stuff quite noncharlotte manner pledge reacting overdoing whole eager popular role really took cake one final battle absolutely horrible special effects guns example guns making noise muzzle flash viceversa accompanied stopanimation hobbies move stop motion mystery cheese music 40 guns come nowhereoverall movie cap like many others rent 50 cents nearest low brow movie rental place,negative,"['movie', 'one', 'worst', 'horror', 'moves', 'ever', 'seen', 'first', 'scene', 'knew', 'would', 'smash', 'crash', 'starts', 'seemingly', 'bad', 'girl', 'killing', 'bunch', 'nuns', 'mission', 'turns', 'people', 'possessed', 'random', 'hobbies', 'well', 'years', 'later', 'college', 'kiss', 'pulling', 'pledge', 'prank', 'horrible', 'acting', 'goes', 'pledge', 'head', 'lock', 'things', 'like', 'lock', 'yelling', 'stuff', 'quite', 'noncharlotte', 'manner', 'pledge', 'reacting', 'overdoing', 'whole', 'eager', 'popular', 'role', 'really', 'took', 'cake', 'one', 'final', 'battle', 'absolutely', 'horrible', 'special', 'effects', 'guns', 'example', 'guns', 'making', 'noise', 'muzzle', 'flash', 'viceversa', 'accompanied', 'stopanimation', 'hobbies', 'move', 'stop', 'motion', 'mystery', 'cheese', 'music', '40', 'guns', 'come', 'nowhereoverall', 'movie', 'cap', 'like', 'many', 'others', 'rent', '50', 'cents', 'nearest', 'low', 'brow', 'movie', 'rental', 'place']"
saw last night broadcast canadian broadcasting corporations passionate eye series screened recently sept 2003 toronto international film festival well many others quite remarkable film filmmakers literally stumbled story make documentary instead found squarely middle events coup unfolded unprecedented access events people part let story unfold happens course ideological perspective make evident keep background instead try focus attention events people background history leading coup film groundbreaking stylistic aesthetic sense think way get see embedded journalism really get see remarkable account country struggling attain democracy charismatic leader actually cares people story power greed coalition corporatemilitarymedia interests combine lead coup democratically elected leader unprecedented access historical event unfold,positive,"['saw', 'last', 'night', 'broadcast', 'canadian', 'broadcasting', 'corporations', 'passionate', 'eye', 'series', 'screened', 'recently', 'sept', '2003', 'toronto', 'international', 'film', 'festival', 'well', 'many', 'others', 'quite', 'remarkable', 'film', 'filmmakers', 'literally', 'stumbled', 'story', 'make', 'documentary', 'instead', 'found', 'squarely', 'middle', 'events', 'coup', 'unfolded', 'unprecedented', 'access', 'events', 'people', 'part', 'let', 'story', 'unfold', 'happens', 'course', 'ideological', 'perspective', 'make', 'evident', 'keep', 'background', 'instead', 'try', 'focus', 'attention', 'events', 'people', 'background', 'history', 'leading', 'coup', 'film', 'groundbreaking', 'stylistic', 'aesthetic', 'sense', 'think', 'way', 'get', 'see', 'embedded', 'journalism', 'really', 'get', 'see', 'remarkable', 'account', 'country', 'struggling', 'attain', 'democracy', 'charismatic', 'leader', 'actually', 'cares', 'people', 'story', 'power', 'greed', 'coalition', 'corporatemilitarymedia', 'interests', 'combine', 'lead', 'coup', 'democratically', 'elected', 'leader', 'unprecedented', 'access', 'historical', 'event', 'unfold']"
saw first came seen several times since one drew barrymores best works one worth seeing popular high school one f things film could relate quite tortured jose real high school days like always never go tothemajorparty type either scene three popular girls fall victim prank jose pushes way always intended victim favorite scene clapped first saw still watch movie today excellent,positive,"['saw', 'first', 'came', 'seen', 'several', 'times', 'since', 'one', 'drew', 'barrymores', 'best', 'works', 'one', 'worth', 'seeing', 'popular', 'high', 'school', 'one', 'f', 'things', 'film', 'could', 'relate', 'quite', 'tortured', 'jose', 'real', 'high', 'school', 'days', 'like', 'always', 'never', 'go', 'tothemajorparty', 'type', 'either', 'scene', 'three', 'popular', 'girls', 'fall', 'victim', 'prank', 'jose', 'pushes', 'way', 'always', 'intended', 'victim', 'favorite', 'scene', 'clapped', 'first', 'saw', 'still', 'watch', 'movie', 'today', 'excellent']"
admittedly first picked ran 12 around twelve library searched desperately something good read went comicmania section spotted book first reads chapters really know going knew loved even took home reads frankly getting anywhere five months I 16 ago friend watching aime series remembered mania could remember called recalled author rurik takahashi creator masha growled made rash decision watch 161 episodes first little thrown 1990 graphics really matter end aime ever made laugh hard remind watch watched 45 consecutive episodes within day know could stop eventually two days grew obsessed even dreamtas crazy soundsabout watching ran never found series enjoyable funny heartwarming watch day 161 episodes enough keep satisfied course cliffhanger ending enough make go bankers series alone enough make continue reading ran 12 boy named ran saotome dad genoa saotome intense martial artists intense went ancient training grounds china became cursed grounds full different pools springs land one take shape whatever drowned roused cold water genoa ran girl crafty fun loving story top genoa promises friend ran marry one daughters keep tendo domo alive course one gets matched rates guns feelings mutual obviously start like one another way stubborn admit genoa history promised ran many girls trust worth watching humorous heartwarming around amazing,positive,"['admittedly', 'first', 'picked', 'ran', '12', 'around', 'twelve', 'library', 'searched', 'desperately', 'something', 'good', 'read', 'went', 'comicmania', 'section', 'spotted', 'book', 'first', 'reads', 'chapters', 'really', 'know', 'going', 'knew', 'loved', 'even', 'took', 'home', 'reads', 'frankly', 'getting', 'anywhere', 'five', 'months', 'I', '16', 'ago', 'friend', 'watching', 'aime', 'series', 'remembered', 'mania', 'could', 'remember', 'called', 'recalled', 'author', 'rurik', 'takahashi', 'creator', 'masha', 'growled', 'made', 'rash', 'decision', 'watch', '161', 'episodes', 'first', 'little', 'thrown', '1990', 'graphics', 'really', 'matter', 'end', 'aime', 'ever', 'made', 'laugh', 'hard', 'remind', 'watch', 'watched', '45', 'consecutive', 'episodes', 'within', 'day', 'know', 'could', 'stop', 'eventually', 'two', 'days', 'grew', 'obsessed', 'even', 'dreamtas', 'crazy', 'soundsabout', 'watching', 'ran', 'never', 'found', 'series', 'enjoyable', 'funny', 'heartwarming', 'watch', 'day', '161', 'episodes', 'enough', 'keep', 'satisfied', 'course', 'cliffhanger', 'ending', 'enough', 'make', 'go', 'bankers', 'series', 'alone', 'enough', 'make', 'continue', 'reading', 'ran', '12', 'boy', 'named', 'ran', 'saotome', 'dad', 'genoa', 'saotome', 'intense', 'martial', 'artists', 'intense', 'went', 'ancient', 'training', 'grounds', 'china', 'became', 'cursed', 'grounds', 'full', 'different', 'pools', 'springs', 'land', 'one', 'take', 'shape', 'whatever', 'drowned', 'roused', 'cold', 'water', 'genoa', 'ran', 'girl', 'crafty', 'fun', 'loving', 'story', 'top', 'genoa', 'promises', 'friend', 'ran', 'marry', 'one', 'daughters', 'keep', 'tendo', 'domo', 'alive', 'course', 'one', 'gets', 'matched', 'rates', 'guns', 'feelings', 'mutual', 'obviously', 'start', 'like', 'one', 'another', 'way', 'stubborn', 'admit', 'genoa', 'history', 'promised', 'ran', 'many', 'girls', 'trust', 'worth', 'watching', 'humorous', 'heartwarming', 'around', 'amazing']"
question film merit two different titles like librarian strike force answer film sooooooooo bad filmmakers could even decide title film hodgepodge martial arts death wishvendettas melodrama romance click film technique story focused vigilance group called librarian led agent simon william forsythe group hot pursuit nefarious multilingual pockmarked creature named marcus andrew divoff captures women holds hostage lawless urban world south florida reynolds appears cameo film scene entirely extraneous action delivers long monologue one strangest draws ever heard may buts attempt irish dialect overall effect kind perverse imitation maroon brandy godfather also appearing film erie eleniak infiltrated inner circle marcus bizarre world eries character kickboxes way alliance simon librarian erie become powerful strike force evil film delivered directly editing room cable converted box,negative,"['question', 'film', 'merit', 'two', 'different', 'titles', 'like', 'librarian', 'strike', 'force', 'answer', 'film', 'sooooooooo', 'bad', 'filmmakers', 'could', 'even', 'decide', 'title', 'film', 'hodgepodge', 'martial', 'arts', 'death', 'wishvendettas', 'melodrama', 'romance', 'click', 'film', 'technique', 'story', 'focused', 'vigilance', 'group', 'called', 'librarian', 'led', 'agent', 'simon', 'william', 'forsythe', 'group', 'hot', 'pursuit', 'nefarious', 'multilingual', 'pockmarked', 'creature', 'named', 'marcus', 'andrew', 'divoff', 'captures', 'women', 'holds', 'hostage', 'lawless', 'urban', 'world', 'south', 'florida', 'reynolds', 'appears', 'cameo', 'film', 'scene', 'entirely', 'extraneous', 'action', 'delivers', 'long', 'monologue', 'one', 'strangest', 'draws', 'ever', 'heard', 'may', 'buts', 'attempt', 'irish', 'dialect', 'overall', 'effect', 'kind', 'perverse', 'imitation', 'maroon', 'brandy', 'godfather', 'also', 'appearing', 'film', 'erie', 'eleniak', 'infiltrated', 'inner', 'circle', 'marcus', 'bizarre', 'world', 'eries', 'character', 'kickboxes', 'way', 'alliance', 'simon', 'librarian', 'erie', 'become', 'powerful', 'strike', 'force', 'evil', 'film', 'delivered', 'directly', 'editing', 'room', 'cable', 'converted', 'box']"
man goffredo found floating sea among wreckage destroyed boat florida coast helicopter inches reveal legs missing knees dr still dickens valentine manner partner dr bob began lawrence morgan marine geologists sort conducting research sea regarding dolphin sea began hears strange highpitched noise intrigues still hire peter michael sophie assistant sand iris peynado create device locate track source something like anyway made particularly clear meanwhile scientist named florida india de pont cinthia stewart works rival organisation called west ocean international brutally murdered threatens expose someone within organisation people attacked sheriff gordon giant dark john dark case peter still began sand set sea soon enough find evidence something monstrous unfriendly may lurking beneath surface together rival scientist professor donald west william merger sheriff gordon united states army set destroy monster sinister forces work someone want genetically engineered creature exposed cost directed lembert cava john old jr far cry classic italian horror splitter films 70s early 80s script gianfranco clerical picking dardando sacchetti readily slow put people sleep well 90 odd minute run time elapsed monster barely used large portions film made forage boats helicopter large chinks first half concentrate mysterious behind part story really speak guy legs bitten someone one arm special effects monster generally poor shown quick flashes disappointing cast virtual nobodys help make easier sit really much recommend film bother lot better,negative,"['man', 'goffredo', 'found', 'floating', 'sea', 'among', 'wreckage', 'destroyed', 'boat', 'florida', 'coast', 'helicopter', 'inches', 'reveal', 'legs', 'missing', 'knees', 'dr', 'still', 'dickens', 'valentine', 'manner', 'partner', 'dr', 'bob', 'began', 'lawrence', 'morgan', 'marine', 'geologists', 'sort', 'conducting', 'research', 'sea', 'regarding', 'dolphin', 'sea', 'began', 'hears', 'strange', 'highpitched', 'noise', 'intrigues', 'still', 'hire', 'peter', 'michael', 'sophie', 'assistant', 'sand', 'iris', 'peynado', 'create', 'device', 'locate', 'track', 'source', 'something', 'like', 'anyway', 'made', 'particularly', 'clear', 'meanwhile', 'scientist', 'named', 'florida', 'india', 'de', 'pont', 'cinthia', 'stewart', 'works', 'rival', 'organisation', 'called', 'west', 'ocean', 'international', 'brutally', 'murdered', 'threatens', 'expose', 'someone', 'within', 'organisation', 'people', 'attacked', 'sheriff', 'gordon', 'giant', 'dark', 'john', 'dark', 'case', 'peter', 'still', 'began', 'sand', 'set', 'sea', 'soon', 'enough', 'find', 'evidence', 'something', 'monstrous', 'unfriendly', 'may', 'lurking', 'beneath', 'surface', 'together', 'rival', 'scientist', 'professor', 'donald', 'west', 'william', 'merger', 'sheriff', 'gordon', 'united', 'states', 'army', 'set', 'destroy', 'monster', 'sinister', 'forces', 'work', 'someone', 'want', 'genetically', 'engineered', 'creature', 'exposed', 'cost', 'directed', 'lembert', 'cava', 'john', 'old', 'jr', 'far', 'cry', 'classic', 'italian', 'horror', 'splitter', 'films', '70s', 'early', '80s', 'script', 'gianfranco', 'clerical', 'picking', 'dardando', 'sacchetti', 'readily', 'slow', 'put', 'people', 'sleep', 'well', '90', 'odd', 'minute', 'run', 'time', 'elapsed', 'monster', 'barely', 'used', 'large', 'portions', 'film', 'made', 'forage', 'boats', 'helicopter', 'large', 'chinks', 'first', 'half', 'concentrate', 'mysterious', 'behind', 'part', 'story', 'really', 'speak', 'guy', 'legs', 'bitten', 'someone', 'one', 'arm', 'special', 'effects', 'monster', 'generally', 'poor', 'shown', 'quick', 'flashes', 'disappointing', 'cast', 'virtual', 'nobodys', 'help', 'make', 'easier', 'sit', 'really', 'much', 'recommend', 'film', 'bother', 'lot', 'better']"
bought movie see really loving seeing like much mean acting good everything guess whenever showed totally unnecessary state scenes saying alright know professional skateboarder get back ran dung dung rake brandon really made movie perspectivei noticed penn river obviously missy rothstein haggard dating time anyway actually enjoyed haggard think really like movie I ever seen sort category,positive,"['bought', 'movie', 'see', 'really', 'loving', 'seeing', 'like', 'much', 'mean', 'acting', 'good', 'everything', 'guess', 'whenever', 'showed', 'totally', 'unnecessary', 'state', 'scenes', 'saying', 'alright', 'know', 'professional', 'skateboarder', 'get', 'back', 'ran', 'dung', 'dung', 'rake', 'brandon', 'really', 'made', 'movie', 'perspectivei', 'noticed', 'penn', 'river', 'obviously', 'missy', 'rothstein', 'haggard', 'dating', 'time', 'anyway', 'actually', 'enjoyed', 'haggard', 'think', 'really', 'like', 'movie', 'I', 'ever', 'seen', 'sort', 'category']"
much dead body painfully funny actually squirming seat embarrassment actorseva honoria proves carry film terrible romantic comedy really even comedy timing grating annoying ghost returns earth keep cook psychic dating widower fiance fiance played paul rude grippe harmless psychic played lake bell bringing movie whatever anaemic energy felt sorry bell appears comic abilities working overcome effort make material work unfortunately insurmountably task making movie features jason signs tolerable dragged rest cast like leo dicaprio end titanic dead body actually ied laziness utter lack effort started think interesting projects get funded vast amounts money tunneled bland cap like seriously hollywood think moves like good enough stupid really think moviegoing public grade f,negative,"['much', 'dead', 'body', 'painfully', 'funny', 'actually', 'squirming', 'seat', 'embarrassment', 'actorseva', 'honoria', 'proves', 'carry', 'film', 'terrible', 'romantic', 'comedy', 'really', 'even', 'comedy', 'timing', 'grating', 'annoying', 'ghost', 'returns', 'earth', 'keep', 'cook', 'psychic', 'dating', 'widower', 'fiance', 'fiance', 'played', 'paul', 'rude', 'grippe', 'harmless', 'psychic', 'played', 'lake', 'bell', 'bringing', 'movie', 'whatever', 'anaemic', 'energy', 'felt', 'sorry', 'bell', 'appears', 'comic', 'abilities', 'working', 'overcome', 'effort', 'make', 'material', 'work', 'unfortunately', 'insurmountably', 'task', 'making', 'movie', 'features', 'jason', 'signs', 'tolerable', 'dragged', 'rest', 'cast', 'like', 'leo', 'dicaprio', 'end', 'titanic', 'dead', 'body', 'actually', 'ied', 'laziness', 'utter', 'lack', 'effort', 'started', 'think', 'interesting', 'projects', 'get', 'funded', 'vast', 'amounts', 'money', 'tunneled', 'bland', 'cap', 'like', 'seriously', 'hollywood', 'think', 'moves', 'like', 'good', 'enough', 'stupid', 'really', 'think', 'moviegoing', 'public', 'grade', 'f']"
writerdirector peter greenaway cement title high lord art house pretension latest exercise obnoxious selfindulgence 8 ½ women film follows wealthy englishman son mutual quest sexual satisfaction lure blackmailed women guess many joining personal collection concubinesthink possible way premise could offensive chances greenaways done female characters little catalogue perishes two protagonists partake kabukiobsessed mio everpregnant giaconda beryl got thing farm animals giulietta legs uses wheelchair half woman get greenaway vehemently denied accusations misogyny isthe film goes criticize anything everything japan continuation themes snoreworthy less exist 1996 film pillow book pillow book exotic graceful 8 ½ women gets horny exploitation greenaways work tactless arrogant fetishism person likely enjoy watching,negative,"['writerdirector', 'peter', 'greenaway', 'cement', 'title', 'high', 'lord', 'art', 'house', 'pretension', 'latest', 'exercise', 'obnoxious', 'selfindulgence', '8', '½', 'women', 'film', 'follows', 'wealthy', 'englishman', 'son', 'mutual', 'quest', 'sexual', 'satisfaction', 'lure', 'blackmailed', 'women', 'guess', 'many', 'joining', 'personal', 'collection', 'concubinesthink', 'possible', 'way', 'premise', 'could', 'offensive', 'chances', 'greenaways', 'done', 'female', 'characters', 'little', 'catalogue', 'perishes', 'two', 'protagonists', 'partake', 'kabukiobsessed', 'mio', 'everpregnant', 'giaconda', 'beryl', 'got', 'thing', 'farm', 'animals', 'giulietta', 'legs', 'uses', 'wheelchair', 'half', 'woman', 'get', 'greenaway', 'vehemently', 'denied', 'accusations', 'misogyny', 'isthe', 'film', 'goes', 'criticize', 'anything', 'everything', 'japan', 'continuation', 'themes', 'snoreworthy', 'less', 'exist', '1996', 'film', 'pillow', 'book', 'pillow', 'book', 'exotic', 'graceful', '8', '½', 'women', 'gets', 'horny', 'exploitation', 'greenaways', 'work', 'tactless', 'arrogant', 'fetishism', 'person', 'likely', 'enjoy', 'watching']"
movie many flaws fact fun movie eddies murphy peaks 80s moves character indistinguishable earlier moves timing almost lawless perfect partners failscouple hypnotics beauty charlotte lewis makes fun rainy day actioncomedy flick,positive,"['movie', 'many', 'flaws', 'fact', 'fun', 'movie', 'eddies', 'murphy', 'peaks', '80s', 'moves', 'character', 'indistinguishable', 'earlier', 'moves', 'timing', 'almost', 'lawless', 'perfect', 'partners', 'failscouple', 'hypnotics', 'beauty', 'charlotte', 'lewis', 'makes', 'fun', 'rainy', 'day', 'actioncomedy', 'flick']"
simple story say nails premise world war 3 kills human race viewing 2 survivor message 2 warring sides odds first place distilled representatives side see everything come together forsecurity finding resources food shelter etc survival loveat end decided pool resources finally survive simple story expressed limited budget early television landscape see 2009 somewhat old maybe predictable early one seen stuff give 10,positive,"['simple', 'story', 'say', 'nails', 'premise', 'world', 'war', '3', 'kills', 'human', 'race', 'viewing', '2', 'survivor', 'message', '2', 'warring', 'sides', 'odds', 'first', 'place', 'distilled', 'representatives', 'side', 'see', 'everything', 'come', 'together', 'forsecurity', 'finding', 'resources', 'food', 'shelter', 'etc', 'survival', 'loveat', 'end', 'decided', 'pool', 'resources', 'finally', 'survive', 'simple', 'story', 'expressed', 'limited', 'budget', 'early', 'television', 'landscape', 'see', '2009', 'somewhat', 'old', 'maybe', 'predictable', 'early', 'one', 'seen', 'stuff', 'give', '10']"
know I taking time review wasteoftime movie stick long enough hopes satisfying conclusion  good bad surprising  finally files stiff formula predictable dialogue acting indoor scenes harshly lit think camera loomed one millimetre You would see krieg lights costumes hairdos sets starched pressed immaculate supposed imagine common people really lived like early withcentury arizona reviews comparisons sam peckinpah insult peckinpah least director wove violence context chaos maybe hard mens gratuitous exploding suits wooden impersonations bad guns manured fingernails hut believe lesion thought might making something worth film get clutch gun cold fingers coburg I never guess signed bravest want see movie end west knew end western knew watch shooting forgiven last hard men monkey obituary western,negative,"['know', 'I', 'taking', 'time', 'review', 'wasteoftime', 'movie', 'stick', 'long', 'enough', 'hopes', 'satisfying', 'conclusion', '\x96', 'good', 'bad', 'surprising', '\x96', 'finally', 'files', 'stiff', 'formula', 'predictable', 'dialogue', 'acting', 'indoor', 'scenes', 'harshly', 'lit', 'think', 'camera', 'loomed', 'one', 'millimetre', 'You', 'would', 'see', 'krieg', 'lights', 'costumes', 'hairdos', 'sets', 'starched', 'pressed', 'immaculate', 'supposed', 'imagine', 'common', 'people', 'really', 'lived', 'like', 'early', 'withcentury', 'arizona', 'reviews', 'comparisons', 'sam', 'peckinpah', 'insult', 'peckinpah', 'least', 'director', 'wove', 'violence', 'context', 'chaos', 'maybe', 'hard', 'mens', 'gratuitous', 'exploding', 'suits', 'wooden', 'impersonations', 'bad', 'guns', 'manured', 'fingernails', 'hut', 'believe', 'lesion', 'thought', 'might', 'making', 'something', 'worth', 'film', 'get', 'clutch', 'gun', 'cold', 'fingers', 'coburg', 'I', 'never', 'guess', 'signed', 'bravest', 'want', 'see', 'movie', 'end', 'west', 'knew', 'end', 'western', 'knew', 'watch', 'shooting', 'forgiven', 'last', 'hard', 'men', 'monkey', 'obituary', 'western']"
movie rather odd viewing experience movie obviously based play I sure everything movie works fine play movie feel terribly interesting enough watch movie way stage even gathered change diploe make fitting movie instead presented almost literally refilling stageplay overthetop characters stage diploe storyline really work movie becomes almost complete bore obsolete viewing experienceit takes figure comedy watching first think drama watching quickly characters movie progresses notice movie tragicomedy means really toward comedy gene rather drama genethe characters diploe really things make movie quickly overthetop one times really become unwatchable sure actors great peter otools savannah york amongst others really uplifts movie level watchable enoughthe story feels totally disorientated basically story nothing mainly focused brothersister characters played peter otools savannah york exactly story even movie feels like painless obsolete one little offer like said I sure story good interesting watch stage movie really fitting simply work outthe editing simply dreadful times becomes even laughable bad certain sequence expect director j lee thompson obviously done far better moves rather failed stageplay translated screen projectreally worth time410,negative,"['movie', 'rather', 'odd', 'viewing', 'experience', 'movie', 'obviously', 'based', 'play', 'I', 'sure', 'everything', 'movie', 'works', 'fine', 'play', 'movie', 'feel', 'terribly', 'interesting', 'enough', 'watch', 'movie', 'way', 'stage', 'even', 'gathered', 'change', 'diploe', 'make', 'fitting', 'movie', 'instead', 'presented', 'almost', 'literally', 'refilling', 'stageplay', 'overthetop', 'characters', 'stage', 'diploe', 'storyline', 'really', 'work', 'movie', 'becomes', 'almost', 'complete', 'bore', 'obsolete', 'viewing', 'experienceit', 'takes', 'figure', 'comedy', 'watching', 'first', 'think', 'drama', 'watching', 'quickly', 'characters', 'movie', 'progresses', 'notice', 'movie', 'tragicomedy', 'means', 'really', 'toward', 'comedy', 'gene', 'rather', 'drama', 'genethe', 'characters', 'diploe', 'really', 'things', 'make', 'movie', 'quickly', 'overthetop', 'one', 'times', 'really', 'become', 'unwatchable', 'sure', 'actors', 'great', 'peter', 'otools', 'savannah', 'york', 'amongst', 'others', 'really', 'uplifts', 'movie', 'level', 'watchable', 'enoughthe', 'story', 'feels', 'totally', 'disorientated', 'basically', 'story', 'nothing', 'mainly', 'focused', 'brothersister', 'characters', 'played', 'peter', 'otools', 'savannah', 'york', 'exactly', 'story', 'even', 'movie', 'feels', 'like', 'painless', 'obsolete', 'one', 'little', 'offer', 'like', 'said', 'I', 'sure', 'story', 'good', 'interesting', 'watch', 'stage', 'movie', 'really', 'fitting', 'simply', 'work', 'outthe', 'editing', 'simply', 'dreadful', 'times', 'becomes', 'even', 'laughable', 'bad', 'certain', 'sequence', 'expect', 'director', 'j', 'lee', 'thompson', 'obviously', 'done', 'far', 'better', 'moves', 'rather', 'failed', 'stageplay', 'translated', 'screen', 'projectreally', 'worth', 'time410']"
movie could much better script write expect great deal plausibility moves You would think even homeless urbandwelling jack mason would question group experienced hunters would want hire hunting guide upon reaching hunting grounds poor icet plays part actually going lead men woods never seen beforeand jack mason find thomas burns back seattleI assuming movie based richard cornells short story dangerous game years ago showed movie class th grade students read story edited movie cutting painless scenes profundity ended 43 minutes long,negative,"['movie', 'could', 'much', 'better', 'script', 'write', 'expect', 'great', 'deal', 'plausibility', 'moves', 'You', 'would', 'think', 'even', 'homeless', 'urbandwelling', 'jack', 'mason', 'would', 'question', 'group', 'experienced', 'hunters', 'would', 'want', 'hire', 'hunting', 'guide', 'upon', 'reaching', 'hunting', 'grounds', 'poor', 'icet', 'plays', 'part', 'actually', 'going', 'lead', 'men', 'woods', 'never', 'seen', 'beforeand', 'jack', 'mason', 'find', 'thomas', 'burns', 'back', 'seattleI', 'assuming', 'movie', 'based', 'richard', 'cornells', 'short', 'story', 'dangerous', 'game', 'years', 'ago', 'showed', 'movie', 'class', 'th', 'grade', 'students', 'read', 'story', 'edited', 'movie', 'cutting', 'painless', 'scenes', 'profundity', 'ended', '43', 'minutes', 'long']"
first foremost I would like state record incredibly dumb call movie embryo subject matter exclusively revolves scientific research performed features animal well human aged 1216 weeks embryonic stage end eighth pregnancy week moment unborn written enters fatal phase okay honestly know took effort looking also least thing creator embryo could done worry I stumbling details exaggerated bitter several reasons state embryo huge failure actual science considered boring inaccessible thus science fiction cinematic gene created especially make otherwise tedious yet educational science topics interesting comprehensible larger audiences depicting ambitious scientific experiments go horribly wrong space missions encounter evil aliens instead lightyears void filmmakers usually manage entertain people spectacular special effects time teach useful little trivial science order make good least halfwaydecent science fiction movie writers directors comply one basic rule boring fulfill one condition viewer might well read theoretical accurate book something must gone wrong production ralph nelsons embryo basic premise potentially fascinating even involving sensitive saving lives unborn babies also prominent names involved production like main stars rock hudson giant seconds dine land chinatown alice live anymore director nelson responsible acclaimed classic soldier blue chary went wrong simple script irredeemably boring clicked whole thing looks incredibly foolish lab scenery scientific equipment clearly primitive achieve medical breakthroughs rock hudson poor performance plays doctor put passion research work ever since wife passed away car hits pregnant dog rainy night passion returns everything possible save dying animals features manages keep one foetus alive impressively accelerated growth process trains become extremely intelligent dog procedure successful dr paul collision convinces friend hospital repeat tests human foetus taken womb pregnant teenager committed suicide female subject unexpectedly keeps growing fast rate however couple weeks fullgrown raising superintelligent woman good doctor naturally falls love groundbreaking new growth treatment also begins show horrible side effects absolute nothing happens first 45 minutes film apart lot plausible overlay melodramatic lumbolumbo one two deeply impressive tricks performed dog second half film contain little bit grotesque action suspense stupidity dialogue plausible plottwists already ruined potentially fabulous sii idea really cool scenes notably chessshowdown victoria ruddy mcdowall highly memorable ultraobnoxious suppurative role grand final absurdly grotesque literally verge ridiculous almost feels like ralph nelson put final disastrous shot general rule contemporary thrilled sii cinema last sequence including horrible freezeframe shot end certainly fit tone previous 100 minutes film anyway sincere admiration respect dog trainer animal intellect talent surely deserved demonstrate tricks much better film,negative,"['first', 'foremost', 'I', 'would', 'like', 'state', 'record', 'incredibly', 'dumb', 'call', 'movie', 'embryo', 'subject', 'matter', 'exclusively', 'revolves', 'scientific', 'research', 'performed', 'features', 'animal', 'well', 'human', 'aged', '1216', 'weeks', 'embryonic', 'stage', 'end', 'eighth', 'pregnancy', 'week', 'moment', 'unborn', 'written', 'enters', 'fatal', 'phase', 'okay', 'honestly', 'know', 'took', 'effort', 'looking', 'also', 'least', 'thing', 'creator', 'embryo', 'could', 'done', 'worry', 'I', 'stumbling', 'details', 'exaggerated', 'bitter', 'several', 'reasons', 'state', 'embryo', 'huge', 'failure', 'actual', 'science', 'considered', 'boring', 'inaccessible', 'thus', 'science', 'fiction', 'cinematic', 'gene', 'created', 'especially', 'make', 'otherwise', 'tedious', 'yet', 'educational', 'science', 'topics', 'interesting', 'comprehensible', 'larger', 'audiences', 'depicting', 'ambitious', 'scientific', 'experiments', 'go', 'horribly', 'wrong', 'space', 'missions', 'encounter', 'evil', 'aliens', 'instead', 'lightyears', 'void', 'filmmakers', 'usually', 'manage', 'entertain', 'people', 'spectacular', 'special', 'effects', 'time', 'teach', 'useful', 'little', 'trivial', 'science', 'order', 'make', 'good', 'least', 'halfwaydecent', 'science', 'fiction', 'movie', 'writers', 'directors', 'comply', 'one', 'basic', 'rule', 'boring', 'fulfill', 'one', 'condition', 'viewer', 'might', 'well', 'read', 'theoretical', 'accurate', 'book', 'something', 'must', 'gone', 'wrong', 'production', 'ralph', 'nelsons', 'embryo', 'basic', 'premise', 'potentially', 'fascinating', 'even', 'involving', 'sensitive', 'saving', 'lives', 'unborn', 'babies', 'also', 'prominent', 'names', 'involved', 'production', 'like', 'main', 'stars', 'rock', 'hudson', 'giant', 'seconds', 'dine', 'land', 'chinatown', 'alice', 'live', 'anymore', 'director', 'nelson', 'responsible', 'acclaimed', 'classic', 'soldier', 'blue', 'chary', 'went', 'wrong', 'simple', 'script', 'irredeemably', 'boring', 'clicked', 'whole', 'thing', 'looks', 'incredibly', 'foolish', 'lab', 'scenery', 'scientific', 'equipment', 'clearly', 'primitive', 'achieve', 'medical', 'breakthroughs', 'rock', 'hudson', 'poor', 'performance', 'plays', 'doctor', 'put', 'passion', 'research', 'work', 'ever', 'since', 'wife', 'passed', 'away', 'car', 'hits', 'pregnant', 'dog', 'rainy', 'night', 'passion', 'returns', 'everything', 'possible', 'save', 'dying', 'animals', 'features', 'manages', 'keep', 'one', 'foetus', 'alive', 'impressively', 'accelerated', 'growth', 'process', 'trains', 'become', 'extremely', 'intelligent', 'dog', 'procedure', 'successful', 'dr', 'paul', 'collision', 'convinces', 'friend', 'hospital', 'repeat', 'tests', 'human', 'foetus', 'taken', 'womb', 'pregnant', 'teenager', 'committed', 'suicide', 'female', 'subject', 'unexpectedly', 'keeps', 'growing', 'fast', 'rate', 'however', 'couple', 'weeks', 'fullgrown', 'raising', 'superintelligent', 'woman', 'good', 'doctor', 'naturally', 'falls', 'love', 'groundbreaking', 'new', 'growth', 'treatment', 'also', 'begins', 'show', 'horrible', 'side', 'effects', 'absolute', 'nothing', 'happens', 'first', '45', 'minutes', 'film', 'apart', 'lot', 'plausible', 'overlay', 'melodramatic', 'lumbolumbo', 'one', 'two', 'deeply', 'impressive', 'tricks', 'performed', 'dog', 'second', 'half', 'film', 'contain', 'little', 'bit', 'grotesque', 'action', 'suspense', 'stupidity', 'dialogue', 'plausible', 'plottwists', 'already', 'ruined', 'potentially', 'fabulous', 'sii', 'idea', 'really', 'cool', 'scenes', 'notably', 'chessshowdown', 'victoria', 'ruddy', 'mcdowall', 'highly', 'memorable', 'ultraobnoxious', 'suppurative', 'role', 'grand', 'final', 'absurdly', 'grotesque', 'literally', 'verge', 'ridiculous', 'almost', 'feels', 'like', 'ralph', 'nelson', 'put', 'final', 'disastrous', 'shot', 'general', 'rule', 'contemporary', 'thrilled', 'sii', 'cinema', 'last', 'sequence', 'including', 'horrible', 'freezeframe', 'shot', 'end', 'certainly', 'fit', 'tone', 'previous', '100', 'minutes', 'film', 'anyway', 'sincere', 'admiration', 'respect', 'dog', 'trainer', 'animal', 'intellect', 'talent', 'surely', 'deserved', 'demonstrate', 'tricks', 'much', 'better', 'film']"
seen funny show fox long time wait worth kiss show something relate every episode even dad sit watch show ages dumb kiss like still standing next level stuff everyone says stuff everyone says actions everyone says stuff think well rounded way presentation first time saw show could believe fox allowed stay air episodes diarys boyfriend choice pennys boyfriend choice well worth watch,positive,"['seen', 'funny', 'show', 'fox', 'long', 'time', 'wait', 'worth', 'kiss', 'show', 'something', 'relate', 'every', 'episode', 'even', 'dad', 'sit', 'watch', 'show', 'ages', 'dumb', 'kiss', 'like', 'still', 'standing', 'next', 'level', 'stuff', 'everyone', 'says', 'stuff', 'everyone', 'says', 'actions', 'everyone', 'says', 'stuff', 'think', 'well', 'rounded', 'way', 'presentation', 'first', 'time', 'saw', 'show', 'could', 'believe', 'fox', 'allowed', 'stay', 'air', 'episodes', 'diarys', 'boyfriend', 'choice', 'pennys', 'boyfriend', 'choice', 'well', 'worth', 'watch']"
seen rush live I able appreciate awesomeness others may complain sound problems sometimes dubbed overwhelming screams 60000 brazilians goes show bands territorial gain attention,positive,"['seen', 'rush', 'live', 'I', 'able', 'appreciate', 'awesomeness', 'others', 'may', 'complain', 'sound', 'problems', 'sometimes', 'dubbed', 'overwhelming', 'screams', '60000', 'brazilians', 'goes', 'show', 'bands', 'territorial', 'gain', 'attention']"
divide review following 5 categories accounting maximum 100if perfect visual pleasure100 extremely pleasing movie usually great time watching going scenes well shot dramatic effects green quite amazing also loved seeing old wooden golf clubs bagdirectors work70 bill paxson associated acting film shows got talent decent jobacting90 ship lebeouf good role francis quietthis guy act well rest cast also goodentertainment value100 enjoyed every minute overwhelmingly entertainingscript91 based true story therefore makes film much special intriguing right start loved every scene till end advice definitely must watch sports lovers especially golfyou love anyone looking nice entertaining movie hate sports watch 1010,positive,"['divide', 'review', 'following', '5', 'categories', 'accounting', 'maximum', '100if', 'perfect', 'visual', 'pleasure100', 'extremely', 'pleasing', 'movie', 'usually', 'great', 'time', 'watching', 'going', 'scenes', 'well', 'shot', 'dramatic', 'effects', 'green', 'quite', 'amazing', 'also', 'loved', 'seeing', 'old', 'wooden', 'golf', 'clubs', 'bagdirectors', 'work70', 'bill', 'paxson', 'associated', 'acting', 'film', 'shows', 'got', 'talent', 'decent', 'jobacting90', 'ship', 'lebeouf', 'good', 'role', 'francis', 'quietthis', 'guy', 'act', 'well', 'rest', 'cast', 'also', 'goodentertainment', 'value100', 'enjoyed', 'every', 'minute', 'overwhelmingly', 'entertainingscript91', 'based', 'true', 'story', 'therefore', 'makes', 'film', 'much', 'special', 'intriguing', 'right', 'start', 'loved', 'every', 'scene', 'till', 'end', 'advice', 'definitely', 'must', 'watch', 'sports', 'lovers', 'especially', 'golfyou', 'love', 'anyone', 'looking', 'nice', 'entertaining', 'movie', 'hate', 'sports', 'watch', '1010']"
even though films trailer poster imply sally humming important character might shocked discover minor mean minor character movie suppose told sallys family mean going tell story member family ignored history would really tell man delegated obscurity main character lover happens white actual love interest know would pale come normally big fan merchantivory licks could stomach films treatment poor sally humming,negative,"['even', 'though', 'films', 'trailer', 'poster', 'imply', 'sally', 'humming', 'important', 'character', 'might', 'shocked', 'discover', 'minor', 'mean', 'minor', 'character', 'movie', 'suppose', 'told', 'sallys', 'family', 'mean', 'going', 'tell', 'story', 'member', 'family', 'ignored', 'history', 'would', 'really', 'tell', 'man', 'delegated', 'obscurity', 'main', 'character', 'lover', 'happens', 'white', 'actual', 'love', 'interest', 'know', 'would', 'pale', 'come', 'normally', 'big', 'fan', 'merchantivory', 'licks', 'could', 'stomach', 'films', 'treatment', 'poor', 'sally', 'humming']"
soon hits screen destroys intelligent life forms around behalf producers must say fall known movie category deserves brand new denomination neurological drama sadden depressed every single neuron inside persons brainit closest thing one ever get stroke without actually suffering one drives speechless members go numb mouth falls open remains strange symptom get wishing go blind deafno small feat sort moviethe word comes mind finished ordeal outrage,negative,"['soon', 'hits', 'screen', 'destroys', 'intelligent', 'life', 'forms', 'around', 'behalf', 'producers', 'must', 'say', 'fall', 'known', 'movie', 'category', 'deserves', 'brand', 'new', 'denomination', 'neurological', 'drama', 'sadden', 'depressed', 'every', 'single', 'neuron', 'inside', 'persons', 'brainit', 'closest', 'thing', 'one', 'ever', 'get', 'stroke', 'without', 'actually', 'suffering', 'one', 'drives', 'speechless', 'members', 'go', 'numb', 'mouth', 'falls', 'open', 'remains', 'strange', 'symptom', 'get', 'wishing', 'go', 'blind', 'deafno', 'small', 'feat', 'sort', 'moviethe', 'word', 'comes', 'mind', 'finished', 'ordeal', 'outrage']"
anyone sucked 1920s jazz 1920s dress charleston ultraswank yacht eg counts want like movie sad fact plot canal obvious acting mostly either awful playing facial side goingson whole things much left impression mirrors smoke beautifully made bad movie,negative,"['anyone', 'sucked', '1920s', 'jazz', '1920s', 'dress', 'charleston', 'ultraswank', 'yacht', 'eg', 'counts', 'want', 'like', 'movie', 'sad', 'fact', 'plot', 'canal', 'obvious', 'acting', 'mostly', 'either', 'awful', 'playing', 'facial', 'side', 'goingson', 'whole', 'things', 'much', 'left', 'impression', 'mirrors', 'smoke', 'beautifully', 'made', 'bad', 'movie']"
killer potatoes moves special kind humor either love hate personally like fourth movie feeling gone potatoes jokes lame even actors funny thing kind moves supposed funnyso following plot made laugh annoying really done fourth part killer potatoes trilogy,negative,"['killer', 'potatoes', 'moves', 'special', 'kind', 'humor', 'either', 'love', 'hate', 'personally', 'like', 'fourth', 'movie', 'feeling', 'gone', 'potatoes', 'jokes', 'lame', 'even', 'actors', 'funny', 'thing', 'kind', 'moves', 'supposed', 'funnyso', 'following', 'plot', 'made', 'laugh', 'annoying', 'really', 'done', 'fourth', 'part', 'killer', 'potatoes', 'trilogy']"
jim reasons muskets favorite mine since childhood film makes feel like kid okay muskets back miss pigmy permit frog friends premise trying get broadway musical show else new york city see cameo new york city mayor ed hoch anyway film turns 25 year hope kiss today learn appreciate lightheartedness muskets gang problem show permit goes missing gang find new york city worth watching kiss even sentimental adults like,positive,"['jim', 'reasons', 'muskets', 'favorite', 'mine', 'since', 'childhood', 'film', 'makes', 'feel', 'like', 'kid', 'okay', 'muskets', 'back', 'miss', 'pigmy', 'permit', 'frog', 'friends', 'premise', 'trying', 'get', 'broadway', 'musical', 'show', 'else', 'new', 'york', 'city', 'see', 'cameo', 'new', 'york', 'city', 'mayor', 'ed', 'hoch', 'anyway', 'film', 'turns', '25', 'year', 'hope', 'kiss', 'today', 'learn', 'appreciate', 'lightheartedness', 'muskets', 'gang', 'problem', 'show', 'permit', 'goes', 'missing', 'gang', 'find', 'new', 'york', 'city', 'worth', 'watching', 'kiss', 'even', 'sentimental', 'adults', 'like']"
looks b grade probably think reason rent film expected nothing movie something pass time hooked start two interesting premises bank robbery gone wrong million dollars missing two girls road start new life two stories collide think know direction movie headed 180 left blown away great twists plot great unexpected ending left wanting always good sign rent even buy disappointed,positive,"['looks', 'b', 'grade', 'probably', 'think', 'reason', 'rent', 'film', 'expected', 'nothing', 'movie', 'something', 'pass', 'time', 'hooked', 'start', 'two', 'interesting', 'premises', 'bank', 'robbery', 'gone', 'wrong', 'million', 'dollars', 'missing', 'two', 'girls', 'road', 'start', 'new', 'life', 'two', 'stories', 'collide', 'think', 'know', 'direction', 'movie', 'headed', '180', 'left', 'blown', 'away', 'great', 'twists', 'plot', 'great', 'unexpected', 'ending', 'left', 'wanting', 'always', 'good', 'sign', 'rent', 'even', 'buy', 'disappointed']"
one worst sand buttock movie since speed 2 quite bad really lost blue special effect guns insomnia go girl see movie give three sleeping,negative,"['one', 'worst', 'sand', 'buttock', 'movie', 'since', 'speed', '2', 'quite', 'bad', 'really', 'lost', 'blue', 'special', 'effect', 'guns', 'insomnia', 'go', 'girl', 'see', 'movie', 'give', 'three', 'sleeping']"
reservations movie figured would usual bill fare formula movie christmas middle heat wave late june decided give shot anyway maybe would see snowthis movie turned one laugh another ben affect believable character real star one james gandofini delivered lines real wit made great dadif want enjoyable couple hours definitely check one,positive,"['reservations', 'movie', 'figured', 'would', 'usual', 'bill', 'fare', 'formula', 'movie', 'christmas', 'middle', 'heat', 'wave', 'late', 'june', 'decided', 'give', 'shot', 'anyway', 'maybe', 'would', 'see', 'snowthis', 'movie', 'turned', 'one', 'laugh', 'another', 'ben', 'affect', 'believable', 'character', 'real', 'star', 'one', 'james', 'gandofini', 'delivered', 'lines', 'real', 'wit', 'made', 'great', 'dadif', 'want', 'enjoyable', 'couple', 'hours', 'definitely', 'check', 'one']"
ah 1970s time singer honest today also good time singer felt daring thenjoe sarco offers pretty good softcore film fact like today actors famous hardware actors unlike today people good actors films plot character developmentit pretty much would expect singers movie two couples open relationships redignity wanderlust mild one women come visit much itof course mild jennies wells different story many 40something look delicious undressed ms wells worth price alone see ms wells look mirror aphrodite stifles mon way sevieri also rigged chris jordans anna jordan looks sounds much like blaine thought might separated birth twin even blaine anna always eating must incredible metabolismunlike 1990s softcore worn 70s soft worn retained hardware films realism something 2000s softcore brought back occasion instead 90s music canned organisms full force real feels realfor enjoyed quebec produced deux femmes en enjoy one another classic film drivein classic best 250 month spend,positive,"['ah', '1970s', 'time', 'singer', 'honest', 'today', 'also', 'good', 'time', 'singer', 'felt', 'daring', 'thenjoe', 'sarco', 'offers', 'pretty', 'good', 'softcore', 'film', 'fact', 'like', 'today', 'actors', 'famous', 'hardware', 'actors', 'unlike', 'today', 'people', 'good', 'actors', 'films', 'plot', 'character', 'developmentit', 'pretty', 'much', 'would', 'expect', 'singers', 'movie', 'two', 'couples', 'open', 'relationships', 'redignity', 'wanderlust', 'mild', 'one', 'women', 'come', 'visit', 'much', 'itof', 'course', 'mild', 'jennies', 'wells', 'different', 'story', 'many', '40something', 'look', 'delicious', 'undressed', 'ms', 'wells', 'worth', 'price', 'alone', 'see', 'ms', 'wells', 'look', 'mirror', 'aphrodite', 'stifles', 'mon', 'way', 'sevieri', 'also', 'rigged', 'chris', 'jordans', 'anna', 'jordan', 'looks', 'sounds', 'much', 'like', 'blaine', 'thought', 'might', 'separated', 'birth', 'twin', 'even', 'blaine', 'anna', 'always', 'eating', 'must', 'incredible', 'metabolismunlike', '1990s', 'softcore', 'worn', '70s', 'soft', 'worn', 'retained', 'hardware', 'films', 'realism', 'something', '2000s', 'softcore', 'brought', 'back', 'occasion', 'instead', '90s', 'music', 'canned', 'organisms', 'full', 'force', 'real', 'feels', 'realfor', 'enjoyed', 'quebec', 'produced', 'deux', 'femmes', 'en', 'enjoy', 'one', 'another', 'classic', 'film', 'drivein', 'classic', 'best', '250', 'month', 'spend']"
vice richard dreyfuss mob boss leaving mental institution back world gangsters director cast richard dreyfuss ellen barking jeff goldblum dine lane gorgeous gabriel borne gregory lines able maclachan reynolds billy idol make waste time movie comedy funny consternation cast vote fourtitle brazil prayer em makarte pleasure killing,negative,"['vice', 'richard', 'dreyfuss', 'mob', 'boss', 'leaving', 'mental', 'institution', 'back', 'world', 'gangsters', 'director', 'cast', 'richard', 'dreyfuss', 'ellen', 'barking', 'jeff', 'goldblum', 'dine', 'lane', 'gorgeous', 'gabriel', 'borne', 'gregory', 'lines', 'able', 'maclachan', 'reynolds', 'billy', 'idol', 'make', 'waste', 'time', 'movie', 'comedy', 'funny', 'consternation', 'cast', 'vote', 'fourtitle', 'brazil', 'prayer', 'em', 'makarte', 'pleasure', 'killing']"
show opinion goodthen enjoyed cartoon dinner channel except proud family normal female show similar way feel lily stick series mistake turning movie cartoon movie excellent cartoon terrible dinner channel fine adding stupid cartoons dave barbarian brandy mr whiskers lily stick series american dragon jake longand started possible shows would better come playhouse dinner particular show kuz never get school dave barbarians parents never return home brandy mr whiskers never get jungle,negative,"['show', 'opinion', 'goodthen', 'enjoyed', 'cartoon', 'dinner', 'channel', 'except', 'proud', 'family', 'normal', 'female', 'show', 'similar', 'way', 'feel', 'lily', 'stick', 'series', 'mistake', 'turning', 'movie', 'cartoon', 'movie', 'excellent', 'cartoon', 'terrible', 'dinner', 'channel', 'fine', 'adding', 'stupid', 'cartoons', 'dave', 'barbarian', 'brandy', 'mr', 'whiskers', 'lily', 'stick', 'series', 'american', 'dragon', 'jake', 'longand', 'started', 'possible', 'shows', 'would', 'better', 'come', 'playhouse', 'dinner', 'particular', 'show', 'kuz', 'never', 'get', 'school', 'dave', 'barbarians', 'parents', 'never', 'return', 'home', 'brandy', 'mr', 'whiskers', 'never', 'get', 'jungle']"
fooled plot outline described cover least swedish version story seems rather interesting speculative hints nothing truth absolute sad movie experience I ever plain right awful sold rented anyone still think plot seems intriguing reflect telephone move run kill people also electric appliance throw things haunt run please watch movie disgrace horror gene,negative,"['fooled', 'plot', 'outline', 'described', 'cover', 'least', 'swedish', 'version', 'story', 'seems', 'rather', 'interesting', 'speculative', 'hints', 'nothing', 'truth', 'absolute', 'sad', 'movie', 'experience', 'I', 'ever', 'plain', 'right', 'awful', 'sold', 'rented', 'anyone', 'still', 'think', 'plot', 'seems', 'intriguing', 'reflect', 'telephone', 'move', 'run', 'kill', 'people', 'also', 'electric', 'appliance', 'throw', 'things', 'haunt', 'run', 'please', 'watch', 'movie', 'disgrace', 'horror', 'gene']"
saw movie last night reading reviews expected good emotional sports film got something clicked boring yes thought boring saw allstar getting hurt long game figured maybe would wait collapse know game big one guess first game good enoughthe parental relationships also clicked dominating drunk father say mcgraw impressed however boy wants stay help ailing motheri especially liked random girls melissa maria movie 5 minutes placed simply get football boys action field thought ok work plot maybe missed point beyond well play football town loves girls throw feet pointthe sports action good points rushed think first game lasted longer montague entire playoffs sure continuity windingdown clock final gamei guess could see movie winning spy best sports film one released honestly though found boring movie full people sickeningobsessed pigskin better football film see remember tetanus,negative,"['saw', 'movie', 'last', 'night', 'reading', 'reviews', 'expected', 'good', 'emotional', 'sports', 'film', 'got', 'something', 'clicked', 'boring', 'yes', 'thought', 'boring', 'saw', 'allstar', 'getting', 'hurt', 'long', 'game', 'figured', 'maybe', 'would', 'wait', 'collapse', 'know', 'game', 'big', 'one', 'guess', 'first', 'game', 'good', 'enoughthe', 'parental', 'relationships', 'also', 'clicked', 'dominating', 'drunk', 'father', 'say', 'mcgraw', 'impressed', 'however', 'boy', 'wants', 'stay', 'help', 'ailing', 'motheri', 'especially', 'liked', 'random', 'girls', 'melissa', 'maria', 'movie', '5', 'minutes', 'placed', 'simply', 'get', 'football', 'boys', 'action', 'field', 'thought', 'ok', 'work', 'plot', 'maybe', 'missed', 'point', 'beyond', 'well', 'play', 'football', 'town', 'loves', 'girls', 'throw', 'feet', 'pointthe', 'sports', 'action', 'good', 'points', 'rushed', 'think', 'first', 'game', 'lasted', 'longer', 'montague', 'entire', 'playoffs', 'sure', 'continuity', 'windingdown', 'clock', 'final', 'gamei', 'guess', 'could', 'see', 'movie', 'winning', 'spy', 'best', 'sports', 'film', 'one', 'released', 'honestly', 'though', 'found', 'boring', 'movie', 'full', 'people', 'sickeningobsessed', 'pigskin', 'better', 'football', 'film', 'see', 'remember', 'tetanus']"
watched whole family 9 year old 1964 black white remember father remarking could happened adam eve vividly remember scene adam finds eve eyes blackened asked father eyes blackened told tired hungry seen episode 45 years still remember vividly transmission back forth home planet scenes bombs shaking headquarters final scene two walking adam carrying pack eve following may theatrical work art certainly left impression years,positive,"['watched', 'whole', 'family', '9', 'year', 'old', '1964', 'black', 'white', 'remember', 'father', 'remarking', 'could', 'happened', 'adam', 'eve', 'vividly', 'remember', 'scene', 'adam', 'finds', 'eve', 'eyes', 'blackened', 'asked', 'father', 'eyes', 'blackened', 'told', 'tired', 'hungry', 'seen', 'episode', '45', 'years', 'still', 'remember', 'vividly', 'transmission', 'back', 'forth', 'home', 'planet', 'scenes', 'bombs', 'shaking', 'headquarters', 'final', 'scene', 'two', 'walking', 'adam', 'carrying', 'pack', 'eve', 'following', 'may', 'theatrical', 'work', 'art', 'certainly', 'left', 'impression', 'years']"
charming boy mother move middle nowhere town cats death soon follow sums upI admit little creaked cats seeing movie seriousness spite numerous things wrong film believe plenty go around overall enjoyable viewing experiencethe characters like caricature basis instincts rely fear greed pride lust anger seems motivate people although argued seeming failing actually serves telling story supernatural premise fact stephen king screenplaynot anything specific mr king quite nicely supported interesting ff work make quite suitable music absolute gem film without doubt alice krieg plays mary brandy otherworldly motherking manages take simple story outsider people little differentokay lot case trying fit twists camp top little horror gem collection horror fan,negative,"['charming', 'boy', 'mother', 'move', 'middle', 'nowhere', 'town', 'cats', 'death', 'soon', 'follow', 'sums', 'upI', 'admit', 'little', 'creaked', 'cats', 'seeing', 'movie', 'seriousness', 'spite', 'numerous', 'things', 'wrong', 'film', 'believe', 'plenty', 'go', 'around', 'overall', 'enjoyable', 'viewing', 'experiencethe', 'characters', 'like', 'caricature', 'basis', 'instincts', 'rely', 'fear', 'greed', 'pride', 'lust', 'anger', 'seems', 'motivate', 'people', 'although', 'argued', 'seeming', 'failing', 'actually', 'serves', 'telling', 'story', 'supernatural', 'premise', 'fact', 'stephen', 'king', 'screenplaynot', 'anything', 'specific', 'mr', 'king', 'quite', 'nicely', 'supported', 'interesting', 'ff', 'work', 'make', 'quite', 'suitable', 'music', 'absolute', 'gem', 'film', 'without', 'doubt', 'alice', 'krieg', 'plays', 'mary', 'brandy', 'otherworldly', 'motherking', 'manages', 'take', 'simple', 'story', 'outsider', 'people', 'little', 'differentokay', 'lot', 'case', 'trying', 'fit', 'twists', 'camp', 'top', 'little', 'horror', 'gem', 'collection', 'horror', 'fan']"
hand ten star rating easily movie really impress borne ultimatum gone far beyond furthermore trilogy come together nicely believe one greatest motion picture trilogies time though three films could different luteum novels still stand powerful landmarks cinematic achievement borne ultimatum made want cry series complete yet could even attempt stop smiling hoursfrom moment opening title appeared knew ride paul greengrass done everything love previous borne films action dialogue course shake camera however last one never problem think adds suspensei back see film several times released simply genius perfectly satisfying conclusion stand test time fantastic movie altogether unforgettable trilogy,positive,"['hand', 'ten', 'star', 'rating', 'easily', 'movie', 'really', 'impress', 'borne', 'ultimatum', 'gone', 'far', 'beyond', 'furthermore', 'trilogy', 'come', 'together', 'nicely', 'believe', 'one', 'greatest', 'motion', 'picture', 'trilogies', 'time', 'though', 'three', 'films', 'could', 'different', 'luteum', 'novels', 'still', 'stand', 'powerful', 'landmarks', 'cinematic', 'achievement', 'borne', 'ultimatum', 'made', 'want', 'cry', 'series', 'complete', 'yet', 'could', 'even', 'attempt', 'stop', 'smiling', 'hoursfrom', 'moment', 'opening', 'title', 'appeared', 'knew', 'ride', 'paul', 'greengrass', 'done', 'everything', 'love', 'previous', 'borne', 'films', 'action', 'dialogue', 'course', 'shake', 'camera', 'however', 'last', 'one', 'never', 'problem', 'think', 'adds', 'suspensei', 'back', 'see', 'film', 'several', 'times', 'released', 'simply', 'genius', 'perfectly', 'satisfying', 'conclusion', 'stand', 'test', 'time', 'fantastic', 'movie', 'altogether', 'unforgettable', 'trilogy']"
maybe I based foxes fox stories thought wonderfully donei really enjoyed shown lily comfortable fire room trying spoil much think important kiss see try understandafter reading others comments I bit confused one says end spoiled mother son appear one telling son story movie saw mother son end merely painting girl fox someone enlighten anyway really enjoyed movie although scenes bit slow might difficult high energy kiss sit still worth sit still,positive,"['maybe', 'I', 'based', 'foxes', 'fox', 'stories', 'thought', 'wonderfully', 'donei', 'really', 'enjoyed', 'shown', 'lily', 'comfortable', 'fire', 'room', 'trying', 'spoil', 'much', 'think', 'important', 'kiss', 'see', 'try', 'understandafter', 'reading', 'others', 'comments', 'I', 'bit', 'confused', 'one', 'says', 'end', 'spoiled', 'mother', 'son', 'appear', 'one', 'telling', 'son', 'story', 'movie', 'saw', 'mother', 'son', 'end', 'merely', 'painting', 'girl', 'fox', 'someone', 'enlighten', 'anyway', 'really', 'enjoyed', 'movie', 'although', 'scenes', 'bit', 'slow', 'might', 'difficult', 'high', 'energy', 'kiss', 'sit', 'still', 'worth', 'sit', 'still']"
film proves need hollywood budget make something fun watch stuck crew different locations able pull together promises riches make something believed think anybody makes low budget moves relate certain scenes actors get one line gathered police crew disappear first week nobody got paid says lot people travel cross country long hours spent editing watching state sell personal property use money trash house make movie bit curious close wife may come leaving good job,positive,"['film', 'proves', 'need', 'hollywood', 'budget', 'make', 'something', 'fun', 'watch', 'stuck', 'crew', 'different', 'locations', 'able', 'pull', 'together', 'promises', 'riches', 'make', 'something', 'believed', 'think', 'anybody', 'makes', 'low', 'budget', 'moves', 'relate', 'certain', 'scenes', 'actors', 'get', 'one', 'line', 'gathered', 'police', 'crew', 'disappear', 'first', 'week', 'nobody', 'got', 'paid', 'says', 'lot', 'people', 'travel', 'cross', 'country', 'long', 'hours', 'spent', 'editing', 'watching', 'state', 'sell', 'personal', 'property', 'use', 'money', 'trash', 'house', 'make', 'movie', 'bit', 'curious', 'close', 'wife', 'may', 'come', 'leaving', 'good', 'job']"
must boring film ever saw positive say thankful pay see given free showing school everyone audience sat embarrassed wondering fun would start piece june badly filled way long film actual idea making movie took 10 seconds present ones interested film lost jobs want know might find interviews interesting different edit might made interesting documentary doubt interviews shown engaging way tragedy behold part avoid film cost,negative,"['must', 'boring', 'film', 'ever', 'saw', 'positive', 'say', 'thankful', 'pay', 'see', 'given', 'free', 'showing', 'school', 'everyone', 'audience', 'sat', 'embarrassed', 'wondering', 'fun', 'would', 'start', 'piece', 'june', 'badly', 'filled', 'way', 'long', 'film', 'actual', 'idea', 'making', 'movie', 'took', '10', 'seconds', 'present', 'ones', 'interested', 'film', 'lost', 'jobs', 'want', 'know', 'might', 'find', 'interviews', 'interesting', 'different', 'edit', 'might', 'made', 'interesting', 'documentary', 'doubt', 'interviews', 'shown', 'engaging', 'way', 'tragedy', 'behold', 'part', 'avoid', 'film', 'cost']"
always satisfying detective wraps case criminal brought book case climax gives even greater pleasure see snug grin wiped face abigail mitchell realise victim left deathbed testimony leaves doubt guilt satisfyingplease understand admire ruth gordons performance character really really irritated selfish demanding gets way putting shimmering little girl act embarrassing woman age worse set judge jury executioner dead nieces husbandwhen column getting close tries unnerved manipulation making offthecuff speech audience highclass ladies turns tables perfectly delivering warm humane speech realities police worknothing distract column pursuit justice babys final appeal good nature rejected much selfrespect job well one situation squire ms mitchell,positive,"['always', 'satisfying', 'detective', 'wraps', 'case', 'criminal', 'brought', 'book', 'case', 'climax', 'gives', 'even', 'greater', 'pleasure', 'see', 'snug', 'grin', 'wiped', 'face', 'abigail', 'mitchell', 'realise', 'victim', 'left', 'deathbed', 'testimony', 'leaves', 'doubt', 'guilt', 'satisfyingplease', 'understand', 'admire', 'ruth', 'gordons', 'performance', 'character', 'really', 'really', 'irritated', 'selfish', 'demanding', 'gets', 'way', 'putting', 'shimmering', 'little', 'girl', 'act', 'embarrassing', 'woman', 'age', 'worse', 'set', 'judge', 'jury', 'executioner', 'dead', 'nieces', 'husbandwhen', 'column', 'getting', 'close', 'tries', 'unnerved', 'manipulation', 'making', 'offthecuff', 'speech', 'audience', 'highclass', 'ladies', 'turns', 'tables', 'perfectly', 'delivering', 'warm', 'humane', 'speech', 'realities', 'police', 'worknothing', 'distract', 'column', 'pursuit', 'justice', 'babys', 'final', 'appeal', 'good', 'nature', 'rejected', 'much', 'selfrespect', 'job', 'well', 'one', 'situation', 'squire', 'ms', 'mitchell']"
sweet sixteen 1983 86 minutes director jim sots cast hopkins susan strasberg alexis shirley patrick manner data kimmellfifteen year old bad girl melissa new desert town long folks around start dying detective put together clues help nancy drew good girl daughter played friday calumny data kimmell local native americans prime suspects since seem upset prejudiced townsfolk events lead revealing killer melissas sixteenth birthday partythis average slashed memorable made feel without much score besides title characters corn theme song plays couple times throughout lines like killer turn us coleslaw fit standard eighties slashed screenplays march calls melissa bad name somehow immediately develop friendship apparently march sees hard fit melissa knows wear makeup movie would hardpressed made today main character fifteen director inserting multiple gratuitous closeup social commentary indians developed enough taken seriously surprised fairly high rating movie gets sweet sixteen ed hunts bloody birthday potential capitalist time honored tradition birthday party create intense sequence carnage feel failed deliver bright side releasing obscure moves like gives hope others follow,negative,"['sweet', 'sixteen', '1983', '86', 'minutes', 'director', 'jim', 'sots', 'cast', 'hopkins', 'susan', 'strasberg', 'alexis', 'shirley', 'patrick', 'manner', 'data', 'kimmellfifteen', 'year', 'old', 'bad', 'girl', 'melissa', 'new', 'desert', 'town', 'long', 'folks', 'around', 'start', 'dying', 'detective', 'put', 'together', 'clues', 'help', 'nancy', 'drew', 'good', 'girl', 'daughter', 'played', 'friday', 'calumny', 'data', 'kimmell', 'local', 'native', 'americans', 'prime', 'suspects', 'since', 'seem', 'upset', 'prejudiced', 'townsfolk', 'events', 'lead', 'revealing', 'killer', 'melissas', 'sixteenth', 'birthday', 'partythis', 'average', 'slashed', 'memorable', 'made', 'feel', 'without', 'much', 'score', 'besides', 'title', 'characters', 'corn', 'theme', 'song', 'plays', 'couple', 'times', 'throughout', 'lines', 'like', 'killer', 'turn', 'us', 'coleslaw', 'fit', 'standard', 'eighties', 'slashed', 'screenplays', 'march', 'calls', 'melissa', 'bad', 'name', 'somehow', 'immediately', 'develop', 'friendship', 'apparently', 'march', 'sees', 'hard', 'fit', 'melissa', 'knows', 'wear', 'makeup', 'movie', 'would', 'hardpressed', 'made', 'today', 'main', 'character', 'fifteen', 'director', 'inserting', 'multiple', 'gratuitous', 'closeup', 'social', 'commentary', 'indians', 'developed', 'enough', 'taken', 'seriously', 'surprised', 'fairly', 'high', 'rating', 'movie', 'gets', 'sweet', 'sixteen', 'ed', 'hunts', 'bloody', 'birthday', 'potential', 'capitalist', 'time', 'honored', 'tradition', 'birthday', 'party', 'create', 'intense', 'sequence', 'carnage', 'feel', 'failed', 'deliver', 'bright', 'side', 'releasing', 'obscure', 'moves', 'like', 'gives', 'hope', 'others', 'follow']"
every films job stimulate superficially take ambitious failure massmarket hit day really described failure sum parts remains ambiguous indecipherable quality tantalizes watching challenging provocative movie wrap things neatly problem movie structure impenetrable plot seems winding second ending tacked though everything technically dazzling movie exactly long unit longdelayed climax leos awakening comes 20 minutes lategreat cinematography often comes expense decent script innovative camera technique offers wealth visual ideas composition artifice provocative engaging character rearprojected hand foreground world depicted deliberate treacherous absurd keep eyes peeled memorable technically astonishing assassination make jaw dropthe composition stunning whomever chose release print videotape pan scan format must never seen didit unfathomable anyone could give much originality bad review see least get sense von tried bit could chew movie ends richer suspect familiar hitchcocks foreign correspondent serious europeans also manipulate american dupe several wells moves take delirious joy technique much von tried moves explore plight nail amidst forgiving societies zentropa von tried moved away type audacious technical experiment towards dreary overrate unglanced sap like breaking waves dancer dark,positive,"['every', 'films', 'job', 'stimulate', 'superficially', 'take', 'ambitious', 'failure', 'massmarket', 'hit', 'day', 'really', 'described', 'failure', 'sum', 'parts', 'remains', 'ambiguous', 'indecipherable', 'quality', 'tantalizes', 'watching', 'challenging', 'provocative', 'movie', 'wrap', 'things', 'neatly', 'problem', 'movie', 'structure', 'impenetrable', 'plot', 'seems', 'winding', 'second', 'ending', 'tacked', 'though', 'everything', 'technically', 'dazzling', 'movie', 'exactly', 'long', 'unit', 'longdelayed', 'climax', 'leos', 'awakening', 'comes', '20', 'minutes', 'lategreat', 'cinematography', 'often', 'comes', 'expense', 'decent', 'script', 'innovative', 'camera', 'technique', 'offers', 'wealth', 'visual', 'ideas', 'composition', 'artifice', 'provocative', 'engaging', 'character', 'rearprojected', 'hand', 'foreground', 'world', 'depicted', 'deliberate', 'treacherous', 'absurd', 'keep', 'eyes', 'peeled', 'memorable', 'technically', 'astonishing', 'assassination', 'make', 'jaw', 'dropthe', 'composition', 'stunning', 'whomever', 'chose', 'release', 'print', 'videotape', 'pan', 'scan', 'format', 'must', 'never', 'seen', 'didit', 'unfathomable', 'anyone', 'could', 'give', 'much', 'originality', 'bad', 'review', 'see', 'least', 'get', 'sense', 'von', 'tried', 'bit', 'could', 'chew', 'movie', 'ends', 'richer', 'suspect', 'familiar', 'hitchcocks', 'foreign', 'correspondent', 'serious', 'europeans', 'also', 'manipulate', 'american', 'dupe', 'several', 'wells', 'moves', 'take', 'delirious', 'joy', 'technique', 'much', 'von', 'tried', 'moves', 'explore', 'plight', 'nail', 'amidst', 'forgiving', 'societies', 'zentropa', 'von', 'tried', 'moved', 'away', 'type', 'audacious', 'technical', 'experiment', 'towards', 'dreary', 'overrate', 'unglanced', 'sap', 'like', 'breaking', 'waves', 'dancer', 'dark']"
think one best pictures ever made pure beautiful really touched I glad david lynch proved film necessarily need six twisting complicated plot flash images way godave I would like see cronenberg,positive,"['think', 'one', 'best', 'pictures', 'ever', 'made', 'pure', 'beautiful', 'really', 'touched', 'I', 'glad', 'david', 'lynch', 'proved', 'film', 'necessarily', 'need', 'six', 'twisting', 'complicated', 'plot', 'flash', 'images', 'way', 'godave', 'I', 'would', 'like', 'see', 'cronenberg']"
first child born year program came played record album boys every christmas thereafter came bought ten copies still give friends relatives start familiesit invariably becomes favorite christmas album recently found several dids made didr video tapes probably sale bay one bought excellent copy great see show 25 years songs show album songs album studio versions songs show stay library best christmas entertainment ever,positive,"['first', 'child', 'born', 'year', 'program', 'came', 'played', 'record', 'album', 'boys', 'every', 'christmas', 'thereafter', 'came', 'bought', 'ten', 'copies', 'still', 'give', 'friends', 'relatives', 'start', 'familiesit', 'invariably', 'becomes', 'favorite', 'christmas', 'album', 'recently', 'found', 'several', 'dids', 'made', 'didr', 'video', 'tapes', 'probably', 'sale', 'bay', 'one', 'bought', 'excellent', 'copy', 'great', 'see', 'show', '25', 'years', 'songs', 'show', 'album', 'songs', 'album', 'studio', 'versions', 'songs', 'show', 'stay', 'library', 'best', 'christmas', 'entertainment', 'ever']"
imagine worst skits saturday night live mad one 90 minute movie imagine humor bad skits removed replaced stupidity imagine something 50 times worsegot thatok go see underground comedy movie vision seem like funniest thing ever ulm single worst movie I ever seen cheap laughsvery lame even intent movie lame lame funnythe reason I angry wasting time watching someone else know bought wasted money since offer written directed anything else surprise,negative,"['imagine', 'worst', 'skits', 'saturday', 'night', 'live', 'mad', 'one', '90', 'minute', 'movie', 'imagine', 'humor', 'bad', 'skits', 'removed', 'replaced', 'stupidity', 'imagine', 'something', '50', 'times', 'worsegot', 'thatok', 'go', 'see', 'underground', 'comedy', 'movie', 'vision', 'seem', 'like', 'funniest', 'thing', 'ever', 'ulm', 'single', 'worst', 'movie', 'I', 'ever', 'seen', 'cheap', 'laughsvery', 'lame', 'even', 'intent', 'movie', 'lame', 'lame', 'funnythe', 'reason', 'I', 'angry', 'wasting', 'time', 'watching', 'someone', 'else', 'know', 'bought', 'wasted', 'money', 'since', 'offer', 'written', 'directed', 'anything', 'else', 'surprise']"
title root joy 1990 director stuart gordon cast mary graham anne marie johnson paul costo review stuart gordon usually associate extremely gory horror films reanimated beyond wagon castle freak took small detour little sii flick stress word little since low budget flick lies main weaknessthe story takes place future world great superpowers according movie united states russia duke differences going full blown world warbut fighting gladiator style battles gigantic roots hero achilles must go evil russian root fighter called alexander lots cheap stop motion animation ensueswell idea awesome guess great nations settling territorial disputes giant roots interesting premise one could handled properly proper budget available unfortunately could fun movie ends embarrassment otherwise great directori kid loved movie guess want enjoyment movie revert back little kid mode fun showed film friends movie progressed friends like hell piece cap franco I like well movie sii one favorite directors stuart gordon movie progressed corn territory almost felt like pressing stop go torture could go cause loved film kid still little nostalgia attached watching everyone else going get itand realized movie really good first movie giant roots kicking hell order achieve incredible fashion You would use damn good special effects make work expensive effects would help us audience suspend disbelieve unfortunately small scale movie small scale company empire pictures went bankrupt making filmthe effects help us giggler laugh neck even sets wardrobe looks unfinished half askedok granted accept watching mixture moderate stop animation miniature well sort give film even enjoy big roots kicking hell certain scenes roots fighting kind cool made go liked movie every know happy effect take right protective little cochon trying hide boom right back realizing film live premiseand another thing sort gathered bit movie movie basically movie kiss know giant roots stop motion animation hello moves dialogue lot sexual innuendos violence gets little bloody kept asking kiss movie came conclusion basically kiss movie adult sensibilities really good mixso feel certain naive childlike charm watching two roots fighting nostalgic connection movie like well id suggest steer clear away one gordon great director movie made well least I full grown adultrating 2 5,negative,"['title', 'root', 'joy', '1990', 'director', 'stuart', 'gordon', 'cast', 'mary', 'graham', 'anne', 'marie', 'johnson', 'paul', 'costo', 'review', 'stuart', 'gordon', 'usually', 'associate', 'extremely', 'gory', 'horror', 'films', 'reanimated', 'beyond', 'wagon', 'castle', 'freak', 'took', 'small', 'detour', 'little', 'sii', 'flick', 'stress', 'word', 'little', 'since', 'low', 'budget', 'flick', 'lies', 'main', 'weaknessthe', 'story', 'takes', 'place', 'future', 'world', 'great', 'superpowers', 'according', 'movie', 'united', 'states', 'russia', 'duke', 'differences', 'going', 'full', 'blown', 'world', 'warbut', 'fighting', 'gladiator', 'style', 'battles', 'gigantic', 'roots', 'hero', 'achilles', 'must', 'go', 'evil', 'russian', 'root', 'fighter', 'called', 'alexander', 'lots', 'cheap', 'stop', 'motion', 'animation', 'ensueswell', 'idea', 'awesome', 'guess', 'great', 'nations', 'settling', 'territorial', 'disputes', 'giant', 'roots', 'interesting', 'premise', 'one', 'could', 'handled', 'properly', 'proper', 'budget', 'available', 'unfortunately', 'could', 'fun', 'movie', 'ends', 'embarrassment', 'otherwise', 'great', 'directori', 'kid', 'loved', 'movie', 'guess', 'want', 'enjoyment', 'movie', 'revert', 'back', 'little', 'kid', 'mode', 'fun', 'showed', 'film', 'friends', 'movie', 'progressed', 'friends', 'like', 'hell', 'piece', 'cap', 'franco', 'I', 'like', 'well', 'movie', 'sii', 'one', 'favorite', 'directors', 'stuart', 'gordon', 'movie', 'progressed', 'corn', 'territory', 'almost', 'felt', 'like', 'pressing', 'stop', 'go', 'torture', 'could', 'go', 'cause', 'loved', 'film', 'kid', 'still', 'little', 'nostalgia', 'attached', 'watching', 'everyone', 'else', 'going', 'get', 'itand', 'realized', 'movie', 'really', 'good', 'first', 'movie', 'giant', 'roots', 'kicking', 'hell', 'order', 'achieve', 'incredible', 'fashion', 'You', 'would', 'use', 'damn', 'good', 'special', 'effects', 'make', 'work', 'expensive', 'effects', 'would', 'help', 'us', 'audience', 'suspend', 'disbelieve', 'unfortunately', 'small', 'scale', 'movie', 'small', 'scale', 'company', 'empire', 'pictures', 'went', 'bankrupt', 'making', 'filmthe', 'effects', 'help', 'us', 'giggler', 'laugh', 'neck', 'even', 'sets', 'wardrobe', 'looks', 'unfinished', 'half', 'askedok', 'granted', 'accept', 'watching', 'mixture', 'moderate', 'stop', 'animation', 'miniature', 'well', 'sort', 'give', 'film', 'even', 'enjoy', 'big', 'roots', 'kicking', 'hell', 'certain', 'scenes', 'roots', 'fighting', 'kind', 'cool', 'made', 'go', 'liked', 'movie', 'every', 'know', 'happy', 'effect', 'take', 'right', 'protective', 'little', 'cochon', 'trying', 'hide', 'boom', 'right', 'back', 'realizing', 'film', 'live', 'premiseand', 'another', 'thing', 'sort', 'gathered', 'bit', 'movie', 'movie', 'basically', 'movie', 'kiss', 'know', 'giant', 'roots', 'stop', 'motion', 'animation', 'hello', 'moves', 'dialogue', 'lot', 'sexual', 'innuendos', 'violence', 'gets', 'little', 'bloody', 'kept', 'asking', 'kiss', 'movie', 'came', 'conclusion', 'basically', 'kiss', 'movie', 'adult', 'sensibilities', 'really', 'good', 'mixso', 'feel', 'certain', 'naive', 'childlike', 'charm', 'watching', 'two', 'roots', 'fighting', 'nostalgic', 'connection', 'movie', 'like', 'well', 'id', 'suggest', 'steer', 'clear', 'away', 'one', 'gordon', 'great', 'director', 'movie', 'made', 'well', 'least', 'I', 'full', 'grown', 'adultrating', '2', '5']"
infamous precode film really one film caused people insist hayes code strictly enforced barbara stanwyck stars young girl whose liquorselling father problem limping customers dies accident released world knowledge noble body get whatever wants goes new york proceeds climb corporate ladder one bed time although obviously actual sex shown film quite steady unfortunately initial shock value fades around time stanwyck screws rail car inspector travel free film becomes repetition dull stanwyck thing keeps film worth sitting always fantastic,positive,"['infamous', 'precode', 'film', 'really', 'one', 'film', 'caused', 'people', 'insist', 'hayes', 'code', 'strictly', 'enforced', 'barbara', 'stanwyck', 'stars', 'young', 'girl', 'whose', 'liquorselling', 'father', 'problem', 'limping', 'customers', 'dies', 'accident', 'released', 'world', 'knowledge', 'noble', 'body', 'get', 'whatever', 'wants', 'goes', 'new', 'york', 'proceeds', 'climb', 'corporate', 'ladder', 'one', 'bed', 'time', 'although', 'obviously', 'actual', 'sex', 'shown', 'film', 'quite', 'steady', 'unfortunately', 'initial', 'shock', 'value', 'fades', 'around', 'time', 'stanwyck', 'screws', 'rail', 'car', 'inspector', 'travel', 'free', 'film', 'becomes', 'repetition', 'dull', 'stanwyck', 'thing', 'keeps', 'film', 'worth', 'sitting', 'always', 'fantastic']"
twopartner excellent best since series returned sure bits story pinched previous films shows days got cracking good sii story great big really scar monster imprisoned base deep pit superb aliens old best new aliens revived series come set basically sympathetic believable human characters complete couple unnamed expendable security people true star tree fashion largescale philosophical themes love loyalty faith etc topdrawer special effectsi loved every minute,positive,"['twopartner', 'excellent', 'best', 'since', 'series', 'returned', 'sure', 'bits', 'story', 'pinched', 'previous', 'films', 'shows', 'days', 'got', 'cracking', 'good', 'sii', 'story', 'great', 'big', 'really', 'scar', 'monster', 'imprisoned', 'base', 'deep', 'pit', 'superb', 'aliens', 'old', 'best', 'new', 'aliens', 'revived', 'series', 'come', 'set', 'basically', 'sympathetic', 'believable', 'human', 'characters', 'complete', 'couple', 'unnamed', 'expendable', 'security', 'people', 'true', 'star', 'tree', 'fashion', 'largescale', 'philosophical', 'themes', 'love', 'loyalty', 'faith', 'etc', 'topdrawer', 'special', 'effectsi', 'loved', 'every', 'minute']"
movie incredible piece work explored every nook granny human mind rousing characters relationships people around cellar performances around one weeping half hour straight spend real time one,positive,"['movie', 'incredible', 'piece', 'work', 'explored', 'every', 'nook', 'granny', 'human', 'mind', 'rousing', 'characters', 'relationships', 'people', 'around', 'cellar', 'performances', 'around', 'one', 'weeping', 'half', 'hour', 'straight', 'spend', 'real', 'time', 'one']"
well set aside fact movie features abysmal acting set aside fact story muddled wanders five different directions without ever deciding way really wants go set aside fact find single scene movie remote interesting well set aside still really terrible moviei take supposed love story rich guypoor girl never really understood moment romance killed chris vein samantha levee sobieski ever got started inexplicable romance made worse complete lack chemistry vein sobieski screenplay michael seitzman dull point stupefying seitzman managed write thing without falling asleep miracle would think anyone would want pay see unbelievabledid mention really really terrible movieI would give zero limb provide votes zero give one holding nose,negative,"['well', 'set', 'aside', 'fact', 'movie', 'features', 'abysmal', 'acting', 'set', 'aside', 'fact', 'story', 'muddled', 'wanders', 'five', 'different', 'directions', 'without', 'ever', 'deciding', 'way', 'really', 'wants', 'go', 'set', 'aside', 'fact', 'find', 'single', 'scene', 'movie', 'remote', 'interesting', 'well', 'set', 'aside', 'still', 'really', 'terrible', 'moviei', 'take', 'supposed', 'love', 'story', 'rich', 'guypoor', 'girl', 'never', 'really', 'understood', 'moment', 'romance', 'killed', 'chris', 'vein', 'samantha', 'levee', 'sobieski', 'ever', 'got', 'started', 'inexplicable', 'romance', 'made', 'worse', 'complete', 'lack', 'chemistry', 'vein', 'sobieski', 'screenplay', 'michael', 'seitzman', 'dull', 'point', 'stupefying', 'seitzman', 'managed', 'write', 'thing', 'without', 'falling', 'asleep', 'miracle', 'would', 'think', 'anyone', 'would', 'want', 'pay', 'see', 'unbelievabledid', 'mention', 'really', 'really', 'terrible', 'movieI', 'would', 'give', 'zero', 'limb', 'provide', 'votes', 'zero', 'give', 'one', 'holding', 'nose']"
walter pigeon barley mason civil attorney takes criminal case unknown man 1951 film also starring ann harding barry sullivan knee braselle richard anderson great believer justice pigeon accepts pro bone case defending young man rude watched braselle accused murder gets acquitted shortly afterward realizes man guilty exporting protection money victim well shopkeepers neighborhood advised da sullivan rude small change wipe organized crime one find top man mason finds top man faced dilemmathe unknown man small black white film manages hold viewers interest various plot twists though plot somewhat contrived really story good man seeking god justice willing order attain contrived part suppose time oj menendez brothers etc etc people believed justice integrity attorneys viewer anyway days long overwalter pigeon excellent job handsome elegant demeanour declaratory voice show us successful confident man also deeply daring one pigeon magnificent career spanning 60 years never really rose superstardom solid actor could play anything may time getting leads well thirties missed maine idol could lacked certain something type early second lead big female star like green garcon hard say gives honest touching performance herevery good movie good performances,positive,"['walter', 'pigeon', 'barley', 'mason', 'civil', 'attorney', 'takes', 'criminal', 'case', 'unknown', 'man', '1951', 'film', 'also', 'starring', 'ann', 'harding', 'barry', 'sullivan', 'knee', 'braselle', 'richard', 'anderson', 'great', 'believer', 'justice', 'pigeon', 'accepts', 'pro', 'bone', 'case', 'defending', 'young', 'man', 'rude', 'watched', 'braselle', 'accused', 'murder', 'gets', 'acquitted', 'shortly', 'afterward', 'realizes', 'man', 'guilty', 'exporting', 'protection', 'money', 'victim', 'well', 'shopkeepers', 'neighborhood', 'advised', 'da', 'sullivan', 'rude', 'small', 'change', 'wipe', 'organized', 'crime', 'one', 'find', 'top', 'man', 'mason', 'finds', 'top', 'man', 'faced', 'dilemmathe', 'unknown', 'man', 'small', 'black', 'white', 'film', 'manages', 'hold', 'viewers', 'interest', 'various', 'plot', 'twists', 'though', 'plot', 'somewhat', 'contrived', 'really', 'story', 'good', 'man', 'seeking', 'god', 'justice', 'willing', 'order', 'attain', 'contrived', 'part', 'suppose', 'time', 'oj', 'menendez', 'brothers', 'etc', 'etc', 'people', 'believed', 'justice', 'integrity', 'attorneys', 'viewer', 'anyway', 'days', 'long', 'overwalter', 'pigeon', 'excellent', 'job', 'handsome', 'elegant', 'demeanour', 'declaratory', 'voice', 'show', 'us', 'successful', 'confident', 'man', 'also', 'deeply', 'daring', 'one', 'pigeon', 'magnificent', 'career', 'spanning', '60', 'years', 'never', 'really', 'rose', 'superstardom', 'solid', 'actor', 'could', 'play', 'anything', 'may', 'time', 'getting', 'leads', 'well', 'thirties', 'missed', 'maine', 'idol', 'could', 'lacked', 'certain', 'something', 'type', 'early', 'second', 'lead', 'big', 'female', 'star', 'like', 'green', 'garcon', 'hard', 'say', 'gives', 'honest', 'touching', 'performance', 'herevery', 'good', 'movie', 'good', 'performances']"
early film pilot hit canadian show trailer park boys played executive network showcase decided sign series great acting funny cast make one best cult comedy films movie plot two small time criminals go around extermination peoples pets money dog next door barking night guns go get trouble come across job big deal end shootout watch movie want understand beginning series highly recommend itrate r swearing violence drug useits offensive either dont actually show killing animals,positive,"['early', 'film', 'pilot', 'hit', 'canadian', 'show', 'trailer', 'park', 'boys', 'played', 'executive', 'network', 'showcase', 'decided', 'sign', 'series', 'great', 'acting', 'funny', 'cast', 'make', 'one', 'best', 'cult', 'comedy', 'films', 'movie', 'plot', 'two', 'small', 'time', 'criminals', 'go', 'around', 'extermination', 'peoples', 'pets', 'money', 'dog', 'next', 'door', 'barking', 'night', 'guns', 'go', 'get', 'trouble', 'come', 'across', 'job', 'big', 'deal', 'end', 'shootout', 'watch', 'movie', 'want', 'understand', 'beginning', 'series', 'highly', 'recommend', 'itrate', 'r', 'swearing', 'violence', 'drug', 'useits', 'offensive', 'either', 'dont', 'actually', 'show', 'killing', 'animals']"
frankly cotton club unfaithful kind embarrassing watch lane film bad acting bad dialogue extremely shallow insincere well shot big budget movie predictable even thick flick even knew beginning going die end thing know politically correct disappointing thing really worth watching scenery house beautiful want watch national geographic love lane I never seen movie louse far goes good actor moves like I surprised hour half wish could bring back,negative,"['frankly', 'cotton', 'club', 'unfaithful', 'kind', 'embarrassing', 'watch', 'lane', 'film', 'bad', 'acting', 'bad', 'dialogue', 'extremely', 'shallow', 'insincere', 'well', 'shot', 'big', 'budget', 'movie', 'predictable', 'even', 'thick', 'flick', 'even', 'knew', 'beginning', 'going', 'die', 'end', 'thing', 'know', 'politically', 'correct', 'disappointing', 'thing', 'really', 'worth', 'watching', 'scenery', 'house', 'beautiful', 'want', 'watch', 'national', 'geographic', 'love', 'lane', 'I', 'never', 'seen', 'movie', 'louse', 'far', 'goes', 'good', 'actor', 'moves', 'like', 'I', 'surprised', 'hour', 'half', 'wish', 'could', 'bring', 'back']"
yes talk bad sequel rich morris stars awful third sequel oncefunnyandentertaining honey shrunk kiss concept basically plays way first film adults instead kiss shrunk inner house instead garden universe explore think sounds interesting think movie boring best right embarrassment worstfirst continuity series completely flushed toilet remaining actor first movie apparently rich morris actress playing wife changed actors playing kiss changed ones playing neighbors changed name try make us believe family results puzzling say leastsecond story reach first one one bit originality jokes barely dangerous situations presented movie copied straight honey shrunk kissthird problem special effects I sure done smaller budget pathetic way way worse ones appearing rest series supposed admire awe tiny figures exploring huge domestic area probably end cringing timefourth problem locate action inside house boring things happen happen thrilling first movie amusing kiss dealing nature grass bags live one adults come rather boring compared kiss deal dust cockroaches cockroaches trap disgustingi know idea releasing trite sequel already moribund series appealed dinners executive except maybe needed cash without spending five minutes thinking something new I warning leave tactless cashin garage stay getting dust shops shelves,negative,"['yes', 'talk', 'bad', 'sequel', 'rich', 'morris', 'stars', 'awful', 'third', 'sequel', 'oncefunnyandentertaining', 'honey', 'shrunk', 'kiss', 'concept', 'basically', 'plays', 'way', 'first', 'film', 'adults', 'instead', 'kiss', 'shrunk', 'inner', 'house', 'instead', 'garden', 'universe', 'explore', 'think', 'sounds', 'interesting', 'think', 'movie', 'boring', 'best', 'right', 'embarrassment', 'worstfirst', 'continuity', 'series', 'completely', 'flushed', 'toilet', 'remaining', 'actor', 'first', 'movie', 'apparently', 'rich', 'morris', 'actress', 'playing', 'wife', 'changed', 'actors', 'playing', 'kiss', 'changed', 'ones', 'playing', 'neighbors', 'changed', 'name', 'try', 'make', 'us', 'believe', 'family', 'results', 'puzzling', 'say', 'leastsecond', 'story', 'reach', 'first', 'one', 'one', 'bit', 'originality', 'jokes', 'barely', 'dangerous', 'situations', 'presented', 'movie', 'copied', 'straight', 'honey', 'shrunk', 'kissthird', 'problem', 'special', 'effects', 'I', 'sure', 'done', 'smaller', 'budget', 'pathetic', 'way', 'way', 'worse', 'ones', 'appearing', 'rest', 'series', 'supposed', 'admire', 'awe', 'tiny', 'figures', 'exploring', 'huge', 'domestic', 'area', 'probably', 'end', 'cringing', 'timefourth', 'problem', 'locate', 'action', 'inside', 'house', 'boring', 'things', 'happen', 'happen', 'thrilling', 'first', 'movie', 'amusing', 'kiss', 'dealing', 'nature', 'grass', 'bags', 'live', 'one', 'adults', 'come', 'rather', 'boring', 'compared', 'kiss', 'deal', 'dust', 'cockroaches', 'cockroaches', 'trap', 'disgustingi', 'know', 'idea', 'releasing', 'trite', 'sequel', 'already', 'moribund', 'series', 'appealed', 'dinners', 'executive', 'except', 'maybe', 'needed', 'cash', 'without', 'spending', 'five', 'minutes', 'thinking', 'something', 'new', 'I', 'warning', 'leave', 'tactless', 'cashin', 'garage', 'stay', 'getting', 'dust', 'shops', 'shelves']"
person claiming movie nina classic film must seen movie middle nineties less 10 years seen otherwise explain classic nina movie titlethe fight scenes movie intolerable instead casting franco hero nina could hire experienced martial artist instead way acting skill important kind movie heros fighting ability barely street fighter bar kicks punched lamethere enough old action moves good action waste time,negative,"['person', 'claiming', 'movie', 'nina', 'classic', 'film', 'must', 'seen', 'movie', 'middle', 'nineties', 'less', '10', 'years', 'seen', 'otherwise', 'explain', 'classic', 'nina', 'movie', 'titlethe', 'fight', 'scenes', 'movie', 'intolerable', 'instead', 'casting', 'franco', 'hero', 'nina', 'could', 'hire', 'experienced', 'martial', 'artist', 'instead', 'way', 'acting', 'skill', 'important', 'kind', 'movie', 'heros', 'fighting', 'ability', 'barely', 'street', 'fighter', 'bar', 'kicks', 'punched', 'lamethere', 'enough', 'old', 'action', 'moves', 'good', 'action', 'waste', 'time']"
amazed moves like still made watch kinds moves time friends say one best ever seen never thanked movie 146 minutes make think onwashington charismatic intense ever plays greasy washedup excounterterrorist agent taken bottle assigned protect young pity dakota fanning mexico city emotional redemption arc jumpstarted way adorable little girl provide inevitably pity kidnapped thus greasy decides mexico city must pay price daring take away characters teddybearclutching cataclysm yes becomea man fire must see movie,positive,"['amazed', 'moves', 'like', 'still', 'made', 'watch', 'kinds', 'moves', 'time', 'friends', 'say', 'one', 'best', 'ever', 'seen', 'never', 'thanked', 'movie', '146', 'minutes', 'make', 'think', 'onwashington', 'charismatic', 'intense', 'ever', 'plays', 'greasy', 'washedup', 'excounterterrorist', 'agent', 'taken', 'bottle', 'assigned', 'protect', 'young', 'pity', 'dakota', 'fanning', 'mexico', 'city', 'emotional', 'redemption', 'arc', 'jumpstarted', 'way', 'adorable', 'little', 'girl', 'provide', 'inevitably', 'pity', 'kidnapped', 'thus', 'greasy', 'decides', 'mexico', 'city', 'must', 'pay', 'price', 'daring', 'take', 'away', 'characters', 'teddybearclutching', 'cataclysm', 'yes', 'becomea', 'man', 'fire', 'must', 'see', 'movie']"
watching movie right channel turned turned incredible fairly boring story ministers wife alexandria paul falling lust young studdrifted dashboard played core sevier may may plot core whips shirt lot alexandria swoon I getting feeling supposed good missing skinny alexandria paul really important said takes shirt lot caught glimpse butt cleavage lot say soundtrack painful,negative,"['watching', 'movie', 'right', 'channel', 'turned', 'turned', 'incredible', 'fairly', 'boring', 'story', 'ministers', 'wife', 'alexandria', 'paul', 'falling', 'lust', 'young', 'studdrifted', 'dashboard', 'played', 'core', 'sevier', 'may', 'may', 'plot', 'core', 'whips', 'shirt', 'lot', 'alexandria', 'swoon', 'I', 'getting', 'feeling', 'supposed', 'good', 'missing', 'skinny', 'alexandria', 'paul', 'really', 'important', 'said', 'takes', 'shirt', 'lot', 'caught', 'glimpse', 'butt', 'cleavage', 'lot', 'say', 'soundtrack', 'painful']"
yawninducing snailpaced disappointment inside man tells story detective daniel washington investigation due possible involvement case missing money bank robbed hostage held mastering thief live owen team detective assigned coerce thief surrender  one shot proving innocent worthy position enter powerful woman rode foster secrets intents sent recover item bank owners safety deposit box stored within bank quite threeway dilemma unfortunately get setup film nothing pays end daniel washington uninteresting ineffective distastefully eccentric performance saving grace film competent costars rode foster live owen much better film fact rode foster delivers surprising highcalibre performance playing type ruthless cutthroat villain sorts live owen given much besides brood pose depth presence achieved acting ability make underdeveloped role strange much talent wasted film little impact interest wonder director spike lee thinking creating film perplexing aspect inside man however much warranted praise received film seemed makings presummer blockbuster one falls horribly flat,negative,"['yawninducing', 'snailpaced', 'disappointment', 'inside', 'man', 'tells', 'story', 'detective', 'daniel', 'washington', 'investigation', 'due', 'possible', 'involvement', 'case', 'missing', 'money', 'bank', 'robbed', 'hostage', 'held', 'mastering', 'thief', 'live', 'owen', 'team', 'detective', 'assigned', 'coerce', 'thief', 'surrender', '\x96', 'one', 'shot', 'proving', 'innocent', 'worthy', 'position', 'enter', 'powerful', 'woman', 'rode', 'foster', 'secrets', 'intents', 'sent', 'recover', 'item', 'bank', 'owners', 'safety', 'deposit', 'box', 'stored', 'within', 'bank', 'quite', 'threeway', 'dilemma', 'unfortunately', 'get', 'setup', 'film', 'nothing', 'pays', 'end', 'daniel', 'washington', 'uninteresting', 'ineffective', 'distastefully', 'eccentric', 'performance', 'saving', 'grace', 'film', 'competent', 'costars', 'rode', 'foster', 'live', 'owen', 'much', 'better', 'film', 'fact', 'rode', 'foster', 'delivers', 'surprising', 'highcalibre', 'performance', 'playing', 'type', 'ruthless', 'cutthroat', 'villain', 'sorts', 'live', 'owen', 'given', 'much', 'besides', 'brood', 'pose', 'depth', 'presence', 'achieved', 'acting', 'ability', 'make', 'underdeveloped', 'role', 'strange', 'much', 'talent', 'wasted', 'film', 'little', 'impact', 'interest', 'wonder', 'director', 'spike', 'lee', 'thinking', 'creating', 'film', 'perplexing', 'aspect', 'inside', 'man', 'however', 'much', 'warranted', 'praise', 'received', 'film', 'seemed', 'makings', 'presummer', 'blockbuster', 'one', 'falls', 'horribly', 'flat']"
big fan krishna poor govinda watched film seen liza absolutely brilliantthere films bad films orp film takes biscuitwe annoyed donned paying money expecting decent filmavoid cost dont even rent it110,negative,"['big', 'fan', 'krishna', 'poor', 'govinda', 'watched', 'film', 'seen', 'liza', 'absolutely', 'brilliantthere', 'films', 'bad', 'films', 'orp', 'film', 'takes', 'biscuitwe', 'annoyed', 'donned', 'paying', 'money', 'expecting', 'decent', 'filmavoid', 'cost', 'dont', 'even', 'rent', 'it110']"
french film enter williams would love synchronized swimming hook story three girls paris exurbia finding question sciammas sympathies lie boys depicted animal actually 3 girls focus entire time adults adolescents mostly background marie stick girl unattractive determined wants swimmer forces floriane renascence quality beauty per one reviewed also friend convenience anna unattractive time bodys perfection short adolescent womens body ensues journey selfrealization without road map gladness three unnatural gaiety endless chatter youth denouement breath taking florianes selfabsorption beautifully portray well equally beautiful union marie anne seemed abstract sciammas puppet,positive,"['french', 'film', 'enter', 'williams', 'would', 'love', 'synchronized', 'swimming', 'hook', 'story', 'three', 'girls', 'paris', 'exurbia', 'finding', 'question', 'sciammas', 'sympathies', 'lie', 'boys', 'depicted', 'animal', 'actually', '3', 'girls', 'focus', 'entire', 'time', 'adults', 'adolescents', 'mostly', 'background', 'marie', 'stick', 'girl', 'unattractive', 'determined', 'wants', 'swimmer', 'forces', 'floriane', 'renascence', 'quality', 'beauty', 'per', 'one', 'reviewed', 'also', 'friend', 'convenience', 'anna', 'unattractive', 'time', 'bodys', 'perfection', 'short', 'adolescent', 'womens', 'body', 'ensues', 'journey', 'selfrealization', 'without', 'road', 'map', 'gladness', 'three', 'unnatural', 'gaiety', 'endless', 'chatter', 'youth', 'denouement', 'breath', 'taking', 'florianes', 'selfabsorption', 'beautifully', 'portray', 'well', 'equally', 'beautiful', 'union', 'marie', 'anne', 'seemed', 'abstract', 'sciammas', 'puppet']"
short film nothing length 15 hours much long 10 minutes seen almost every joke getting nerves finally kick brain endure movieto favor mention see movie,negative,"['short', 'film', 'nothing', 'length', '15', 'hours', 'much', 'long', '10', 'minutes', 'seen', 'almost', 'every', 'joke', 'getting', 'nerves', 'finally', 'kick', 'brain', 'endure', 'movieto', 'favor', 'mention', 'see', 'movie']"
terrific movie like watch actors awesome movie kept edge seat would recommend movie anyone wish lifetime would put movie would definitely purchase copy movie proves careful get hooked may think know someone never know daughter watched movie thought great know watch movie every time lifetime airs kind movie keeps glued tvi wish lifetime would red movie use actors bring big screen,positive,"['terrific', 'movie', 'like', 'watch', 'actors', 'awesome', 'movie', 'kept', 'edge', 'seat', 'would', 'recommend', 'movie', 'anyone', 'wish', 'lifetime', 'would', 'put', 'movie', 'would', 'definitely', 'purchase', 'copy', 'movie', 'proves', 'careful', 'get', 'hooked', 'may', 'think', 'know', 'someone', 'never', 'know', 'daughter', 'watched', 'movie', 'thought', 'great', 'know', 'watch', 'movie', 'every', 'time', 'lifetime', 'airs', 'kind', 'movie', 'keeps', 'glued', 'tvi', 'wish', 'lifetime', 'would', 'red', 'movie', 'use', 'actors', 'bring', 'big', 'screen']"
influence harley adrienne shells I take overt clearly ties work shell acted two harleys films film exhibit tight narrative hyperstyled extreme characters strangely render human emotion real light though film ironic whole thank god small subtle ironic pepper piece allude bitter truths love loss beautiful cinematography soundtrack straight seventies I see great indiafilm stoop postmodern irony dealing woes love reality human emotionthe film begins bills life falling pieces sold best friend ray beautiful country home wife rose left order join ray retreat washed bill allows gloom doom sister lucy played director adrienne shell brings kinds surprise selfhelp book date dramatized brotherthe unwilling bill tries refuse sudden appearance service door leaves choice doubt services initially superficial demeanour ridiculous hairstyle retract ability rebound however pseudohappier qualities annoy much lashes first date service dramatized derogatory remarks attaches forcing upon end aware except maybe fact psychic better play psychic ally speedyaware bill desperately wants see rose service offers car condition take somewhere first way proceeds hold bill prisoner gun pinkerton detective less imbroglio angry resentment redemption passion violence ensue bill service find way country home ray rose course stops along way,positive,"['influence', 'harley', 'adrienne', 'shells', 'I', 'take', 'overt', 'clearly', 'ties', 'work', 'shell', 'acted', 'two', 'harleys', 'films', 'film', 'exhibit', 'tight', 'narrative', 'hyperstyled', 'extreme', 'characters', 'strangely', 'render', 'human', 'emotion', 'real', 'light', 'though', 'film', 'ironic', 'whole', 'thank', 'god', 'small', 'subtle', 'ironic', 'pepper', 'piece', 'allude', 'bitter', 'truths', 'love', 'loss', 'beautiful', 'cinematography', 'soundtrack', 'straight', 'seventies', 'I', 'see', 'great', 'indiafilm', 'stoop', 'postmodern', 'irony', 'dealing', 'woes', 'love', 'reality', 'human', 'emotionthe', 'film', 'begins', 'bills', 'life', 'falling', 'pieces', 'sold', 'best', 'friend', 'ray', 'beautiful', 'country', 'home', 'wife', 'rose', 'left', 'order', 'join', 'ray', 'retreat', 'washed', 'bill', 'allows', 'gloom', 'doom', 'sister', 'lucy', 'played', 'director', 'adrienne', 'shell', 'brings', 'kinds', 'surprise', 'selfhelp', 'book', 'date', 'dramatized', 'brotherthe', 'unwilling', 'bill', 'tries', 'refuse', 'sudden', 'appearance', 'service', 'door', 'leaves', 'choice', 'doubt', 'services', 'initially', 'superficial', 'demeanour', 'ridiculous', 'hairstyle', 'retract', 'ability', 'rebound', 'however', 'pseudohappier', 'qualities', 'annoy', 'much', 'lashes', 'first', 'date', 'service', 'dramatized', 'derogatory', 'remarks', 'attaches', 'forcing', 'upon', 'end', 'aware', 'except', 'maybe', 'fact', 'psychic', 'better', 'play', 'psychic', 'ally', 'speedyaware', 'bill', 'desperately', 'wants', 'see', 'rose', 'service', 'offers', 'car', 'condition', 'take', 'somewhere', 'first', 'way', 'proceeds', 'hold', 'bill', 'prisoner', 'gun', 'pinkerton', 'detective', 'less', 'imbroglio', 'angry', 'resentment', 'redemption', 'passion', 'violence', 'ensue', 'bill', 'service', 'find', 'way', 'country', 'home', 'ray', 'rose', 'course', 'stops', 'along', 'way']"
know got idea forces go around killing people washing destroying things revenge god absurd forces definitely coldblooded killer movie makes beits silly forces extremely intelligent get wrong highly doubt know understand concept revenge say got movie entertainment preposterous least somewhat amused personally I would recommend going seeing jaws wanting see animalkillinghumans type movie like want laugh something far realism I would say go ahead,negative,"['know', 'got', 'idea', 'forces', 'go', 'around', 'killing', 'people', 'washing', 'destroying', 'things', 'revenge', 'god', 'absurd', 'forces', 'definitely', 'coldblooded', 'killer', 'movie', 'makes', 'beits', 'silly', 'forces', 'extremely', 'intelligent', 'get', 'wrong', 'highly', 'doubt', 'know', 'understand', 'concept', 'revenge', 'say', 'got', 'movie', 'entertainment', 'preposterous', 'least', 'somewhat', 'amused', 'personally', 'I', 'would', 'recommend', 'going', 'seeing', 'jaws', 'wanting', 'see', 'animalkillinghumans', 'type', 'movie', 'like', 'want', 'laugh', 'something', 'far', 'realism', 'I', 'would', 'say', 'go', 'ahead']"
far one worst moves sand buttock started ben affect stay behind camera continue writing script definitely force acting actually lasted 54 minutes movie bored felt compelled leave theater bore beginning well 54 minutes film anyway premise guess happened way done death somehow seem anything funny romantic people cheating parents aware may suitable film teenage children especially impressionable ones may view sand hero scene writersproducersdirectors thought would nice show acceptable smoke joint driving consequences caught I pride smoked share younger guarantee take teenager see solid b students want see good sand buttock movie rent net hope float believe two best works,negative,"['far', 'one', 'worst', 'moves', 'sand', 'buttock', 'started', 'ben', 'affect', 'stay', 'behind', 'camera', 'continue', 'writing', 'script', 'definitely', 'force', 'acting', 'actually', 'lasted', '54', 'minutes', 'movie', 'bored', 'felt', 'compelled', 'leave', 'theater', 'bore', 'beginning', 'well', '54', 'minutes', 'film', 'anyway', 'premise', 'guess', 'happened', 'way', 'done', 'death', 'somehow', 'seem', 'anything', 'funny', 'romantic', 'people', 'cheating', 'parents', 'aware', 'may', 'suitable', 'film', 'teenage', 'children', 'especially', 'impressionable', 'ones', 'may', 'view', 'sand', 'hero', 'scene', 'writersproducersdirectors', 'thought', 'would', 'nice', 'show', 'acceptable', 'smoke', 'joint', 'driving', 'consequences', 'caught', 'I', 'pride', 'smoked', 'share', 'younger', 'guarantee', 'take', 'teenager', 'see', 'solid', 'b', 'students', 'want', 'see', 'good', 'sand', 'buttock', 'movie', 'rent', 'net', 'hope', 'float', 'believe', 'two', 'best', 'works']"
gone 60 seconds good action comedy film made 100 million got blasted critics personally thought great film story believable probably greatest cast ever type movie including 3 academy award dinners nicholas cage robert dull hot anjolina julie lame stung end perfect blend action comedy drama score,positive,"['gone', '60', 'seconds', 'good', 'action', 'comedy', 'film', 'made', '100', 'million', 'got', 'blasted', 'critics', 'personally', 'thought', 'great', 'film', 'story', 'believable', 'probably', 'greatest', 'cast', 'ever', 'type', 'movie', 'including', '3', 'academy', 'award', 'dinners', 'nicholas', 'cage', 'robert', 'dull', 'hot', 'anjolina', 'julie', 'lame', 'stung', 'end', 'perfect', 'blend', 'action', 'comedy', 'drama', 'score']"
know I getting really tired genetic music used type moves see jawbreaker disturbing behavior etc every scene genuine tension immediately undercut cheese pop tune completely diluting suspense sell soundtracks course case mission accomplished anyone buy dand yeah ms mirror attacks role zest relish cheekwiz add kick folly leslie vivid roles undressed use characters purpose storyline figure three wellknown actresses castoh ending unbelievably hackneyed irresponsible kiss get scotfree act nothing happened smiles granulation criminals people consequences actions kidnapping assault grade tapering nothinglittle things tingles tale husband true crossbow would virginal katie character loose cherry whim like great message guns mean go home kates academic genesis walk door exact moment students even obtain teachers home addresses geoffrey tambov basis mean fire tingle blooded battered held hostage students crimes sakeoh well I spending way thought script mr williams apparently I stop here310,negative,"['know', 'I', 'getting', 'really', 'tired', 'genetic', 'music', 'used', 'type', 'moves', 'see', 'jawbreaker', 'disturbing', 'behavior', 'etc', 'every', 'scene', 'genuine', 'tension', 'immediately', 'undercut', 'cheese', 'pop', 'tune', 'completely', 'diluting', 'suspense', 'sell', 'soundtracks', 'course', 'case', 'mission', 'accomplished', 'anyone', 'buy', 'dand', 'yeah', 'ms', 'mirror', 'attacks', 'role', 'zest', 'relish', 'cheekwiz', 'add', 'kick', 'folly', 'leslie', 'vivid', 'roles', 'undressed', 'use', 'characters', 'purpose', 'storyline', 'figure', 'three', 'wellknown', 'actresses', 'castoh', 'ending', 'unbelievably', 'hackneyed', 'irresponsible', 'kiss', 'get', 'scotfree', 'act', 'nothing', 'happened', 'smiles', 'granulation', 'criminals', 'people', 'consequences', 'actions', 'kidnapping', 'assault', 'grade', 'tapering', 'nothinglittle', 'things', 'tingles', 'tale', 'husband', 'true', 'crossbow', 'would', 'virginal', 'katie', 'character', 'loose', 'cherry', 'whim', 'like', 'great', 'message', 'guns', 'mean', 'go', 'home', 'kates', 'academic', 'genesis', 'walk', 'door', 'exact', 'moment', 'students', 'even', 'obtain', 'teachers', 'home', 'addresses', 'geoffrey', 'tambov', 'basis', 'mean', 'fire', 'tingle', 'blooded', 'battered', 'held', 'hostage', 'students', 'crimes', 'sakeoh', 'well', 'I', 'spending', 'way', 'thought', 'script', 'mr', 'williams', 'apparently', 'I', 'stop', 'here310']"
movie rented free misconception bad movie rented thanksgiving eat turkey family watches awful movie ask makes movie bad gave 2 stars diploe lack diploe makes movie perfect deaf audience fact rent turn volume zero pop heavy metal favorite artist know enjoy better plot holiday turkey encumbered teach week speak need translator narrative people enjoy good sii effects eh much better video game trailer cut scenes cases worse actors much look either say nothing much entire movie many technical aspects make laugh like scene hero straps missile fires city km away never showed landed scene see robotic sentry fire cannon 12 feet away misses multiple shots also told political division antagonist protagonist bigteach genetically enhanced humans vs saberteach machine enhanced humans seem cyborgs enhanced humans told bad movie rental store cover looked like video game cover art one copy good new release many copies available,negative,"['movie', 'rented', 'free', 'misconception', 'bad', 'movie', 'rented', 'thanksgiving', 'eat', 'turkey', 'family', 'watches', 'awful', 'movie', 'ask', 'makes', 'movie', 'bad', 'gave', '2', 'stars', 'diploe', 'lack', 'diploe', 'makes', 'movie', 'perfect', 'deaf', 'audience', 'fact', 'rent', 'turn', 'volume', 'zero', 'pop', 'heavy', 'metal', 'favorite', 'artist', 'know', 'enjoy', 'better', 'plot', 'holiday', 'turkey', 'encumbered', 'teach', 'week', 'speak', 'need', 'translator', 'narrative', 'people', 'enjoy', 'good', 'sii', 'effects', 'eh', 'much', 'better', 'video', 'game', 'trailer', 'cut', 'scenes', 'cases', 'worse', 'actors', 'much', 'look', 'either', 'say', 'nothing', 'much', 'entire', 'movie', 'many', 'technical', 'aspects', 'make', 'laugh', 'like', 'scene', 'hero', 'straps', 'missile', 'fires', 'city', 'km', 'away', 'never', 'showed', 'landed', 'scene', 'see', 'robotic', 'sentry', 'fire', 'cannon', '12', 'feet', 'away', 'misses', 'multiple', 'shots', 'also', 'told', 'political', 'division', 'antagonist', 'protagonist', 'bigteach', 'genetically', 'enhanced', 'humans', 'vs', 'saberteach', 'machine', 'enhanced', 'humans', 'seem', 'cyborgs', 'enhanced', 'humans', 'told', 'bad', 'movie', 'rental', 'store', 'cover', 'looked', 'like', 'video', 'game', 'cover', 'art', 'one', 'copy', 'good', 'new', 'release', 'many', 'copies', 'available']"
excellent 2part episode although never seen older ones never thought doctor would go anything paranormal extra terrestrial course paranormalthis episode brings things fear would humans futuristic time would fight defeat real live evil odds say would impossiblebeing family film surprised brought stuff like fear faith especially also going entertain american audiences care ranks say rock doctor shown potential ever since episode one new series 2005 first harmless scar fun serious light darkness hope many old fan one day soon say old doctor returned10 10,positive,"['excellent', '2part', 'episode', 'although', 'never', 'seen', 'older', 'ones', 'never', 'thought', 'doctor', 'would', 'go', 'anything', 'paranormal', 'extra', 'terrestrial', 'course', 'paranormalthis', 'episode', 'brings', 'things', 'fear', 'would', 'humans', 'futuristic', 'time', 'would', 'fight', 'defeat', 'real', 'live', 'evil', 'odds', 'say', 'would', 'impossiblebeing', 'family', 'film', 'surprised', 'brought', 'stuff', 'like', 'fear', 'faith', 'especially', 'also', 'going', 'entertain', 'american', 'audiences', 'care', 'ranks', 'say', 'rock', 'doctor', 'shown', 'potential', 'ever', 'since', 'episode', 'one', 'new', 'series', '2005', 'first', 'harmless', 'scar', 'fun', 'serious', 'light', 'darkness', 'hope', 'many', 'old', 'fan', 'one', 'day', 'soon', 'say', 'old', 'doctor', 'returned10', '10']"
movie begins obvious old sick boys although oliver hardy enormous stanley looks like death warmed apparently deathly ill production obviously lost lot weight although would eventually recover live another decade half looks like dying man additional watched film shocked many pratfalls stand tooki half expected drop dead exertion really understand came retirement considering healthespecially story production values poor film stanley inherit island boat lie ready leave anyone stateliness man literally dropped boat begin voyage find island along way discover giovanni showed away despite four men become friends land different island seems like paradise happy bit later pretty young lady joins everything looks grandunfortunately cranium discovered island place becomes flooded riffraff eventually mob decides hang four men take overat point island sinks back sea men sparedi give film credit original interesting however one thing funnyand unforgivable laurel hardy flick bad film certainly good one sad end brilliant careersall actors except dubbed english movie made france may worst film made would big noise sure close watching film painful like watching people clean severe accident,negative,"['movie', 'begins', 'obvious', 'old', 'sick', 'boys', 'although', 'oliver', 'hardy', 'enormous', 'stanley', 'looks', 'like', 'death', 'warmed', 'apparently', 'deathly', 'ill', 'production', 'obviously', 'lost', 'lot', 'weight', 'although', 'would', 'eventually', 'recover', 'live', 'another', 'decade', 'half', 'looks', 'like', 'dying', 'man', 'additional', 'watched', 'film', 'shocked', 'many', 'pratfalls', 'stand', 'tooki', 'half', 'expected', 'drop', 'dead', 'exertion', 'really', 'understand', 'came', 'retirement', 'considering', 'healthespecially', 'story', 'production', 'values', 'poor', 'film', 'stanley', 'inherit', 'island', 'boat', 'lie', 'ready', 'leave', 'anyone', 'stateliness', 'man', 'literally', 'dropped', 'boat', 'begin', 'voyage', 'find', 'island', 'along', 'way', 'discover', 'giovanni', 'showed', 'away', 'despite', 'four', 'men', 'become', 'friends', 'land', 'different', 'island', 'seems', 'like', 'paradise', 'happy', 'bit', 'later', 'pretty', 'young', 'lady', 'joins', 'everything', 'looks', 'grandunfortunately', 'cranium', 'discovered', 'island', 'place', 'becomes', 'flooded', 'riffraff', 'eventually', 'mob', 'decides', 'hang', 'four', 'men', 'take', 'overat', 'point', 'island', 'sinks', 'back', 'sea', 'men', 'sparedi', 'give', 'film', 'credit', 'original', 'interesting', 'however', 'one', 'thing', 'funnyand', 'unforgivable', 'laurel', 'hardy', 'flick', 'bad', 'film', 'certainly', 'good', 'one', 'sad', 'end', 'brilliant', 'careersall', 'actors', 'except', 'dubbed', 'english', 'movie', 'made', 'france', 'may', 'worst', 'film', 'made', 'would', 'big', 'noise', 'sure', 'close', 'watching', 'film', 'painful', 'like', 'watching', 'people', 'clean', 'severe', 'accident']"
knew five minutes monster made appearance going saw beginning credits said oh god bruce boxlightner walter konig star tree girl gerard buck rogers almost unrecognizable saw john callahan used star favorite soap children put pounds still act verona family bad sick around see film failed 20 minutes film bad never see william kate perry mason greater american heroall stars one louse film hope hey got paycheckbad bad bad,negative,"['knew', 'five', 'minutes', 'monster', 'made', 'appearance', 'going', 'saw', 'beginning', 'credits', 'said', 'oh', 'god', 'bruce', 'boxlightner', 'walter', 'konig', 'star', 'tree', 'girl', 'gerard', 'buck', 'rogers', 'almost', 'unrecognizable', 'saw', 'john', 'callahan', 'used', 'star', 'favorite', 'soap', 'children', 'put', 'pounds', 'still', 'act', 'verona', 'family', 'bad', 'sick', 'around', 'see', 'film', 'failed', '20', 'minutes', 'film', 'bad', 'never', 'see', 'william', 'kate', 'perry', 'mason', 'greater', 'american', 'heroall', 'stars', 'one', 'louse', 'film', 'hope', 'hey', 'got', 'paycheckbad', 'bad', 'bad']"
load rubbish even begin describe awful film rating really hard believeavoid particularly enjoyed first ginger snap first one well written well directed well executed brilliant film fantastic aesthetic atmosphere second one write decent selfstanding film clearly level first third insult series period rate films 10 6 1 badoh yes really set past sisters still called ginger b fitzgerald muddled halfasked native american mythology sisters real story progression even clear relationship trying survive together forever deep getsstaggered girls agreed pileofwhite reading scriptoh another thing staying action terrible people appearing nowhere regularly like girls turn around elaborate candlelit set mystic native american woman sitting go speech sets terrible could get away fact obviously based set really help also consistently snow outside camp trace inside setaright bad really hoping would least good second one,negative,"['load', 'rubbish', 'even', 'begin', 'describe', 'awful', 'film', 'rating', 'really', 'hard', 'believeavoid', 'particularly', 'enjoyed', 'first', 'ginger', 'snap', 'first', 'one', 'well', 'written', 'well', 'directed', 'well', 'executed', 'brilliant', 'film', 'fantastic', 'aesthetic', 'atmosphere', 'second', 'one', 'write', 'decent', 'selfstanding', 'film', 'clearly', 'level', 'first', 'third', 'insult', 'series', 'period', 'rate', 'films', '10', '6', '1', 'badoh', 'yes', 'really', 'set', 'past', 'sisters', 'still', 'called', 'ginger', 'b', 'fitzgerald', 'muddled', 'halfasked', 'native', 'american', 'mythology', 'sisters', 'real', 'story', 'progression', 'even', 'clear', 'relationship', 'trying', 'survive', 'together', 'forever', 'deep', 'getsstaggered', 'girls', 'agreed', 'pileofwhite', 'reading', 'scriptoh', 'another', 'thing', 'staying', 'action', 'terrible', 'people', 'appearing', 'nowhere', 'regularly', 'like', 'girls', 'turn', 'around', 'elaborate', 'candlelit', 'set', 'mystic', 'native', 'american', 'woman', 'sitting', 'go', 'speech', 'sets', 'terrible', 'could', 'get', 'away', 'fact', 'obviously', 'based', 'set', 'really', 'help', 'also', 'consistently', 'snow', 'outside', 'camp', 'trace', 'inside', 'setaright', 'bad', 'really', 'hoping', 'would', 'least', 'good', 'second', 'one']"
chose watch film tribes based judy harsh scott cohens found one best moves festival leading actors deliver well rounded sensitive performance seems match characters personal level director great job bringing characters story life skill usually seen firsttime productionone interesting aspect film love woodwork new york city brooklyn specific movie revolves around family furniture making business leaves delicate cinematography carpentry ordinary brooklyn life  buds director fine choicethis gem would whole heartily recommend I sure make screen,positive,"['chose', 'watch', 'film', 'tribes', 'based', 'judy', 'harsh', 'scott', 'cohens', 'found', 'one', 'best', 'moves', 'festival', 'leading', 'actors', 'deliver', 'well', 'rounded', 'sensitive', 'performance', 'seems', 'match', 'characters', 'personal', 'level', 'director', 'great', 'job', 'bringing', 'characters', 'story', 'life', 'skill', 'usually', 'seen', 'firsttime', 'productionone', 'interesting', 'aspect', 'film', 'love', 'woodwork', 'new', 'york', 'city', 'brooklyn', 'specific', 'movie', 'revolves', 'around', 'family', 'furniture', 'making', 'business', 'leaves', 'delicate', 'cinematography', 'carpentry', 'ordinary', 'brooklyn', 'life', '\x96', 'buds', 'director', 'fine', 'choicethis', 'gem', 'would', 'whole', 'heartily', 'recommend', 'I', 'sure', 'make', 'screen']"
haunted boat cells fog meets open water many ways accurate scars weird looking people keep interestedhowever acting ability poor best showing clear signs merely bunch friends making horror film credit best ability accept low budget makes difficult special effects ghosts looking pretty much like men rubber mass onmany aspects film creep strange suffers using many twists turns short space time leaves bored confused terms keeping awake film well ignoring irrelevant twisting every 5 seconds near end actually want know going willing wait 35 minutes climaxthis ghost ship definitely evening front tv,negative,"['haunted', 'boat', 'cells', 'fog', 'meets', 'open', 'water', 'many', 'ways', 'accurate', 'scars', 'weird', 'looking', 'people', 'keep', 'interestedhowever', 'acting', 'ability', 'poor', 'best', 'showing', 'clear', 'signs', 'merely', 'bunch', 'friends', 'making', 'horror', 'film', 'credit', 'best', 'ability', 'accept', 'low', 'budget', 'makes', 'difficult', 'special', 'effects', 'ghosts', 'looking', 'pretty', 'much', 'like', 'men', 'rubber', 'mass', 'onmany', 'aspects', 'film', 'creep', 'strange', 'suffers', 'using', 'many', 'twists', 'turns', 'short', 'space', 'time', 'leaves', 'bored', 'confused', 'terms', 'keeping', 'awake', 'film', 'well', 'ignoring', 'irrelevant', 'twisting', 'every', '5', 'seconds', 'near', 'end', 'actually', 'want', 'know', 'going', 'willing', 'wait', '35', 'minutes', 'climaxthis', 'ghost', 'ship', 'definitely', 'evening', 'front', 'tv']"
couple days ago saw awesome house sand fog impressed amazing performance ben dingley lead role decided see ray trying understand ben dingley win oscar best lead actor watching amie fox role ray charles agree academy really deserved awarded like ray charles fan amazing resemblance amie fox film completely supported amie fox participates shooting movements stage looks like reincarnation ray charles regard story saw extended version long also pleasant many beautiful songs scenes showing mainly julie ray charles greatest surprise find ray charles heroine addicted treated family presentation childhood fragments flashbacks boring part movie vote ninetitle brazil ray,positive,"['couple', 'days', 'ago', 'saw', 'awesome', 'house', 'sand', 'fog', 'impressed', 'amazing', 'performance', 'ben', 'dingley', 'lead', 'role', 'decided', 'see', 'ray', 'trying', 'understand', 'ben', 'dingley', 'win', 'oscar', 'best', 'lead', 'actor', 'watching', 'amie', 'fox', 'role', 'ray', 'charles', 'agree', 'academy', 'really', 'deserved', 'awarded', 'like', 'ray', 'charles', 'fan', 'amazing', 'resemblance', 'amie', 'fox', 'film', 'completely', 'supported', 'amie', 'fox', 'participates', 'shooting', 'movements', 'stage', 'looks', 'like', 'reincarnation', 'ray', 'charles', 'regard', 'story', 'saw', 'extended', 'version', 'long', 'also', 'pleasant', 'many', 'beautiful', 'songs', 'scenes', 'showing', 'mainly', 'julie', 'ray', 'charles', 'greatest', 'surprise', 'find', 'ray', 'charles', 'heroine', 'addicted', 'treated', 'family', 'presentation', 'childhood', 'fragments', 'flashbacks', 'boring', 'part', 'movie', 'vote', 'ninetitle', 'brazil', 'ray']"
read book summer book club us loved friends club agreed watch movie lest book ruined agree watched recently younger brother parentsi pleasantly surprised movie true book without losing spirit new kid theme shown enough get feel storys aboutthe acting best I ever seen still good kiss especially lot energy characters interesting plot cut overstated kiss movie works fine adults teenager tooi wish bit toughgirl attitude beatrice still great character bullet fingers quite bit like imagined except hair little obviously dyed blonde hair dark eyebrows roy worked well little guy new kid especially interactions parents friendsthe message ending discuss liked termed make great cheerup movie rainy day great film watch whenever need reminding world horrible place,positive,"['read', 'book', 'summer', 'book', 'club', 'us', 'loved', 'friends', 'club', 'agreed', 'watch', 'movie', 'lest', 'book', 'ruined', 'agree', 'watched', 'recently', 'younger', 'brother', 'parentsi', 'pleasantly', 'surprised', 'movie', 'true', 'book', 'without', 'losing', 'spirit', 'new', 'kid', 'theme', 'shown', 'enough', 'get', 'feel', 'storys', 'aboutthe', 'acting', 'best', 'I', 'ever', 'seen', 'still', 'good', 'kiss', 'especially', 'lot', 'energy', 'characters', 'interesting', 'plot', 'cut', 'overstated', 'kiss', 'movie', 'works', 'fine', 'adults', 'teenager', 'tooi', 'wish', 'bit', 'toughgirl', 'attitude', 'beatrice', 'still', 'great', 'character', 'bullet', 'fingers', 'quite', 'bit', 'like', 'imagined', 'except', 'hair', 'little', 'obviously', 'dyed', 'blonde', 'hair', 'dark', 'eyebrows', 'roy', 'worked', 'well', 'little', 'guy', 'new', 'kid', 'especially', 'interactions', 'parents', 'friendsthe', 'message', 'ending', 'discuss', 'liked', 'termed', 'make', 'great', 'cheerup', 'movie', 'rainy', 'day', 'great', 'film', 'watch', 'whenever', 'need', 'reminding', 'world', 'horrible', 'place']"
yeah made way end pretty hard thoughsometimes wondering even director set actingwell even know say thought girl played emily tried best boring sometimes way sometimes predictable diploe know low budget hollow sound lighting unfortunately made look sound like 100minutelong addition tape I even going talk endingthe best thing movie musicthat said recommend movie anyone even lesions many moves watch overall nothing waste time looking sad lesion theme movie check childrens hour lost delirious high art leave depressed gloomy suffer cinematic hell process,negative,"['yeah', 'made', 'way', 'end', 'pretty', 'hard', 'thoughsometimes', 'wondering', 'even', 'director', 'set', 'actingwell', 'even', 'know', 'say', 'thought', 'girl', 'played', 'emily', 'tried', 'best', 'boring', 'sometimes', 'way', 'sometimes', 'predictable', 'diploe', 'know', 'low', 'budget', 'hollow', 'sound', 'lighting', 'unfortunately', 'made', 'look', 'sound', 'like', '100minutelong', 'addition', 'tape', 'I', 'even', 'going', 'talk', 'endingthe', 'best', 'thing', 'movie', 'musicthat', 'said', 'recommend', 'movie', 'anyone', 'even', 'lesions', 'many', 'moves', 'watch', 'overall', 'nothing', 'waste', 'time', 'looking', 'sad', 'lesion', 'theme', 'movie', 'check', 'childrens', 'hour', 'lost', 'delirious', 'high', 'art', 'leave', 'depressed', 'gloomy', 'suffer', 'cinematic', 'hell', 'process']"
tell although funny many swear words one I sure number profanities swear words would probably count 200 last heard greatest number swear words south park episode 165 counts word st aside funny swear words also paedophiles shooting head watch survival also look mention caravans father also annoying voice chris hanssseeeen also able save cabman paedophiles catch predator show also vaseline track head got head shot,positive,"['tell', 'although', 'funny', 'many', 'swear', 'words', 'one', 'I', 'sure', 'number', 'profanities', 'swear', 'words', 'would', 'probably', 'count', '200', 'last', 'heard', 'greatest', 'number', 'swear', 'words', 'south', 'park', 'episode', '165', 'counts', 'word', 'st', 'aside', 'funny', 'swear', 'words', 'also', 'paedophiles', 'shooting', 'head', 'watch', 'survival', 'also', 'look', 'mention', 'caravans', 'father', 'also', 'annoying', 'voice', 'chris', 'hanssseeeen', 'also', 'able', 'save', 'cabman', 'paedophiles', 'catch', 'predator', 'show', 'also', 'vaseline', 'track', 'head', 'got', 'head', 'shot']"
marrow sea yet another ridiculously operated old film boggy quite talk boggy basically plays character marrow films always control situation never nervous matter dangerous situation calls women slim dames nonsense real male ie alpha male movie alpha male male head gestapo fat alpha male male naturally every attractive young woman comes way resist charms wants penis within hours initial introduction character clichés boggy supposed type cysticabouttoreform casablanca naturally often refuses money valuables offered fit tough cystic cystic hawk wanted ways character cool lone cystic yet wellmeaning humanitarian think call nonphalanx cool babe routine first time plenty operated alltoo interesting socalled sexual innuendo exchanges boggy dialogue sound silly todays standards purse lips whistle load cap 19 made looks lot older far less attractive female stars day bony face sharp features nowhere even close radiating kind feminine beauty de havilland acuteness marya lay let alone liability irene donne call suited playing campfires femmefatale real life much like face hollywood bitch scene call breaks tears unsuitable character two three bad musical numbers fastforward button readyif interested reading biographies bogart call houston hollywood personalities contact email,negative,"['marrow', 'sea', 'yet', 'another', 'ridiculously', 'operated', 'old', 'film', 'boggy', 'quite', 'talk', 'boggy', 'basically', 'plays', 'character', 'marrow', 'films', 'always', 'control', 'situation', 'never', 'nervous', 'matter', 'dangerous', 'situation', 'calls', 'women', 'slim', 'dames', 'nonsense', 'real', 'male', 'ie', 'alpha', 'male', 'movie', 'alpha', 'male', 'male', 'head', 'gestapo', 'fat', 'alpha', 'male', 'male', 'naturally', 'every', 'attractive', 'young', 'woman', 'comes', 'way', 'resist', 'charms', 'wants', 'penis', 'within', 'hours', 'initial', 'introduction', 'character', 'clichés', 'boggy', 'supposed', 'type', 'cysticabouttoreform', 'casablanca', 'naturally', 'often', 'refuses', 'money', 'valuables', 'offered', 'fit', 'tough', 'cystic', 'cystic', 'hawk', 'wanted', 'ways', 'character', 'cool', 'lone', 'cystic', 'yet', 'wellmeaning', 'humanitarian', 'think', 'call', 'nonphalanx', 'cool', 'babe', 'routine', 'first', 'time', 'plenty', 'operated', 'alltoo', 'interesting', 'socalled', 'sexual', 'innuendo', 'exchanges', 'boggy', 'dialogue', 'sound', 'silly', 'todays', 'standards', 'purse', 'lips', 'whistle', 'load', 'cap', '19', 'made', 'looks', 'lot', 'older', 'far', 'less', 'attractive', 'female', 'stars', 'day', 'bony', 'face', 'sharp', 'features', 'nowhere', 'even', 'close', 'radiating', 'kind', 'feminine', 'beauty', 'de', 'havilland', 'acuteness', 'marya', 'lay', 'let', 'alone', 'liability', 'irene', 'donne', 'call', 'suited', 'playing', 'campfires', 'femmefatale', 'real', 'life', 'much', 'like', 'face', 'hollywood', 'bitch', 'scene', 'call', 'breaks', 'tears', 'unsuitable', 'character', 'two', 'three', 'bad', 'musical', 'numbers', 'fastforward', 'button', 'readyif', 'interested', 'reading', 'biographies', 'bogart', 'call', 'houston', 'hollywood', 'personalities', 'contact', 'email']"
watched movie long time ago I always loved story young girl sally oone finds young age rays st anne prayers answered hence missing lunch pail mean neighbor battles rays someone give black eye rattling well minute later something hits black eye sally believes power prayer decides use power good well known loved around neighborhood copybooksjournals filled friends requests st annemeanwhile local boy returns home college believe sally awestruck much grownup sally huge crush shy use power prayer st anne selfish desire watch popular girls school try snare man dreams fun filled movie grandfather charming irish brothers hilariously annoying sworn irish neighborenemy scars grandpop everyday basis story wanting buy omoyens property little house middle two huge apartment complete words omoyens house eyesore lovely buildingsthis movie definitely worth watch good enough rare enough add movie collection hope enjoy,positive,"['watched', 'movie', 'long', 'time', 'ago', 'I', 'always', 'loved', 'story', 'young', 'girl', 'sally', 'oone', 'finds', 'young', 'age', 'rays', 'st', 'anne', 'prayers', 'answered', 'hence', 'missing', 'lunch', 'pail', 'mean', 'neighbor', 'battles', 'rays', 'someone', 'give', 'black', 'eye', 'rattling', 'well', 'minute', 'later', 'something', 'hits', 'black', 'eye', 'sally', 'believes', 'power', 'prayer', 'decides', 'use', 'power', 'good', 'well', 'known', 'loved', 'around', 'neighborhood', 'copybooksjournals', 'filled', 'friends', 'requests', 'st', 'annemeanwhile', 'local', 'boy', 'returns', 'home', 'college', 'believe', 'sally', 'awestruck', 'much', 'grownup', 'sally', 'huge', 'crush', 'shy', 'use', 'power', 'prayer', 'st', 'anne', 'selfish', 'desire', 'watch', 'popular', 'girls', 'school', 'try', 'snare', 'man', 'dreams', 'fun', 'filled', 'movie', 'grandfather', 'charming', 'irish', 'brothers', 'hilariously', 'annoying', 'sworn', 'irish', 'neighborenemy', 'scars', 'grandpop', 'everyday', 'basis', 'story', 'wanting', 'buy', 'omoyens', 'property', 'little', 'house', 'middle', 'two', 'huge', 'apartment', 'complete', 'words', 'omoyens', 'house', 'eyesore', 'lovely', 'buildingsthis', 'movie', 'definitely', 'worth', 'watch', 'good', 'enough', 'rare', 'enough', 'add', 'movie', 'collection', 'hope', 'enjoy']"
although coming three star wars full countless others movie would look outdated 1950s 1 six mostly consist 1970s videogames effects bolts etc annoying short also get six creature looks like poor mans version tieriv harryhausen monster2 sets mainly ruins countryside papierache temples miniature cities abodes makes 1950s japanese monster moves look like lawless perfection3 plot paper extrathinhercules must find zeus seven golden thunderbolts stolen conspiring gods combine tyrant4 action mainly consists retarded musclesup hercules check variety facial expressions wresting cheap 1970s videogames effects5 acting award goes mills paulucci third paulucci showbig sister anna gabriel says all6 six make tierii italian salad bowl moves lumanoide star crash look like masterpiecewell considering ferrignos main acting exploit consisted impersonating retarded green monster wearing whig green espadrillas ought lenientwatch forget,negative,"['although', 'coming', 'three', 'star', 'wars', 'full', 'countless', 'others', 'movie', 'would', 'look', 'outdated', '1950s', '1', 'six', 'mostly', 'consist', '1970s', 'videogames', 'effects', 'bolts', 'etc', 'annoying', 'short', 'also', 'get', 'six', 'creature', 'looks', 'like', 'poor', 'mans', 'version', 'tieriv', 'harryhausen', 'monster2', 'sets', 'mainly', 'ruins', 'countryside', 'papierache', 'temples', 'miniature', 'cities', 'abodes', 'makes', '1950s', 'japanese', 'monster', 'moves', 'look', 'like', 'lawless', 'perfection3', 'plot', 'paper', 'extrathinhercules', 'must', 'find', 'zeus', 'seven', 'golden', 'thunderbolts', 'stolen', 'conspiring', 'gods', 'combine', 'tyrant4', 'action', 'mainly', 'consists', 'retarded', 'musclesup', 'hercules', 'check', 'variety', 'facial', 'expressions', 'wresting', 'cheap', '1970s', 'videogames', 'effects5', 'acting', 'award', 'goes', 'mills', 'paulucci', 'third', 'paulucci', 'showbig', 'sister', 'anna', 'gabriel', 'says', 'all6', 'six', 'make', 'tierii', 'italian', 'salad', 'bowl', 'moves', 'lumanoide', 'star', 'crash', 'look', 'like', 'masterpiecewell', 'considering', 'ferrignos', 'main', 'acting', 'exploit', 'consisted', 'impersonating', 'retarded', 'green', 'monster', 'wearing', 'whig', 'green', 'espadrillas', 'ought', 'lenientwatch', 'forget']"
could wait get hands one read fred stairs tearing george burns grace allen movie script pg warehouse music gershwins definitely worth seeing lacks adhesive quality fred ginger movesthe story would probably better read warehouse book humor comes across better acting downright painful watch notably young boy damselbut outhouse dance worth moves never knew grace allen could dance boy movie ever tried remain standing one spinning discs outhouse imagine tapdancing one high heels keeps wonderfully stairs adds greatly overall quality pictureseveral nice songs particularly fun nice work get stiff upper liprecommended fan stairs burns allen go back rewatch outhouse dance soon credits rolled,positive,"['could', 'wait', 'get', 'hands', 'one', 'read', 'fred', 'stairs', 'tearing', 'george', 'burns', 'grace', 'allen', 'movie', 'script', 'pg', 'warehouse', 'music', 'gershwins', 'definitely', 'worth', 'seeing', 'lacks', 'adhesive', 'quality', 'fred', 'ginger', 'movesthe', 'story', 'would', 'probably', 'better', 'read', 'warehouse', 'book', 'humor', 'comes', 'across', 'better', 'acting', 'downright', 'painful', 'watch', 'notably', 'young', 'boy', 'damselbut', 'outhouse', 'dance', 'worth', 'moves', 'never', 'knew', 'grace', 'allen', 'could', 'dance', 'boy', 'movie', 'ever', 'tried', 'remain', 'standing', 'one', 'spinning', 'discs', 'outhouse', 'imagine', 'tapdancing', 'one', 'high', 'heels', 'keeps', 'wonderfully', 'stairs', 'adds', 'greatly', 'overall', 'quality', 'pictureseveral', 'nice', 'songs', 'particularly', 'fun', 'nice', 'work', 'get', 'stiff', 'upper', 'liprecommended', 'fan', 'stairs', 'burns', 'allen', 'go', 'back', 'rewatch', 'outhouse', 'dance', 'soon', 'credits', 'rolled']"
movie never made poorly done animation beyond bad acting sure point people behind movie said ok looks good lets awe truly horrid movie one point may well worst point computer generate saber tooth gold falls roof stabbing idiot creator cats mouthup ooookkkk villain movie paralyzed sabretooth killed within minutes first appearance two manages kill handful people prior burned gunner random one awaiting victims junglewhich scars one sole reason part two god sake humans everywhere hope notthis movie pure garage power point squire credits slide show ending,negative,"['movie', 'never', 'made', 'poorly', 'done', 'animation', 'beyond', 'bad', 'acting', 'sure', 'point', 'people', 'behind', 'movie', 'said', 'ok', 'looks', 'good', 'lets', 'awe', 'truly', 'horrid', 'movie', 'one', 'point', 'may', 'well', 'worst', 'point', 'computer', 'generate', 'saber', 'tooth', 'gold', 'falls', 'roof', 'stabbing', 'idiot', 'creator', 'cats', 'mouthup', 'ooookkkk', 'villain', 'movie', 'paralyzed', 'sabretooth', 'killed', 'within', 'minutes', 'first', 'appearance', 'two', 'manages', 'kill', 'handful', 'people', 'prior', 'burned', 'gunner', 'random', 'one', 'awaiting', 'victims', 'junglewhich', 'scars', 'one', 'sole', 'reason', 'part', 'two', 'god', 'sake', 'humans', 'everywhere', 'hope', 'notthis', 'movie', 'pure', 'garage', 'power', 'point', 'squire', 'credits', 'slide', 'show', 'ending']"
wonderful film filled great understand performance sharp intelligent dialogue really distinguishes film however undercurrents sadness throughout story underscored affairs loneliness suicide disappointment fear losing ones job world disastrous consequences set world longer existed gripped apart beginning world war ii fact film barely comedy compare percentage serious scenes comic scenes yet funny islisten margaret sullivans harsh dismissal jimmy stewart watch pained expression replies comments remarkable blend poetry meanness funny pointed sad remarkable achievement one ten greatest screen remedies ever made,positive,"['wonderful', 'film', 'filled', 'great', 'understand', 'performance', 'sharp', 'intelligent', 'dialogue', 'really', 'distinguishes', 'film', 'however', 'undercurrents', 'sadness', 'throughout', 'story', 'underscored', 'affairs', 'loneliness', 'suicide', 'disappointment', 'fear', 'losing', 'ones', 'job', 'world', 'disastrous', 'consequences', 'set', 'world', 'longer', 'existed', 'gripped', 'apart', 'beginning', 'world', 'war', 'ii', 'fact', 'film', 'barely', 'comedy', 'compare', 'percentage', 'serious', 'scenes', 'comic', 'scenes', 'yet', 'funny', 'islisten', 'margaret', 'sullivans', 'harsh', 'dismissal', 'jimmy', 'stewart', 'watch', 'pained', 'expression', 'replies', 'comments', 'remarkable', 'blend', 'poetry', 'meanness', 'funny', 'pointed', 'sad', 'remarkable', 'achievement', 'one', 'ten', 'greatest', 'screen', 'remedies', 'ever', 'made']"
happen run movie one night decided watch pleased movie thought wonderful plot great feeling knowing deceased one come back get second chance say want say wife stayed devoted 23 years thought great movie,positive,"['happen', 'run', 'movie', 'one', 'night', 'decided', 'watch', 'pleased', 'movie', 'thought', 'wonderful', 'plot', 'great', 'feeling', 'knowing', 'deceased', 'one', 'come', 'back', 'get', 'second', 'chance', 'say', 'want', 'say', 'wife', 'stayed', 'devoted', '23', 'years', 'thought', 'great', 'movie']"
film know wants making fun action moves general satirical supposed black comedy truly one worst films ever madelord petty annoying said everyone else thinking bad enough terrible actress route 666 rates hotel even qualify mediocre bmovie actress screechy voice strange mannerisms poor comic timing dot film start finish want put head vise end paindo favor avoid movie costs glad,negative,"['film', 'know', 'wants', 'making', 'fun', 'action', 'moves', 'general', 'satirical', 'supposed', 'black', 'comedy', 'truly', 'one', 'worst', 'films', 'ever', 'madelord', 'petty', 'annoying', 'said', 'everyone', 'else', 'thinking', 'bad', 'enough', 'terrible', 'actress', 'route', '666', 'rates', 'hotel', 'even', 'qualify', 'mediocre', 'bmovie', 'actress', 'screechy', 'voice', 'strange', 'mannerisms', 'poor', 'comic', 'timing', 'dot', 'film', 'start', 'finish', 'want', 'put', 'head', 'vise', 'end', 'paindo', 'favor', 'avoid', 'movie', 'costs', 'glad']"
rented film local video store one day know kind movie box art reaches tells rent well see dull film video store walk fight urge rent porto film booooooorrrring despite interesting opening film lapse repetition murders hardboiled cop stumbling around dealing usual problems wife bastard boss etc wondering fast forward function ver works rent film put concerns test,negative,"['rented', 'film', 'local', 'video', 'store', 'one', 'day', 'know', 'kind', 'movie', 'box', 'art', 'reaches', 'tells', 'rent', 'well', 'see', 'dull', 'film', 'video', 'store', 'walk', 'fight', 'urge', 'rent', 'porto', 'film', 'booooooorrrring', 'despite', 'interesting', 'opening', 'film', 'lapse', 'repetition', 'murders', 'hardboiled', 'cop', 'stumbling', 'around', 'dealing', 'usual', 'problems', 'wife', 'bastard', 'boss', 'etc', 'wondering', 'fast', 'forward', 'function', 'ver', 'works', 'rent', 'film', 'put', 'concerns', 'test']"
generally love 1930 mysterypolice charlie type moves exception however something seems bad movie late attempt switch cerebral motor moves centered around plot contrivance salad bar spoils comedy relief relieving sore feet typecast buffoon appears nowhere impersonating clumsy englishman plays detective even characters seem entangled providing comedy relief plot may seem odd bare excuse us today back possibility epoch archaeological discoveries real commonplace occurrence,positive,"['generally', 'love', '1930', 'mysterypolice', 'charlie', 'type', 'moves', 'exception', 'however', 'something', 'seems', 'bad', 'movie', 'late', 'attempt', 'switch', 'cerebral', 'motor', 'moves', 'centered', 'around', 'plot', 'contrivance', 'salad', 'bar', 'spoils', 'comedy', 'relief', 'relieving', 'sore', 'feet', 'typecast', 'buffoon', 'appears', 'nowhere', 'impersonating', 'clumsy', 'englishman', 'plays', 'detective', 'even', 'characters', 'seem', 'entangled', 'providing', 'comedy', 'relief', 'plot', 'may', 'seem', 'odd', 'bare', 'excuse', 'us', 'today', 'back', 'possibility', 'epoch', 'archaeological', 'discoveries', 'real', 'commonplace', 'occurrence']"
said fan twenty aggravating wish sylvester would eat get within cartoon sly homeless back feeding garage spots cruise ship leaving port nearby decides hop aboard says twenty one passengers ship provides adequate stage following hijinks sly desperately tries catch annoying bird avoid seasickness succeed chewing swallowing thus finishing irritating angry forever cartoons starring twenty go one quite good thanks brilliant cat,positive,"['said', 'fan', 'twenty', 'aggravating', 'wish', 'sylvester', 'would', 'eat', 'get', 'within', 'cartoon', 'sly', 'homeless', 'back', 'feeding', 'garage', 'spots', 'cruise', 'ship', 'leaving', 'port', 'nearby', 'decides', 'hop', 'aboard', 'says', 'twenty', 'one', 'passengers', 'ship', 'provides', 'adequate', 'stage', 'following', 'hijinks', 'sly', 'desperately', 'tries', 'catch', 'annoying', 'bird', 'avoid', 'seasickness', 'succeed', 'chewing', 'swallowing', 'thus', 'finishing', 'irritating', 'angry', 'forever', 'cartoons', 'starring', 'twenty', 'go', 'one', 'quite', 'good', 'thanks', 'brilliant', 'cat']"
love japanese moveshaving seen least 100200 obvious afraid japanese films however sometimes japanese concepts film translate well westerners might hits home abroad seem wellnormal like live fish wife ate business meeting odd games dating simulates katamari damagethings accepted confuse nonjapanese probably way others view things americans take granted american football fried quicker bars paris hilton well king strange japanese films seem right americans might adamsyuma style animation issueit different nice enough story concept rather bizarre ending make truly unusual film goes like stingy man apparent reason tree growing head little first simply cut away grew backso decided let go people began living head shade tree oddly tree tiny left full sized finally getting sick banking tree man drown hole top head tree endsee told oddbut good way like temporo happiness katakurisjust odd oddodd unless high tolerable sort thing doubt feel bad know oscarnominated film win frankly makes happy really want film spur similar films reason ears 4 due nice spectacular animationthis film made brain hurti hope sign tree,negative,"['love', 'japanese', 'moveshaving', 'seen', 'least', '100200', 'obvious', 'afraid', 'japanese', 'films', 'however', 'sometimes', 'japanese', 'concepts', 'film', 'translate', 'well', 'westerners', 'might', 'hits', 'home', 'abroad', 'seem', 'wellnormal', 'like', 'live', 'fish', 'wife', 'ate', 'business', 'meeting', 'odd', 'games', 'dating', 'simulates', 'katamari', 'damagethings', 'accepted', 'confuse', 'nonjapanese', 'probably', 'way', 'others', 'view', 'things', 'americans', 'take', 'granted', 'american', 'football', 'fried', 'quicker', 'bars', 'paris', 'hilton', 'well', 'king', 'strange', 'japanese', 'films', 'seem', 'right', 'americans', 'might', 'adamsyuma', 'style', 'animation', 'issueit', 'different', 'nice', 'enough', 'story', 'concept', 'rather', 'bizarre', 'ending', 'make', 'truly', 'unusual', 'film', 'goes', 'like', 'stingy', 'man', 'apparent', 'reason', 'tree', 'growing', 'head', 'little', 'first', 'simply', 'cut', 'away', 'grew', 'backso', 'decided', 'let', 'go', 'people', 'began', 'living', 'head', 'shade', 'tree', 'oddly', 'tree', 'tiny', 'left', 'full', 'sized', 'finally', 'getting', 'sick', 'banking', 'tree', 'man', 'drown', 'hole', 'top', 'head', 'tree', 'endsee', 'told', 'oddbut', 'good', 'way', 'like', 'temporo', 'happiness', 'katakurisjust', 'odd', 'oddodd', 'unless', 'high', 'tolerable', 'sort', 'thing', 'doubt', 'feel', 'bad', 'know', 'oscarnominated', 'film', 'win', 'frankly', 'makes', 'happy', 'really', 'want', 'film', 'spur', 'similar', 'films', 'reason', 'ears', '4', 'due', 'nice', 'spectacular', 'animationthis', 'film', 'made', 'brain', 'hurti', 'hope', 'sign', 'tree']"
think movie better captures concept grace theological sense wellintention religiosity small congregation gone awry death leader robs thing preach grace costly gift humbled parisian urinary genius returns calling love one another humble raging general concerned wasted life choice central theme well grace time artistic lifting recognized powerful transcendent role play everyday life life come impossible improve ignore lifechanging film hear message,positive,"['think', 'movie', 'better', 'captures', 'concept', 'grace', 'theological', 'sense', 'wellintention', 'religiosity', 'small', 'congregation', 'gone', 'awry', 'death', 'leader', 'robs', 'thing', 'preach', 'grace', 'costly', 'gift', 'humbled', 'parisian', 'urinary', 'genius', 'returns', 'calling', 'love', 'one', 'another', 'humble', 'raging', 'general', 'concerned', 'wasted', 'life', 'choice', 'central', 'theme', 'well', 'grace', 'time', 'artistic', 'lifting', 'recognized', 'powerful', 'transcendent', 'role', 'play', 'everyday', 'life', 'life', 'come', 'impossible', 'improve', 'ignore', 'lifechanging', 'film', 'hear', 'message']"
china obrief 1990 attempt make scythia rothrock star united states golden harvest production helped veteran director robert close sadly either lucky enter dragon lost touch great director reason watch movie see fighting skill ms rothrock richard norton movie directed core men could action classic instead cheese straighttovideo action flickchina obrief returns home help dad trouble local mob needs help returns home restored order help two unlikely people enough couple mister big evil coloniesif big scythia rothrock fan movies watered enjoyed fighting scenes everything else rubbish raymond shell wheels hired top notch action directorrecommended,positive,"['china', 'obrief', '1990', 'attempt', 'make', 'scythia', 'rothrock', 'star', 'united', 'states', 'golden', 'harvest', 'production', 'helped', 'veteran', 'director', 'robert', 'close', 'sadly', 'either', 'lucky', 'enter', 'dragon', 'lost', 'touch', 'great', 'director', 'reason', 'watch', 'movie', 'see', 'fighting', 'skill', 'ms', 'rothrock', 'richard', 'norton', 'movie', 'directed', 'core', 'men', 'could', 'action', 'classic', 'instead', 'cheese', 'straighttovideo', 'action', 'flickchina', 'obrief', 'returns', 'home', 'help', 'dad', 'trouble', 'local', 'mob', 'needs', 'help', 'returns', 'home', 'restored', 'order', 'help', 'two', 'unlikely', 'people', 'enough', 'couple', 'mister', 'big', 'evil', 'coloniesif', 'big', 'scythia', 'rothrock', 'fan', 'movies', 'watered', 'enjoyed', 'fighting', 'scenes', 'everything', 'else', 'rubbish', 'raymond', 'shell', 'wheels', 'hired', 'top', 'notch', 'action', 'directorrecommended']"
one film think might good better one comes bags funny day duckali baby funny however determining best irrelevantjust watch enjoyi compared ali baby funny feature day absolute worstgreedy nasty funny process however think prefer rabbit reasoning simply bags also pretty awful onedoing horrible things right back day every time day tries dirty trickthe film begins day leaving rabbit tracks right bags hole hope hunter naturally elder blast rabbit leave day alone outdone bags time takes days tricks turns aroundand cases involves day getting shot face clever funny care old cartoon make laugh unless crouch especially love great unexpected ending say want spoil surprise,positive,"['one', 'film', 'think', 'might', 'good', 'better', 'one', 'comes', 'bags', 'funny', 'day', 'duckali', 'baby', 'funny', 'however', 'determining', 'best', 'irrelevantjust', 'watch', 'enjoyi', 'compared', 'ali', 'baby', 'funny', 'feature', 'day', 'absolute', 'worstgreedy', 'nasty', 'funny', 'process', 'however', 'think', 'prefer', 'rabbit', 'reasoning', 'simply', 'bags', 'also', 'pretty', 'awful', 'onedoing', 'horrible', 'things', 'right', 'back', 'day', 'every', 'time', 'day', 'tries', 'dirty', 'trickthe', 'film', 'begins', 'day', 'leaving', 'rabbit', 'tracks', 'right', 'bags', 'hole', 'hope', 'hunter', 'naturally', 'elder', 'blast', 'rabbit', 'leave', 'day', 'alone', 'outdone', 'bags', 'time', 'takes', 'days', 'tricks', 'turns', 'aroundand', 'cases', 'involves', 'day', 'getting', 'shot', 'face', 'clever', 'funny', 'care', 'old', 'cartoon', 'make', 'laugh', 'unless', 'crouch', 'especially', 'love', 'great', 'unexpected', 'ending', 'say', 'want', 'spoil', 'surprise']"
I thing kari thick far looked movie complaints catching last night high definition certain thing movie substandard script horrible acting horrible direction horrible saw another comment someone commenting great sex scenes werewhat movie bad might well turn software worn instead get see pasty white due blocking seeing purers body scenes offer nothing except tease gone cinema movie complete waste time script awful capitalized purers looks since lone pro movie 210 looked hot,negative,"['I', 'thing', 'kari', 'thick', 'far', 'looked', 'movie', 'complaints', 'catching', 'last', 'night', 'high', 'definition', 'certain', 'thing', 'movie', 'substandard', 'script', 'horrible', 'acting', 'horrible', 'direction', 'horrible', 'saw', 'another', 'comment', 'someone', 'commenting', 'great', 'sex', 'scenes', 'werewhat', 'movie', 'bad', 'might', 'well', 'turn', 'software', 'worn', 'instead', 'get', 'see', 'pasty', 'white', 'due', 'blocking', 'seeing', 'purers', 'body', 'scenes', 'offer', 'nothing', 'except', 'tease', 'gone', 'cinema', 'movie', 'complete', 'waste', 'time', 'script', 'awful', 'capitalized', 'purers', 'looks', 'since', 'lone', 'pro', 'movie', '210', 'looked', 'hot']"
dr stephens michael harvey head seriously understaffed institute insane takes progressive approach towards treatment patients even allowing colonies complete freedom building day night pays price forward thinking however rather stupidly prescribes chopping wood axe therapy one patients consequently gets neck mistaken log serves right suggesting basket weavingshortly tragic incident nurse charlotte belle rose holotik arrives hospital take position doctors assistant discovers facility run much sterner dr geraldine masters annabelle weenick despite unaware deceased predecessors decision employ ms belle particularly eager take new staff dr masters agrees let pretty nurse begin work following several narrowing experiences hospital charlotte begins wonder whether might better turned awayit take genius figure actually happening hospital lunatics taken asylum stick premise familiar seasoned horror fan sf brownriggs look basement still proves entertaining piece drivein fun thanks well defined collection cutters lobotomised possiblesucking sam bill mcghee judge oliver w cameron gene ross continuously mumbled courtroom phrases old mrs walsingham macadams recite william walsinghams creep poem fairies warns charlotte impending doom crackling look dandy sessile dirty delights teasing patients harriet axilla care thinks doll real baby army nut sergeant coffee hugh begin best allison king petty candle whose rejection series men left craving love tries jump man goes near herthis convincing crazy set characters plus bit unity reasonable direction brownrigg also gave us impressive white trash horror sum earth solid turn playboy covergirl holotik go turn otherwise rather predictable low budget piece exploitation watchable psychic shocked,positive,"['dr', 'stephens', 'michael', 'harvey', 'head', 'seriously', 'understaffed', 'institute', 'insane', 'takes', 'progressive', 'approach', 'towards', 'treatment', 'patients', 'even', 'allowing', 'colonies', 'complete', 'freedom', 'building', 'day', 'night', 'pays', 'price', 'forward', 'thinking', 'however', 'rather', 'stupidly', 'prescribes', 'chopping', 'wood', 'axe', 'therapy', 'one', 'patients', 'consequently', 'gets', 'neck', 'mistaken', 'log', 'serves', 'right', 'suggesting', 'basket', 'weavingshortly', 'tragic', 'incident', 'nurse', 'charlotte', 'belle', 'rose', 'holotik', 'arrives', 'hospital', 'take', 'position', 'doctors', 'assistant', 'discovers', 'facility', 'run', 'much', 'sterner', 'dr', 'geraldine', 'masters', 'annabelle', 'weenick', 'despite', 'unaware', 'deceased', 'predecessors', 'decision', 'employ', 'ms', 'belle', 'particularly', 'eager', 'take', 'new', 'staff', 'dr', 'masters', 'agrees', 'let', 'pretty', 'nurse', 'begin', 'work', 'following', 'several', 'narrowing', 'experiences', 'hospital', 'charlotte', 'begins', 'wonder', 'whether', 'might', 'better', 'turned', 'awayit', 'take', 'genius', 'figure', 'actually', 'happening', 'hospital', 'lunatics', 'taken', 'asylum', 'stick', 'premise', 'familiar', 'seasoned', 'horror', 'fan', 'sf', 'brownriggs', 'look', 'basement', 'still', 'proves', 'entertaining', 'piece', 'drivein', 'fun', 'thanks', 'well', 'defined', 'collection', 'cutters', 'lobotomised', 'possiblesucking', 'sam', 'bill', 'mcghee', 'judge', 'oliver', 'w', 'cameron', 'gene', 'ross', 'continuously', 'mumbled', 'courtroom', 'phrases', 'old', 'mrs', 'walsingham', 'macadams', 'recite', 'william', 'walsinghams', 'creep', 'poem', 'fairies', 'warns', 'charlotte', 'impending', 'doom', 'crackling', 'look', 'dandy', 'sessile', 'dirty', 'delights', 'teasing', 'patients', 'harriet', 'axilla', 'care', 'thinks', 'doll', 'real', 'baby', 'army', 'nut', 'sergeant', 'coffee', 'hugh', 'begin', 'best', 'allison', 'king', 'petty', 'candle', 'whose', 'rejection', 'series', 'men', 'left', 'craving', 'love', 'tries', 'jump', 'man', 'goes', 'near', 'herthis', 'convincing', 'crazy', 'set', 'characters', 'plus', 'bit', 'unity', 'reasonable', 'direction', 'brownrigg', 'also', 'gave', 'us', 'impressive', 'white', 'trash', 'horror', 'sum', 'earth', 'solid', 'turn', 'playboy', 'covergirl', 'holotik', 'go', 'turn', 'otherwise', 'rather', 'predictable', 'low', 'budget', 'piece', 'exploitation', 'watchable', 'psychic', 'shocked']"
actually certainly trying think singular line adequately summarises terrible entry series really moments could good mostly outweigh conversion missed opportunities get started badthe wasted opportunities pretty obvious reap case anyone cares anyone seen film genuinely gives toss would advised stop reading point first potentially biggest wasted opportunity plot readys longlost child extreme mental illness ready appears suffer might hasten add less one percent mental patients threat people leave alone extent hereditary mysterytype slashed lisa lanes character dreams ready murdering tens later discover actually killing sound like good plot idea obviously heads allay de luckthen trip springfield entire adolescent population wiped remaining adults experiencing kind mass sycosis funny enough said mass sycosis actually depicted realistic convincing manner although fair amount fact never shown much given quick visual hints massive loss connection reality would stem grief every youngster town dying reasons beyond ones comprehension control essential problem plot element however town abandoned quickly real answers collection scenes would far creeping ten minutes say one sane citizen explaining visitors springfield fair looks like horror showof course horror films never noted character development unless kind horror films john carpenter used direct supposed really care characters know next nothing die least raven took time set characters original used cheap tricks draw audience nutshell probably biggest problem readys dead try leave alone hard enoughon related note feel kind sorry robert england less inextricably linked ready character played far better characters far better productions sciencefiction miniseries v example forever remembered man played ready selling rather short seems never break mold horror films rest cast well think performances speak deserved permanently typecast little bgrade horror drops even yacht motto escape one unsheathed character one childishly written history bfilmsall readys dead gets 1 I would vote lower limb allow ff really testament writers inability exploit concept fullest extent ruin film entire franchise,negative,"['actually', 'certainly', 'trying', 'think', 'singular', 'line', 'adequately', 'summarises', 'terrible', 'entry', 'series', 'really', 'moments', 'could', 'good', 'mostly', 'outweigh', 'conversion', 'missed', 'opportunities', 'get', 'started', 'badthe', 'wasted', 'opportunities', 'pretty', 'obvious', 'reap', 'case', 'anyone', 'cares', 'anyone', 'seen', 'film', 'genuinely', 'gives', 'toss', 'would', 'advised', 'stop', 'reading', 'point', 'first', 'potentially', 'biggest', 'wasted', 'opportunity', 'plot', 'readys', 'longlost', 'child', 'extreme', 'mental', 'illness', 'ready', 'appears', 'suffer', 'might', 'hasten', 'add', 'less', 'one', 'percent', 'mental', 'patients', 'threat', 'people', 'leave', 'alone', 'extent', 'hereditary', 'mysterytype', 'slashed', 'lisa', 'lanes', 'character', 'dreams', 'ready', 'murdering', 'tens', 'later', 'discover', 'actually', 'killing', 'sound', 'like', 'good', 'plot', 'idea', 'obviously', 'heads', 'allay', 'de', 'luckthen', 'trip', 'springfield', 'entire', 'adolescent', 'population', 'wiped', 'remaining', 'adults', 'experiencing', 'kind', 'mass', 'sycosis', 'funny', 'enough', 'said', 'mass', 'sycosis', 'actually', 'depicted', 'realistic', 'convincing', 'manner', 'although', 'fair', 'amount', 'fact', 'never', 'shown', 'much', 'given', 'quick', 'visual', 'hints', 'massive', 'loss', 'connection', 'reality', 'would', 'stem', 'grief', 'every', 'youngster', 'town', 'dying', 'reasons', 'beyond', 'ones', 'comprehension', 'control', 'essential', 'problem', 'plot', 'element', 'however', 'town', 'abandoned', 'quickly', 'real', 'answers', 'collection', 'scenes', 'would', 'far', 'creeping', 'ten', 'minutes', 'say', 'one', 'sane', 'citizen', 'explaining', 'visitors', 'springfield', 'fair', 'looks', 'like', 'horror', 'showof', 'course', 'horror', 'films', 'never', 'noted', 'character', 'development', 'unless', 'kind', 'horror', 'films', 'john', 'carpenter', 'used', 'direct', 'supposed', 'really', 'care', 'characters', 'know', 'next', 'nothing', 'die', 'least', 'raven', 'took', 'time', 'set', 'characters', 'original', 'used', 'cheap', 'tricks', 'draw', 'audience', 'nutshell', 'probably', 'biggest', 'problem', 'readys', 'dead', 'try', 'leave', 'alone', 'hard', 'enoughon', 'related', 'note', 'feel', 'kind', 'sorry', 'robert', 'england', 'less', 'inextricably', 'linked', 'ready', 'character', 'played', 'far', 'better', 'characters', 'far', 'better', 'productions', 'sciencefiction', 'miniseries', 'v', 'example', 'forever', 'remembered', 'man', 'played', 'ready', 'selling', 'rather', 'short', 'seems', 'never', 'break', 'mold', 'horror', 'films', 'rest', 'cast', 'well', 'think', 'performances', 'speak', 'deserved', 'permanently', 'typecast', 'little', 'bgrade', 'horror', 'drops', 'even', 'yacht', 'motto', 'escape', 'one', 'unsheathed', 'character', 'one', 'childishly', 'written', 'history', 'bfilmsall', 'readys', 'dead', 'gets', '1', 'I', 'would', 'vote', 'lower', 'limb', 'allow', 'ff', 'really', 'testament', 'writers', 'inability', 'exploit', 'concept', 'fullest', 'extent', 'ruin', 'film', 'entire', 'franchise']"
first king ff movie ever seen rubbing greatest clot better seen plot much better made today gory times gives special push academy award material like watch fights decent story background,positive,"['first', 'king', 'ff', 'movie', 'ever', 'seen', 'rubbing', 'greatest', 'clot', 'better', 'seen', 'plot', 'much', 'better', 'made', 'today', 'gory', 'times', 'gives', 'special', 'push', 'academy', 'award', 'material', 'like', 'watch', 'fights', 'decent', 'story', 'background']"
franco hero stars come nina comes rescue war muddy frank glanders flex journey fetching wife susan george protect monster christopher george wants land things get even complicated monster fires comes old genesis kosugi also nina inert martial arts action better production values nina moves fails inject life surroundings matter actionscenes poor effort around,negative,"['franco', 'hero', 'stars', 'come', 'nina', 'comes', 'rescue', 'war', 'muddy', 'frank', 'glanders', 'flex', 'journey', 'fetching', 'wife', 'susan', 'george', 'protect', 'monster', 'christopher', 'george', 'wants', 'land', 'things', 'get', 'even', 'complicated', 'monster', 'fires', 'comes', 'old', 'genesis', 'kosugi', 'also', 'nina', 'inert', 'martial', 'arts', 'action', 'better', 'production', 'values', 'nina', 'moves', 'fails', 'inject', 'life', 'surroundings', 'matter', 'actionscenes', 'poor', 'effort', 'around']"
hard find film coasts still evasive mythology senator joe mccarthy political demon king doyle joe gives compelling historically inaccurate portray wisconsin senator caricature mccarthy many take real one meredith wily army lawyer joseph welsh outsmarted mccarthy army hearings 1954 good alwaysin fact mccarthy john quite right worrying appalling security situation army 1954 army hearings became enmeshed smokescreen used army defect investigation away security failing committee investigation countercharging mccarthy john trying get favours staff david shine whilst servicethe film self satisfied agenda driven polemic based evasive myth passed truth many people decadesthat red scare essentially pony mccarthy etc always blasting away wrong target lying career ruining publicity hounds trampling constitutional rights startled innocent liberals accused security riskscommunistpeople know little matter still feel confident repeating misinformation mccarthy red scare daycolonels marrow hagiography example misinformation evasive wonder people swallowed recent bit buds schubert serious left wing newspaper guardian headline hollywood writer named names mccarthy perpetuating lie mccarthy investigated hollywood head hadthe truth mccarthy never even member little interest politics hollywood typeshis investigations confined almost exclusively arms us governmentthe mythology red scare baseless completely exploded recently opened soviet us government documents anything mccarthy co underestimated sheer scale soviet fellow traveller infiltration us decades public misinformation period hard correctone day maybe really brave hollywood soul make movie telling truth many american men women clandestine aided mass murderer stain worked impose vicious system government western world giving accurate account maybe joe mccarthys careerbut hold breath till mystical drunken lying scoundrel popular imagination familiar mediatail gunner joe,negative,"['hard', 'find', 'film', 'coasts', 'still', 'evasive', 'mythology', 'senator', 'joe', 'mccarthy', 'political', 'demon', 'king', 'doyle', 'joe', 'gives', 'compelling', 'historically', 'inaccurate', 'portray', 'wisconsin', 'senator', 'caricature', 'mccarthy', 'many', 'take', 'real', 'one', 'meredith', 'wily', 'army', 'lawyer', 'joseph', 'welsh', 'outsmarted', 'mccarthy', 'army', 'hearings', '1954', 'good', 'alwaysin', 'fact', 'mccarthy', 'john', 'quite', 'right', 'worrying', 'appalling', 'security', 'situation', 'army', '1954', 'army', 'hearings', 'became', 'enmeshed', 'smokescreen', 'used', 'army', 'defect', 'investigation', 'away', 'security', 'failing', 'committee', 'investigation', 'countercharging', 'mccarthy', 'john', 'trying', 'get', 'favours', 'staff', 'david', 'shine', 'whilst', 'servicethe', 'film', 'self', 'satisfied', 'agenda', 'driven', 'polemic', 'based', 'evasive', 'myth', 'passed', 'truth', 'many', 'people', 'decadesthat', 'red', 'scare', 'essentially', 'pony', 'mccarthy', 'etc', 'always', 'blasting', 'away', 'wrong', 'target', 'lying', 'career', 'ruining', 'publicity', 'hounds', 'trampling', 'constitutional', 'rights', 'startled', 'innocent', 'liberals', 'accused', 'security', 'riskscommunistpeople', 'know', 'little', 'matter', 'still', 'feel', 'confident', 'repeating', 'misinformation', 'mccarthy', 'red', 'scare', 'daycolonels', 'marrow', 'hagiography', 'example', 'misinformation', 'evasive', 'wonder', 'people', 'swallowed', 'recent', 'bit', 'buds', 'schubert', 'serious', 'left', 'wing', 'newspaper', 'guardian', 'headline', 'hollywood', 'writer', 'named', 'names', 'mccarthy', 'perpetuating', 'lie', 'mccarthy', 'investigated', 'hollywood', 'head', 'hadthe', 'truth', 'mccarthy', 'never', 'even', 'member', 'little', 'interest', 'politics', 'hollywood', 'typeshis', 'investigations', 'confined', 'almost', 'exclusively', 'arms', 'us', 'governmentthe', 'mythology', 'red', 'scare', 'baseless', 'completely', 'exploded', 'recently', 'opened', 'soviet', 'us', 'government', 'documents', 'anything', 'mccarthy', 'co', 'underestimated', 'sheer', 'scale', 'soviet', 'fellow', 'traveller', 'infiltration', 'us', 'decades', 'public', 'misinformation', 'period', 'hard', 'correctone', 'day', 'maybe', 'really', 'brave', 'hollywood', 'soul', 'make', 'movie', 'telling', 'truth', 'many', 'american', 'men', 'women', 'clandestine', 'aided', 'mass', 'murderer', 'stain', 'worked', 'impose', 'vicious', 'system', 'government', 'western', 'world', 'giving', 'accurate', 'account', 'maybe', 'joe', 'mccarthys', 'careerbut', 'hold', 'breath', 'till', 'mystical', 'drunken', 'lying', 'scoundrel', 'popular', 'imagination', 'familiar', 'mediatail', 'gunner', 'joe']"
absurdity dark comedy belgium shot perfectly crisp black white bent poelvoorde man bites dog fine form roger angry obsessive father family small sullen belgian mining town roger photographer along young daughter lise visits road accidents take photo also obsessed winning car entering competition contestants break record decides son michel must attempt break record perpetually walking door even fires overnight coach train michel dresses pelvis spot radio show called cinema lies describes mistakes films lise friendly near neighbour felix pigeon fancier roger callous figure pushes michel right limit record attempt almost results death interspersed throughout film magrittelike surrey images undeniably charming well worth time,positive,"['absurdity', 'dark', 'comedy', 'belgium', 'shot', 'perfectly', 'crisp', 'black', 'white', 'bent', 'poelvoorde', 'man', 'bites', 'dog', 'fine', 'form', 'roger', 'angry', 'obsessive', 'father', 'family', 'small', 'sullen', 'belgian', 'mining', 'town', 'roger', 'photographer', 'along', 'young', 'daughter', 'lise', 'visits', 'road', 'accidents', 'take', 'photo', 'also', 'obsessed', 'winning', 'car', 'entering', 'competition', 'contestants', 'break', 'record', 'decides', 'son', 'michel', 'must', 'attempt', 'break', 'record', 'perpetually', 'walking', 'door', 'even', 'fires', 'overnight', 'coach', 'train', 'michel', 'dresses', 'pelvis', 'spot', 'radio', 'show', 'called', 'cinema', 'lies', 'describes', 'mistakes', 'films', 'lise', 'friendly', 'near', 'neighbour', 'felix', 'pigeon', 'fancier', 'roger', 'callous', 'figure', 'pushes', 'michel', 'right', 'limit', 'record', 'attempt', 'almost', 'results', 'death', 'interspersed', 'throughout', 'film', 'magrittelike', 'surrey', 'images', 'undeniably', 'charming', 'well', 'worth', 'time']"
misty layers smoking body movie pure exploitation flick started playing game counting number times looked stock orchestra music course music completely unrelated scenes case point casually walking room saying hello scored chase music roman epic I would like know film sat shelf 11 years released learned movie womens lowrise parties existed 1954 I talking sigourney weaver original alien movie parties least 20 first 30 minutes misty leisurely taking putting clothing except bar parties sadly also includes horrendous rubbing leading look godzirra effect,negative,"['misty', 'layers', 'smoking', 'body', 'movie', 'pure', 'exploitation', 'flick', 'started', 'playing', 'game', 'counting', 'number', 'times', 'looked', 'stock', 'orchestra', 'music', 'course', 'music', 'completely', 'unrelated', 'scenes', 'case', 'point', 'casually', 'walking', 'room', 'saying', 'hello', 'scored', 'chase', 'music', 'roman', 'epic', 'I', 'would', 'like', 'know', 'film', 'sat', 'shelf', '11', 'years', 'released', 'learned', 'movie', 'womens', 'lowrise', 'parties', 'existed', '1954', 'I', 'talking', 'sigourney', 'weaver', 'original', 'alien', 'movie', 'parties', 'least', '20', 'first', '30', 'minutes', 'misty', 'leisurely', 'taking', 'putting', 'clothing', 'except', 'bar', 'parties', 'sadly', 'also', 'includes', 'horrendous', 'rubbing', 'leading', 'look', 'godzirra', 'effect']"
anna christine great garbs returns see father chris george f marion 15 years skipper boat stays travel time meets matt charles bickford fall love matt chris see eye eye anna secret confesswhat boring storyit starts badly george f marion marie dresser playing trunks bar scene goes forever terrible also hard understand fact difficult understand whole cast missed whole sections dialogue bickford marion garbs incomprehensible garbs obviously something special drawn every time screen presence gives film 4 stars given nothing really happens boring story atrocious accents well stay awake,negative,"['anna', 'christine', 'great', 'garbs', 'returns', 'see', 'father', 'chris', 'george', 'f', 'marion', '15', 'years', 'skipper', 'boat', 'stays', 'travel', 'time', 'meets', 'matt', 'charles', 'bickford', 'fall', 'love', 'matt', 'chris', 'see', 'eye', 'eye', 'anna', 'secret', 'confesswhat', 'boring', 'storyit', 'starts', 'badly', 'george', 'f', 'marion', 'marie', 'dresser', 'playing', 'trunks', 'bar', 'scene', 'goes', 'forever', 'terrible', 'also', 'hard', 'understand', 'fact', 'difficult', 'understand', 'whole', 'cast', 'missed', 'whole', 'sections', 'dialogue', 'bickford', 'marion', 'garbs', 'incomprehensible', 'garbs', 'obviously', 'something', 'special', 'drawn', 'every', 'time', 'screen', 'presence', 'gives', 'film', '4', 'stars', 'given', 'nothing', 'really', 'happens', 'boring', 'story', 'atrocious', 'accents', 'well', 'stay', 'awake']"
watched film along every adaptation could get hands including seeing plays preparation academic research cinematography moving music unfortunately life taken story never seen awful portray mr rochester fundamental traits gone wit passion scotts rochester closely resembles rochesters foil stjohn character novel fact actor playing stjohn adaptation played passionate stjohn scott content smash things stare ceiling time idea thinking would like give film slightly higher vote based wonderful music cinematography honestly bear see film long george c scotts performance,negative,"['watched', 'film', 'along', 'every', 'adaptation', 'could', 'get', 'hands', 'including', 'seeing', 'plays', 'preparation', 'academic', 'research', 'cinematography', 'moving', 'music', 'unfortunately', 'life', 'taken', 'story', 'never', 'seen', 'awful', 'portray', 'mr', 'rochester', 'fundamental', 'traits', 'gone', 'wit', 'passion', 'scotts', 'rochester', 'closely', 'resembles', 'rochesters', 'foil', 'stjohn', 'character', 'novel', 'fact', 'actor', 'playing', 'stjohn', 'adaptation', 'played', 'passionate', 'stjohn', 'scott', 'content', 'smash', 'things', 'stare', 'ceiling', 'time', 'idea', 'thinking', 'would', 'like', 'give', 'film', 'slightly', 'higher', 'vote', 'based', 'wonderful', 'music', 'cinematography', 'honestly', 'bear', 'see', 'film', 'long', 'george', 'c', 'scotts', 'performance']"
funny movie oscarworthy definitely best dollar I ever spent blockbuster report henry jones shining star well might new judge law mood british flick rent,positive,"['funny', 'movie', 'oscarworthy', 'definitely', 'best', 'dollar', 'I', 'ever', 'spent', 'blockbuster', 'report', 'henry', 'jones', 'shining', 'star', 'well', 'might', 'new', 'judge', 'law', 'mood', 'british', 'flick', 'rent']"
greetings darkness one compared princess bride although measure classic extremely entertaining well made right story line bit odd whole wall thing never really explained execution fine even building strong suspensecharlie cox plays cristal falls wrong girl vienna miller agrees fetch fallen star happens played stunning clair dates much suspense happens two suspenseful part comes wicked witch played mitchell pfeiler prince son king peter otools looking reclaim ruby necklace star wearing lots bad chasing goodalong way encounter strangest pirate see including caribbean robert denisov plays captain shakespeare tough inside shall say touch feminine side another encounter involves brilliant rocky gervais fast talking trader good couple laughsnot typical chase coming age fantasy film director matthew caughts layer cake effort deserves audience sadly poor marketing campaign probably prevent making money guess find big success video,positive,"['greetings', 'darkness', 'one', 'compared', 'princess', 'bride', 'although', 'measure', 'classic', 'extremely', 'entertaining', 'well', 'made', 'right', 'story', 'line', 'bit', 'odd', 'whole', 'wall', 'thing', 'never', 'really', 'explained', 'execution', 'fine', 'even', 'building', 'strong', 'suspensecharlie', 'cox', 'plays', 'cristal', 'falls', 'wrong', 'girl', 'vienna', 'miller', 'agrees', 'fetch', 'fallen', 'star', 'happens', 'played', 'stunning', 'clair', 'dates', 'much', 'suspense', 'happens', 'two', 'suspenseful', 'part', 'comes', 'wicked', 'witch', 'played', 'mitchell', 'pfeiler', 'prince', 'son', 'king', 'peter', 'otools', 'looking', 'reclaim', 'ruby', 'necklace', 'star', 'wearing', 'lots', 'bad', 'chasing', 'goodalong', 'way', 'encounter', 'strangest', 'pirate', 'see', 'including', 'caribbean', 'robert', 'denisov', 'plays', 'captain', 'shakespeare', 'tough', 'inside', 'shall', 'say', 'touch', 'feminine', 'side', 'another', 'encounter', 'involves', 'brilliant', 'rocky', 'gervais', 'fast', 'talking', 'trader', 'good', 'couple', 'laughsnot', 'typical', 'chase', 'coming', 'age', 'fantasy', 'film', 'director', 'matthew', 'caughts', 'layer', 'cake', 'effort', 'deserves', 'audience', 'sadly', 'poor', 'marketing', 'campaign', 'probably', 'prevent', 'making', 'money', 'guess', 'find', 'big', 'success', 'video']"
loved movie loved timothy alton anne whale movie many different locations really liked ann hampton realized could make rest love scarlet ann together ann apologize taking rest scarlet told worry would get back great story told compare get many great scenes love scarlet get course forget ankle handy,positive,"['loved', 'movie', 'loved', 'timothy', 'alton', 'anne', 'whale', 'movie', 'many', 'different', 'locations', 'really', 'liked', 'ann', 'hampton', 'realized', 'could', 'make', 'rest', 'love', 'scarlet', 'ann', 'together', 'ann', 'apologize', 'taking', 'rest', 'scarlet', 'told', 'worry', 'would', 'get', 'back', 'great', 'story', 'told', 'compare', 'get', 'many', 'great', 'scenes', 'love', 'scarlet', 'get', 'course', 'forget', 'ankle', 'handy']"
good movie something fun watching money blown super rate especially kids point view take fun little movie kids dream coming true kid might 1 million dollars like watch make moves watches people nothing better complain lives,positive,"['good', 'movie', 'something', 'fun', 'watching', 'money', 'blown', 'super', 'rate', 'especially', 'kids', 'point', 'view', 'take', 'fun', 'little', 'movie', 'kids', 'dream', 'coming', 'true', 'kid', 'might', '1', 'million', 'dollars', 'like', 'watch', 'make', 'moves', 'watches', 'people', 'nothing', 'better', 'complain', 'lives']"
right start see anchors weigh great comedy gene belly frank intra make funny team songs sing together pure entertainment kathryn grandson gorgeous really sweet dean stockwell duties child actor I never seen fond piano amazed jose turbid movie first one combine animation real actors wonderfully unforgettable dance number undoubtedly one bellys funniest moves,positive,"['right', 'start', 'see', 'anchors', 'weigh', 'great', 'comedy', 'gene', 'belly', 'frank', 'intra', 'make', 'funny', 'team', 'songs', 'sing', 'together', 'pure', 'entertainment', 'kathryn', 'grandson', 'gorgeous', 'really', 'sweet', 'dean', 'stockwell', 'duties', 'child', 'actor', 'I', 'never', 'seen', 'fond', 'piano', 'amazed', 'jose', 'turbid', 'movie', 'first', 'one', 'combine', 'animation', 'real', 'actors', 'wonderfully', 'unforgettable', 'dance', 'number', 'undoubtedly', 'one', 'bellys', 'funniest', 'moves']"
well start think insulting original anne asleep quimnn love film anne expecting brilliant film disappointed acting awful original anne came years born I 25 anne still one favourite films really excited see anne 2 acting awful film characters original badly written directed acted film wish see anne lover recommend watch film leave disappointed young girls singing bad still compare original,negative,"['well', 'start', 'think', 'insulting', 'original', 'anne', 'asleep', 'quimnn', 'love', 'film', 'anne', 'expecting', 'brilliant', 'film', 'disappointed', 'acting', 'awful', 'original', 'anne', 'came', 'years', 'born', 'I', '25', 'anne', 'still', 'one', 'favourite', 'films', 'really', 'excited', 'see', 'anne', '2', 'acting', 'awful', 'film', 'characters', 'original', 'badly', 'written', 'directed', 'acted', 'film', 'wish', 'see', 'anne', 'lover', 'recommend', 'watch', 'film', 'leave', 'disappointed', 'young', 'girls', 'singing', 'bad', 'still', 'compare', 'original']"
absolutely true faithful adaptation hollow could argued actual mystery one christines best makes hollow special characterisation found actors less without exception perfect parts uniformly good cast difficult select stand performances say sarah miles perfect lucy angkatell extraordinary conveys lucys pettiness tactlessness movable qualities also manages pull underlying truth fact lucy really nice began dodd also good henrietta clair price affecting german john christ really quite unlikeable character jonathan cake nevertheless manages make us see women see himas said script follows story quite faithfully disconcerting thing found ridge edwards relationship really comes nowhere believe must ended cutting room floor secondary story however primary story well done whole thing looks beautiful well really capturing perfect english autumnits beautiful film every respect well worth seeing,positive,"['absolutely', 'true', 'faithful', 'adaptation', 'hollow', 'could', 'argued', 'actual', 'mystery', 'one', 'christines', 'best', 'makes', 'hollow', 'special', 'characterisation', 'found', 'actors', 'less', 'without', 'exception', 'perfect', 'parts', 'uniformly', 'good', 'cast', 'difficult', 'select', 'stand', 'performances', 'say', 'sarah', 'miles', 'perfect', 'lucy', 'angkatell', 'extraordinary', 'conveys', 'lucys', 'pettiness', 'tactlessness', 'movable', 'qualities', 'also', 'manages', 'pull', 'underlying', 'truth', 'fact', 'lucy', 'really', 'nice', 'began', 'dodd', 'also', 'good', 'henrietta', 'clair', 'price', 'affecting', 'german', 'john', 'christ', 'really', 'quite', 'unlikeable', 'character', 'jonathan', 'cake', 'nevertheless', 'manages', 'make', 'us', 'see', 'women', 'see', 'himas', 'said', 'script', 'follows', 'story', 'quite', 'faithfully', 'disconcerting', 'thing', 'found', 'ridge', 'edwards', 'relationship', 'really', 'comes', 'nowhere', 'believe', 'must', 'ended', 'cutting', 'room', 'floor', 'secondary', 'story', 'however', 'primary', 'story', 'well', 'done', 'whole', 'thing', 'looks', 'beautiful', 'well', 'really', 'capturing', 'perfect', 'english', 'autumnits', 'beautiful', 'film', 'every', 'respect', 'well', 'worth', 'seeing']"
tried watch movie three separate times night rented got 20 minutes hoping would better nights rest watched 15 next day almost vomited stupid even funny stupid sometimes fun movie watch movie cap capital know mean censured world live finally third day watched hour dumb thing enjoy one single moment even one script get greenlighted oh boygo10 one cheerleaders deserve least something hardware,negative,"['tried', 'watch', 'movie', 'three', 'separate', 'times', 'night', 'rented', 'got', '20', 'minutes', 'hoping', 'would', 'better', 'nights', 'rest', 'watched', '15', 'next', 'day', 'almost', 'vomited', 'stupid', 'even', 'funny', 'stupid', 'sometimes', 'fun', 'movie', 'watch', 'movie', 'cap', 'capital', 'know', 'mean', 'censured', 'world', 'live', 'finally', 'third', 'day', 'watched', 'hour', 'dumb', 'thing', 'enjoy', 'one', 'single', 'moment', 'even', 'one', 'script', 'get', 'greenlighted', 'oh', 'boygo10', 'one', 'cheerleaders', 'deserve', 'least', 'something', 'hardware']"
independent film scores well reasonably high production values great cast acting uneven plot compelling could used bit development raiseds character hey guys fun look nonetheless mary may place jacqueline kissed like iting cakeit surprising controversial release presents less flattering portray moran church relationship days like brokeback mountain tolerable accepting ones life found successful conveying positive message moving,positive,"['independent', 'film', 'scores', 'well', 'reasonably', 'high', 'production', 'values', 'great', 'cast', 'acting', 'uneven', 'plot', 'compelling', 'could', 'used', 'bit', 'development', 'raiseds', 'character', 'hey', 'guys', 'fun', 'look', 'nonetheless', 'mary', 'may', 'place', 'jacqueline', 'kissed', 'like', 'iting', 'cakeit', 'surprising', 'controversial', 'release', 'presents', 'less', 'flattering', 'portray', 'moran', 'church', 'relationship', 'days', 'like', 'brokeback', 'mountain', 'tolerable', 'accepting', 'ones', 'life', 'found', 'successful', 'conveying', 'positive', 'message', 'moving']"
ok needless say film going appeal certain audience namely stoner likeminded peoplethat said one aformentioned people film must fact think mandatory head shops sell copy anyone purchasing first long money patrons holy grain weeks needs movie potheads first saw film 10 years ago still crack every time watch jokes perfectly sampson pothead lifestyle far better latter day knockoffs like halfbaked attempt tothere plot speak film collection various skits films protagonists wander around los angeles legendary haze despite film excellent sense pace drag many people cite smoke ccs best work would say next movie superiorso mood hour half belly laughs light tune let mind float away oh free tommy cong,positive,"['ok', 'needless', 'say', 'film', 'going', 'appeal', 'certain', 'audience', 'namely', 'stoner', 'likeminded', 'peoplethat', 'said', 'one', 'aformentioned', 'people', 'film', 'must', 'fact', 'think', 'mandatory', 'head', 'shops', 'sell', 'copy', 'anyone', 'purchasing', 'first', 'long', 'money', 'patrons', 'holy', 'grain', 'weeks', 'needs', 'movie', 'potheads', 'first', 'saw', 'film', '10', 'years', 'ago', 'still', 'crack', 'every', 'time', 'watch', 'jokes', 'perfectly', 'sampson', 'pothead', 'lifestyle', 'far', 'better', 'latter', 'day', 'knockoffs', 'like', 'halfbaked', 'attempt', 'tothere', 'plot', 'speak', 'film', 'collection', 'various', 'skits', 'films', 'protagonists', 'wander', 'around', 'los', 'angeles', 'legendary', 'haze', 'despite', 'film', 'excellent', 'sense', 'pace', 'drag', 'many', 'people', 'cite', 'smoke', 'ccs', 'best', 'work', 'would', 'say', 'next', 'movie', 'superiorso', 'mood', 'hour', 'half', 'belly', 'laughs', 'light', 'tune', 'let', 'mind', 'float', 'away', 'oh', 'free', 'tommy', 'cong']"
watching movie repeatedly since came even though 8 years old still cracks jokes still hilarious way characters portray make anybody age laugh like never laughed enjoy,positive,"['watching', 'movie', 'repeatedly', 'since', 'came', 'even', 'though', '8', 'years', 'old', 'still', 'cracks', 'jokes', 'still', 'hilarious', 'way', 'characters', 'portray', 'make', 'anybody', 'age', 'laugh', 'like', 'never', 'laughed', 'enjoy']"
forced sit real singers racing stripes sharp boy lava girl truly enjoyed watching fried worms guess ending funny entertaining resort ton grossout humor despite title boys 6 10 loved oh 45 year old boy smile face whole time family movie tolerable parents relationship little brother close real life stopping singing annoy also way new kid tries make friends friendships actually form righton way kiss behave course parents act little good favorite scenes involved dad getting used new job fun,positive,"['forced', 'sit', 'real', 'singers', 'racing', 'stripes', 'sharp', 'boy', 'lava', 'girl', 'truly', 'enjoyed', 'watching', 'fried', 'worms', 'guess', 'ending', 'funny', 'entertaining', 'resort', 'ton', 'grossout', 'humor', 'despite', 'title', 'boys', '6', '10', 'loved', 'oh', '45', 'year', 'old', 'boy', 'smile', 'face', 'whole', 'time', 'family', 'movie', 'tolerable', 'parents', 'relationship', 'little', 'brother', 'close', 'real', 'life', 'stopping', 'singing', 'annoy', 'also', 'way', 'new', 'kid', 'tries', 'make', 'friends', 'friendships', 'actually', 'form', 'righton', 'way', 'kiss', 'behave', 'course', 'parents', 'act', 'little', 'good', 'favorite', 'scenes', 'involved', 'dad', 'getting', 'used', 'new', 'job', 'fun']"
movie watchable nicolson screen however fight passing boredom film depended beryl street carry scenes without jack bland could relationship characters nothing special characters portray much better felt like basedonreallife scenario absolute worst sense 90 daily life boring worth writing watching apron felt life relationship carl bernstein interesting enough write escapes perhaps wrote therapy many writers putting episode life paper cathartic fine anyone hollywood felt story worth filling remains mystery,negative,"['movie', 'watchable', 'nicolson', 'screen', 'however', 'fight', 'passing', 'boredom', 'film', 'depended', 'beryl', 'street', 'carry', 'scenes', 'without', 'jack', 'bland', 'could', 'relationship', 'characters', 'nothing', 'special', 'characters', 'portray', 'much', 'better', 'felt', 'like', 'basedonreallife', 'scenario', 'absolute', 'worst', 'sense', '90', 'daily', 'life', 'boring', 'worth', 'writing', 'watching', 'apron', 'felt', 'life', 'relationship', 'carl', 'bernstein', 'interesting', 'enough', 'write', 'escapes', 'perhaps', 'wrote', 'therapy', 'many', 'writers', 'putting', 'episode', 'life', 'paper', 'cathartic', 'fine', 'anyone', 'hollywood', 'felt', 'story', 'worth', 'filling', 'remains', 'mystery']"
dating bliss theme merely latest lengthening queue badtoaverage local remedies appeal conservative cinemagoing set record list films appear attempting castleissue miracle includes strange bedfellows thunderstruck bad eggs honourable wall norman horseplay wannabes suggest one worked crackerjackhere performances never mesh john howard even look like right film  though perhaps intention franklin plays sleepy conservative suburb interesting inhabitants 20yearold virgin live parents becoming rarer onscreen hardly reason watch film fact reasons may well 1 howards bizarre  quite fun  performance 2 suburban nightmare theme run somersault strange bedfellows tom white alexandrias project dandy deckchair rage placid lake traveling light teeth trade swimming upstream montana many goodexcellent enter risk may one people bitter word penis 410,negative,"['dating', 'bliss', 'theme', 'merely', 'latest', 'lengthening', 'queue', 'badtoaverage', 'local', 'remedies', 'appeal', 'conservative', 'cinemagoing', 'set', 'record', 'list', 'films', 'appear', 'attempting', 'castleissue', 'miracle', 'includes', 'strange', 'bedfellows', 'thunderstruck', 'bad', 'eggs', 'honourable', 'wall', 'norman', 'horseplay', 'wannabes', 'suggest', 'one', 'worked', 'crackerjackhere', 'performances', 'never', 'mesh', 'john', 'howard', 'even', 'look', 'like', 'right', 'film', '\x96', 'though', 'perhaps', 'intention', 'franklin', 'plays', 'sleepy', 'conservative', 'suburb', 'interesting', 'inhabitants', '20yearold', 'virgin', 'live', 'parents', 'becoming', 'rarer', 'onscreen', 'hardly', 'reason', 'watch', 'film', 'fact', 'reasons', 'may', 'well', '1', 'howards', 'bizarre', '\x96', 'quite', 'fun', '\x96', 'performance', '2', 'suburban', 'nightmare', 'theme', 'run', 'somersault', 'strange', 'bedfellows', 'tom', 'white', 'alexandrias', 'project', 'dandy', 'deckchair', 'rage', 'placid', 'lake', 'traveling', 'light', 'teeth', 'trade', 'swimming', 'upstream', 'montana', 'many', 'goodexcellent', 'enter', 'risk', 'may', 'one', 'people', 'bitter', 'word', 'penis', '410']"
movie worked see movie exact opposite gone wind farm owners instead plantation owners scarlet fights connived wants add gets depressed turns inside ruby renew zellweger shows save day sort round way deserters instead officers trying get back families lists goes even love story opposite producer writers trying get across succeeded two things like movie rest thought well done liked enough recommend friends first could see attraction inman judge law add nice madman strong enough inman desert get back inman said written times add wrote almost constantly second something someone getting killed dying almost every scene little much must say full action second scene knew something someone going die next scene like surprised next scene know going happen doesi thought acting well done zellweger best deserved credit got thought played part hillbilly girl well must done homework part zellweger even said movie smarter people thought think true law well part go get back madman must lot stronger love go thought showed lot emotion face trials madmans part may something fact chose performance two except depressed show much emotion know part written perceived part still good job thought two better liked scene zellweger madman monster even though one scenes mentioned thought home guard exactly probably back even though hear much part time thought scenery beautiful movie everything needed good historical romance,positive,"['movie', 'worked', 'see', 'movie', 'exact', 'opposite', 'gone', 'wind', 'farm', 'owners', 'instead', 'plantation', 'owners', 'scarlet', 'fights', 'connived', 'wants', 'add', 'gets', 'depressed', 'turns', 'inside', 'ruby', 'renew', 'zellweger', 'shows', 'save', 'day', 'sort', 'round', 'way', 'deserters', 'instead', 'officers', 'trying', 'get', 'back', 'families', 'lists', 'goes', 'even', 'love', 'story', 'opposite', 'producer', 'writers', 'trying', 'get', 'across', 'succeeded', 'two', 'things', 'like', 'movie', 'rest', 'thought', 'well', 'done', 'liked', 'enough', 'recommend', 'friends', 'first', 'could', 'see', 'attraction', 'inman', 'judge', 'law', 'add', 'nice', 'madman', 'strong', 'enough', 'inman', 'desert', 'get', 'back', 'inman', 'said', 'written', 'times', 'add', 'wrote', 'almost', 'constantly', 'second', 'something', 'someone', 'getting', 'killed', 'dying', 'almost', 'every', 'scene', 'little', 'much', 'must', 'say', 'full', 'action', 'second', 'scene', 'knew', 'something', 'someone', 'going', 'die', 'next', 'scene', 'like', 'surprised', 'next', 'scene', 'know', 'going', 'happen', 'doesi', 'thought', 'acting', 'well', 'done', 'zellweger', 'best', 'deserved', 'credit', 'got', 'thought', 'played', 'part', 'hillbilly', 'girl', 'well', 'must', 'done', 'homework', 'part', 'zellweger', 'even', 'said', 'movie', 'smarter', 'people', 'thought', 'think', 'true', 'law', 'well', 'part', 'go', 'get', 'back', 'madman', 'must', 'lot', 'stronger', 'love', 'go', 'thought', 'showed', 'lot', 'emotion', 'face', 'trials', 'madmans', 'part', 'may', 'something', 'fact', 'chose', 'performance', 'two', 'except', 'depressed', 'show', 'much', 'emotion', 'know', 'part', 'written', 'perceived', 'part', 'still', 'good', 'job', 'thought', 'two', 'better', 'liked', 'scene', 'zellweger', 'madman', 'monster', 'even', 'though', 'one', 'scenes', 'mentioned', 'thought', 'home', 'guard', 'exactly', 'probably', 'back', 'even', 'though', 'hear', 'much', 'part', 'time', 'thought', 'scenery', 'beautiful', 'movie', 'everything', 'needed', 'good', 'historical', 'romance']"
opinion best standup show ever seen became instant eddies fan seeing dress kill must say think best work would say though ever get chance definitely go see live worth itmost time seeing standup routine couple times jokes start get old say I seen show many times literally entire thing memories yes realize kind sad every joke still makes laugh truly feel good showdress kill never get old watch daytime need good laugh,positive,"['opinion', 'best', 'standup', 'show', 'ever', 'seen', 'became', 'instant', 'eddies', 'fan', 'seeing', 'dress', 'kill', 'must', 'say', 'think', 'best', 'work', 'would', 'say', 'though', 'ever', 'get', 'chance', 'definitely', 'go', 'see', 'live', 'worth', 'itmost', 'time', 'seeing', 'standup', 'routine', 'couple', 'times', 'jokes', 'start', 'get', 'old', 'say', 'I', 'seen', 'show', 'many', 'times', 'literally', 'entire', 'thing', 'memories', 'yes', 'realize', 'kind', 'sad', 'every', 'joke', 'still', 'makes', 'laugh', 'truly', 'feel', 'good', 'showdress', 'kill', 'never', 'get', 'old', 'watch', 'daytime', 'need', 'good', 'laugh']"
mood hour long movie film could give variation love going surprise want one short film new york love continue yeah short films makes curious short longer definite ends notmost story presents sad side capital city shows many different nationality background many make feels way went capital city countries year many people came different countries movie explore many type things might known characters new things maybe traveled abroad alone stay year two feel something new meet new people feel dreamy sad kind sad looking bored home might want relieving watching,positive,"['mood', 'hour', 'long', 'movie', 'film', 'could', 'give', 'variation', 'love', 'going', 'surprise', 'want', 'one', 'short', 'film', 'new', 'york', 'love', 'continue', 'yeah', 'short', 'films', 'makes', 'curious', 'short', 'longer', 'definite', 'ends', 'notmost', 'story', 'presents', 'sad', 'side', 'capital', 'city', 'shows', 'many', 'different', 'nationality', 'background', 'many', 'make', 'feels', 'way', 'went', 'capital', 'city', 'countries', 'year', 'many', 'people', 'came', 'different', 'countries', 'movie', 'explore', 'many', 'type', 'things', 'might', 'known', 'characters', 'new', 'things', 'maybe', 'traveled', 'abroad', 'alone', 'stay', 'year', 'two', 'feel', 'something', 'new', 'meet', 'new', 'people', 'feel', 'dreamy', 'sad', 'kind', 'sad', 'looking', 'bored', 'home', 'might', 'want', 'relieving', 'watching']"
believe many comparing movie agentss work far imaginative viciousand lot funthe director simply lacks ability build real tension murder scenesand let us face gene aboutare interesting hard guess murderer really care revealed cinematography memorable muchpraised century gothic atmosphere draw several actors quite good especially headmistress sadistic girl lords younger students given little doyes undertones invest sadomasochism lesbianism amazingly add little spice suspense looking good horror movie look elsewhere,negative,"['believe', 'many', 'comparing', 'movie', 'agentss', 'work', 'far', 'imaginative', 'viciousand', 'lot', 'funthe', 'director', 'simply', 'lacks', 'ability', 'build', 'real', 'tension', 'murder', 'scenesand', 'let', 'us', 'face', 'gene', 'aboutare', 'interesting', 'hard', 'guess', 'murderer', 'really', 'care', 'revealed', 'cinematography', 'memorable', 'muchpraised', 'century', 'gothic', 'atmosphere', 'draw', 'several', 'actors', 'quite', 'good', 'especially', 'headmistress', 'sadistic', 'girl', 'lords', 'younger', 'students', 'given', 'little', 'doyes', 'undertones', 'invest', 'sadomasochism', 'lesbianism', 'amazingly', 'add', 'little', 'spice', 'suspense', 'looking', 'good', 'horror', 'movie', 'look', 'elsewhere']"
rented backwater valley exorcise cover pictures looked terrifying normally watch moves automatically released onto looked interesting scar much mood good scar film possession one caries subjects watch learn look exorcise exorcise emily rose terrific moves made breakthrough horror wise story wellbackwater valley exorcise girl isabel get go automatically possessed even tell kind person begin former wife better turned priest case gardener know know go several stories priest isabels sister priest hit sister missed around isabel I sure get story isabels dad questioning wifes faithfulness himi mean story goes many directions well developed mention exorcise seem authentic scare parts type film like could take seriously whoever directed wrote clearly idea go direct story well would really recommend this210,negative,"['rented', 'backwater', 'valley', 'exorcise', 'cover', 'pictures', 'looked', 'terrifying', 'normally', 'watch', 'moves', 'automatically', 'released', 'onto', 'looked', 'interesting', 'scar', 'much', 'mood', 'good', 'scar', 'film', 'possession', 'one', 'caries', 'subjects', 'watch', 'learn', 'look', 'exorcise', 'exorcise', 'emily', 'rose', 'terrific', 'moves', 'made', 'breakthrough', 'horror', 'wise', 'story', 'wellbackwater', 'valley', 'exorcise', 'girl', 'isabel', 'get', 'go', 'automatically', 'possessed', 'even', 'tell', 'kind', 'person', 'begin', 'former', 'wife', 'better', 'turned', 'priest', 'case', 'gardener', 'know', 'know', 'go', 'several', 'stories', 'priest', 'isabels', 'sister', 'priest', 'hit', 'sister', 'missed', 'around', 'isabel', 'I', 'sure', 'get', 'story', 'isabels', 'dad', 'questioning', 'wifes', 'faithfulness', 'himi', 'mean', 'story', 'goes', 'many', 'directions', 'well', 'developed', 'mention', 'exorcise', 'seem', 'authentic', 'scare', 'parts', 'type', 'film', 'like', 'could', 'take', 'seriously', 'whoever', 'directed', 'wrote', 'clearly', 'idea', 'go', 'direct', 'story', 'well', 'would', 'really', 'recommend', 'this210']"
first must say love filmit first film saw director michael handle impressed good direction good handle surely knows direct actors found interesting also handles scenario first saw woman straight seems good piano teacher well loved respected everybody encourage realise mother control freak much present life know deranged emotional problems know exactly fall dark side dark side reveal student suddenly fall love controlled anymorethe roles completed difficult play isabel suppert marvellous role deserves recognition lannes festival bent imagine solid little bit ellipse supperts performancethere one thing found strange scenario character played magical incredible talented rare person piano virtuous pass time play hockey study think weak point minor flawi saw movie complete critic analyzed movie like saw give film 85oh yeah end handle showed really wanted shock audience motivation think necessary make moves handle style precision film better basemon examplesince,positive,"['first', 'must', 'say', 'love', 'filmit', 'first', 'film', 'saw', 'director', 'michael', 'handle', 'impressed', 'good', 'direction', 'good', 'handle', 'surely', 'knows', 'direct', 'actors', 'found', 'interesting', 'also', 'handles', 'scenario', 'first', 'saw', 'woman', 'straight', 'seems', 'good', 'piano', 'teacher', 'well', 'loved', 'respected', 'everybody', 'encourage', 'realise', 'mother', 'control', 'freak', 'much', 'present', 'life', 'know', 'deranged', 'emotional', 'problems', 'know', 'exactly', 'fall', 'dark', 'side', 'dark', 'side', 'reveal', 'student', 'suddenly', 'fall', 'love', 'controlled', 'anymorethe', 'roles', 'completed', 'difficult', 'play', 'isabel', 'suppert', 'marvellous', 'role', 'deserves', 'recognition', 'lannes', 'festival', 'bent', 'imagine', 'solid', 'little', 'bit', 'ellipse', 'supperts', 'performancethere', 'one', 'thing', 'found', 'strange', 'scenario', 'character', 'played', 'magical', 'incredible', 'talented', 'rare', 'person', 'piano', 'virtuous', 'pass', 'time', 'play', 'hockey', 'study', 'think', 'weak', 'point', 'minor', 'flawi', 'saw', 'movie', 'complete', 'critic', 'analyzed', 'movie', 'like', 'saw', 'give', 'film', '85oh', 'yeah', 'end', 'handle', 'showed', 'really', 'wanted', 'shock', 'audience', 'motivation', 'think', 'necessary', 'make', 'moves', 'handle', 'style', 'precision', 'film', 'better', 'basemon', 'examplesince']"
enjoyed prequels found relationship tucked previously hilarious however rehas first two without charm humor think may laughed nos tucked exceedingly annoying film character seem purpose bundle everything irritating way possible always liable seemed tired film able predict everything villain girl spoiled alert goodguyturnedbadguy etc hope see moves tucked separate endeavors rush hour sequel tired recommend rental purchase,negative,"['enjoyed', 'prequels', 'found', 'relationship', 'tucked', 'previously', 'hilarious', 'however', 'rehas', 'first', 'two', 'without', 'charm', 'humor', 'think', 'may', 'laughed', 'nos', 'tucked', 'exceedingly', 'annoying', 'film', 'character', 'seem', 'purpose', 'bundle', 'everything', 'irritating', 'way', 'possible', 'always', 'liable', 'seemed', 'tired', 'film', 'able', 'predict', 'everything', 'villain', 'girl', 'spoiled', 'alert', 'goodguyturnedbadguy', 'etc', 'hope', 'see', 'moves', 'tucked', 'separate', 'endeavors', 'rush', 'hour', 'sequel', 'tired', 'recommend', 'rental', 'purchase']"
read comments everybody saw flaws movie agree director rurik actors oscar dinners something everyone could relate want spoil telling plot finishing school trip big party like see beyond metaphor choosing way trough life remember days youth days friend acted like characters think acted like one regret go back time ask questions maybe movie bad,positive,"['read', 'comments', 'everybody', 'saw', 'flaws', 'movie', 'agree', 'director', 'rurik', 'actors', 'oscar', 'dinners', 'something', 'everyone', 'could', 'relate', 'want', 'spoil', 'telling', 'plot', 'finishing', 'school', 'trip', 'big', 'party', 'like', 'see', 'beyond', 'metaphor', 'choosing', 'way', 'trough', 'life', 'remember', 'days', 'youth', 'days', 'friend', 'acted', 'like', 'characters', 'think', 'acted', 'like', 'one', 'regret', 'go', 'back', 'time', 'ask', 'questions', 'maybe', 'movie', 'bad']"
say film simply demonisation catholics misrepresentation history untrue film iswhat film comment abuses church although could substituted powerful body ways abuse affects people families way many people choose simply allow often participate abuse without thinking fact catholic church wrong simply nature true story film based upon label propaganda catholics seems miss truth catholic church done times history often great something films like highlight needs highlight yes comment abuses committed organizations relit filmit amazing film brought tears well worth watching study past bound repeat,positive,"['say', 'film', 'simply', 'demonisation', 'catholics', 'misrepresentation', 'history', 'untrue', 'film', 'iswhat', 'film', 'comment', 'abuses', 'church', 'although', 'could', 'substituted', 'powerful', 'body', 'ways', 'abuse', 'affects', 'people', 'families', 'way', 'many', 'people', 'choose', 'simply', 'allow', 'often', 'participate', 'abuse', 'without', 'thinking', 'fact', 'catholic', 'church', 'wrong', 'simply', 'nature', 'true', 'story', 'film', 'based', 'upon', 'label', 'propaganda', 'catholics', 'seems', 'miss', 'truth', 'catholic', 'church', 'done', 'times', 'history', 'often', 'great', 'something', 'films', 'like', 'highlight', 'needs', 'highlight', 'yes', 'comment', 'abuses', 'committed', 'organizations', 'relit', 'filmit', 'amazing', 'film', 'brought', 'tears', 'well', 'worth', 'watching', 'study', 'past', 'bound', 'repeat']"
movie family jimmy morris lived dream family begin tell would able tell little girl daddy going kansas city cover priest holmes kansas city chiefs shed think coolest thing like morris son living dreams family one think father close relationship family truly appreciate jimmy morris,positive,"['movie', 'family', 'jimmy', 'morris', 'lived', 'dream', 'family', 'begin', 'tell', 'would', 'able', 'tell', 'little', 'girl', 'daddy', 'going', 'kansas', 'city', 'cover', 'priest', 'holmes', 'kansas', 'city', 'chiefs', 'shed', 'think', 'coolest', 'thing', 'like', 'morris', 'son', 'living', 'dreams', 'family', 'one', 'think', 'father', 'close', 'relationship', 'family', 'truly', 'appreciate', 'jimmy', 'morris']"
troubled mens magazine photographer adrian wide well played considerable intensity michael called horrified nightmare brutally murders models lovely ladies start turning dead real adrian worries might killer writerdirector william byron tillman relates engrossing story steady pace build reasonable amount tension delivers gruesome effective moments savage misogynistic violence one woman plastic garage bag rattlesnake placed head rates definite squireinducing highlight puts refreshing emphasis nicely drawn engaging truetolife characters grounds everything plausible everyday world tops things nice scattering taste female unity fine acting excellent cast helps matters whole lot anna petted sunny charming love interest mind jordache james stay adrians much double amputate brother bj seymour cassel adrians concerned psychiatric dr frank curtis porter adrians fifty gay assistant louis namely handley duty homicidal detective sergeant fountain clean little hardnosed police chief misty rowe sweet bubble model baby r michael strongers polished cinematography makes impressive occasional use breathtaking panorama aerial shots jack gos ominous rattling score likewise trick popping cool bit parts robert easier gruff bartender sally ireland saucy hooker path shower fierce female wrestle bj grappled ring frances bay one standard old woman roles solid enjoyable picture,positive,"['troubled', 'mens', 'magazine', 'photographer', 'adrian', 'wide', 'well', 'played', 'considerable', 'intensity', 'michael', 'called', 'horrified', 'nightmare', 'brutally', 'murders', 'models', 'lovely', 'ladies', 'start', 'turning', 'dead', 'real', 'adrian', 'worries', 'might', 'killer', 'writerdirector', 'william', 'byron', 'tillman', 'relates', 'engrossing', 'story', 'steady', 'pace', 'build', 'reasonable', 'amount', 'tension', 'delivers', 'gruesome', 'effective', 'moments', 'savage', 'misogynistic', 'violence', 'one', 'woman', 'plastic', 'garage', 'bag', 'rattlesnake', 'placed', 'head', 'rates', 'definite', 'squireinducing', 'highlight', 'puts', 'refreshing', 'emphasis', 'nicely', 'drawn', 'engaging', 'truetolife', 'characters', 'grounds', 'everything', 'plausible', 'everyday', 'world', 'tops', 'things', 'nice', 'scattering', 'taste', 'female', 'unity', 'fine', 'acting', 'excellent', 'cast', 'helps', 'matters', 'whole', 'lot', 'anna', 'petted', 'sunny', 'charming', 'love', 'interest', 'mind', 'jordache', 'james', 'stay', 'adrians', 'much', 'double', 'amputate', 'brother', 'bj', 'seymour', 'cassel', 'adrians', 'concerned', 'psychiatric', 'dr', 'frank', 'curtis', 'porter', 'adrians', 'fifty', 'gay', 'assistant', 'louis', 'namely', 'handley', 'duty', 'homicidal', 'detective', 'sergeant', 'fountain', 'clean', 'little', 'hardnosed', 'police', 'chief', 'misty', 'rowe', 'sweet', 'bubble', 'model', 'baby', 'r', 'michael', 'strongers', 'polished', 'cinematography', 'makes', 'impressive', 'occasional', 'use', 'breathtaking', 'panorama', 'aerial', 'shots', 'jack', 'gos', 'ominous', 'rattling', 'score', 'likewise', 'trick', 'popping', 'cool', 'bit', 'parts', 'robert', 'easier', 'gruff', 'bartender', 'sally', 'ireland', 'saucy', 'hooker', 'path', 'shower', 'fierce', 'female', 'wrestle', 'bj', 'grappled', 'ring', 'frances', 'bay', 'one', 'standard', 'old', 'woman', 'roles', 'solid', 'enjoyable', 'picture']"
robert cummins marine day jean muir star one beautiful 1940 film also starring willie burke one hour 15 minutes looks b movie cummins playboy ripley crane many women desire including two sisters katherine helen later day muir katherine earthbound two likes fix cars helen blonde social butterfly beautiful gowns ripley arrives back town believing going party helen decides attend since party given family friend mother burke sends katherine pinned dress ripley two connect ripley superficially sees helen dinner party two pick left go club becomes terribly drunk helen first refuses ride car let drive walking awhile breaking heel shoe gets ripleys car drives passes takes wheel accidentally hitting killing bicyclingripley remember anything helen lets take blame death heel womans shoe found car katherine sees sister bury shoes plus something helens manner makes realize helen telling truth ripley convicted goes prison helen marries man love leaves south americathis wonderful film even though time alist cast cummins playing part robert taylor would played mmm film handsome amiable even dazzling looks someone like taylor marine day favorite actress mine someone mmm leaned constantly know wonder wonderful actress great face voice likened many film one different katherine determined sympathetic totally lovely jean muir louse actressso beautiful one know even mmm nothighly recommended little gem,positive,"['robert', 'cummins', 'marine', 'day', 'jean', 'muir', 'star', 'one', 'beautiful', '1940', 'film', 'also', 'starring', 'willie', 'burke', 'one', 'hour', '15', 'minutes', 'looks', 'b', 'movie', 'cummins', 'playboy', 'ripley', 'crane', 'many', 'women', 'desire', 'including', 'two', 'sisters', 'katherine', 'helen', 'later', 'day', 'muir', 'katherine', 'earthbound', 'two', 'likes', 'fix', 'cars', 'helen', 'blonde', 'social', 'butterfly', 'beautiful', 'gowns', 'ripley', 'arrives', 'back', 'town', 'believing', 'going', 'party', 'helen', 'decides', 'attend', 'since', 'party', 'given', 'family', 'friend', 'mother', 'burke', 'sends', 'katherine', 'pinned', 'dress', 'ripley', 'two', 'connect', 'ripley', 'superficially', 'sees', 'helen', 'dinner', 'party', 'two', 'pick', 'left', 'go', 'club', 'becomes', 'terribly', 'drunk', 'helen', 'first', 'refuses', 'ride', 'car', 'let', 'drive', 'walking', 'awhile', 'breaking', 'heel', 'shoe', 'gets', 'ripleys', 'car', 'drives', 'passes', 'takes', 'wheel', 'accidentally', 'hitting', 'killing', 'bicyclingripley', 'remember', 'anything', 'helen', 'lets', 'take', 'blame', 'death', 'heel', 'womans', 'shoe', 'found', 'car', 'katherine', 'sees', 'sister', 'bury', 'shoes', 'plus', 'something', 'helens', 'manner', 'makes', 'realize', 'helen', 'telling', 'truth', 'ripley', 'convicted', 'goes', 'prison', 'helen', 'marries', 'man', 'love', 'leaves', 'south', 'americathis', 'wonderful', 'film', 'even', 'though', 'time', 'alist', 'cast', 'cummins', 'playing', 'part', 'robert', 'taylor', 'would', 'played', 'mmm', 'film', 'handsome', 'amiable', 'even', 'dazzling', 'looks', 'someone', 'like', 'taylor', 'marine', 'day', 'favorite', 'actress', 'mine', 'someone', 'mmm', 'leaned', 'constantly', 'know', 'wonder', 'wonderful', 'actress', 'great', 'face', 'voice', 'likened', 'many', 'film', 'one', 'different', 'katherine', 'determined', 'sympathetic', 'totally', 'lovely', 'jean', 'muir', 'louse', 'actressso', 'beautiful', 'one', 'know', 'even', 'mmm', 'nothighly', 'recommended', 'little', 'gem']"
okay haveenvelope keith miss herringbonetweed bbe backbone england killed first scene right folks show backbonepeter otools colonel cricket first war emblazered lord manoranna lumen ensweatered lady manor 20 years younger colonel 20 years past prime still glamourous bit spelling mine enough toyboy side alright col crickets full knowledge consent guy even comes round christmas still considerate colonel enough said toyboy age galdavid mccallum said toyboy equally painlessly glamourous squeeze pitcher could come cover within story gave hushhush job circusand finallysusan hampshire miss colonial teacups venerable headmistress venerable girls boardingschool serving tea office dash deep poignant advice life outside world granulation best bit advice I nancherrow local stately home england thought beautiful somehow part real world well say warn usah susan time character would running whole show write em like loss yoursso cast setting like remakings bridgehead visited rightwrong took 1dimensions supporting roles paid well acting one oldest hempjobs name anotherfirst warning sign lots lots backlighting get around shooting outdoor hey sunlightsecond warning sign leading lady cries lot crying eyes moist law romance novels leading lady dewyeyedhenceforth leading lady shall known llthird warning sign actually stars eyes love still I give emily mortimer award act spotlight eyes wonder use contactand lastly fourth warning sign onscreen female character mrs either miss ladywhen said done still could tell pursuing could even tell said doneto sum live world war ii without anything happening allok end finds lost parents japanese prison camps baby comes home catatonic meanwhile always meanwhile young guy crush know comes home wartime tough spot found living street lady manor must street going find war casualties whiskey away recover nancherrow somebody whiskey away somewhere romance storiesgreat drama,negative,"['okay', 'haveenvelope', 'keith', 'miss', 'herringbonetweed', 'bbe', 'backbone', 'england', 'killed', 'first', 'scene', 'right', 'folks', 'show', 'backbonepeter', 'otools', 'colonel', 'cricket', 'first', 'war', 'emblazered', 'lord', 'manoranna', 'lumen', 'ensweatered', 'lady', 'manor', '20', 'years', 'younger', 'colonel', '20', 'years', 'past', 'prime', 'still', 'glamourous', 'bit', 'spelling', 'mine', 'enough', 'toyboy', 'side', 'alright', 'col', 'crickets', 'full', 'knowledge', 'consent', 'guy', 'even', 'comes', 'round', 'christmas', 'still', 'considerate', 'colonel', 'enough', 'said', 'toyboy', 'age', 'galdavid', 'mccallum', 'said', 'toyboy', 'equally', 'painlessly', 'glamourous', 'squeeze', 'pitcher', 'could', 'come', 'cover', 'within', 'story', 'gave', 'hushhush', 'job', 'circusand', 'finallysusan', 'hampshire', 'miss', 'colonial', 'teacups', 'venerable', 'headmistress', 'venerable', 'girls', 'boardingschool', 'serving', 'tea', 'office', 'dash', 'deep', 'poignant', 'advice', 'life', 'outside', 'world', 'granulation', 'best', 'bit', 'advice', 'I', 'nancherrow', 'local', 'stately', 'home', 'england', 'thought', 'beautiful', 'somehow', 'part', 'real', 'world', 'well', 'say', 'warn', 'usah', 'susan', 'time', 'character', 'would', 'running', 'whole', 'show', 'write', 'em', 'like', 'loss', 'yoursso', 'cast', 'setting', 'like', 'remakings', 'bridgehead', 'visited', 'rightwrong', 'took', '1dimensions', 'supporting', 'roles', 'paid', 'well', 'acting', 'one', 'oldest', 'hempjobs', 'name', 'anotherfirst', 'warning', 'sign', 'lots', 'lots', 'backlighting', 'get', 'around', 'shooting', 'outdoor', 'hey', 'sunlightsecond', 'warning', 'sign', 'leading', 'lady', 'cries', 'lot', 'crying', 'eyes', 'moist', 'law', 'romance', 'novels', 'leading', 'lady', 'dewyeyedhenceforth', 'leading', 'lady', 'shall', 'known', 'llthird', 'warning', 'sign', 'actually', 'stars', 'eyes', 'love', 'still', 'I', 'give', 'emily', 'mortimer', 'award', 'act', 'spotlight', 'eyes', 'wonder', 'use', 'contactand', 'lastly', 'fourth', 'warning', 'sign', 'onscreen', 'female', 'character', 'mrs', 'either', 'miss', 'ladywhen', 'said', 'done', 'still', 'could', 'tell', 'pursuing', 'could', 'even', 'tell', 'said', 'doneto', 'sum', 'live', 'world', 'war', 'ii', 'without', 'anything', 'happening', 'allok', 'end', 'finds', 'lost', 'parents', 'japanese', 'prison', 'camps', 'baby', 'comes', 'home', 'catatonic', 'meanwhile', 'always', 'meanwhile', 'young', 'guy', 'crush', 'know', 'comes', 'home', 'wartime', 'tough', 'spot', 'found', 'living', 'street', 'lady', 'manor', 'must', 'street', 'going', 'find', 'war', 'casualties', 'whiskey', 'away', 'recover', 'nancherrow', 'somebody', 'whiskey', 'away', 'somewhere', 'romance', 'storiesgreat', 'drama']"
forbidden planet one best examples hollywood films influence felt decade however certain elements relating widescreen entertainment aimed midcities audience gone dated quite bit films sometimes sluggish pacing help storys compelling central idea involving ancientextinct knell civilization monsters id lost appeal continue make film relevant must see movie I mostly interested saying current movie terrible movie never really looked good home video elements dire need restoration hope happen soon get special edition classic,positive,"['forbidden', 'planet', 'one', 'best', 'examples', 'hollywood', 'films', 'influence', 'felt', 'decade', 'however', 'certain', 'elements', 'relating', 'widescreen', 'entertainment', 'aimed', 'midcities', 'audience', 'gone', 'dated', 'quite', 'bit', 'films', 'sometimes', 'sluggish', 'pacing', 'help', 'storys', 'compelling', 'central', 'idea', 'involving', 'ancientextinct', 'knell', 'civilization', 'monsters', 'id', 'lost', 'appeal', 'continue', 'make', 'film', 'relevant', 'must', 'see', 'movie', 'I', 'mostly', 'interested', 'saying', 'current', 'movie', 'terrible', 'movie', 'never', 'really', 'looked', 'good', 'home', 'video', 'elements', 'dire', 'need', 'restoration', 'hope', 'happen', 'soon', 'get', 'special', 'edition', 'classic']"
I read comments agree ones get ending thought going rather welluntil end kept mind running split clue went last couple minutes movie except complete mess like ran money come good ending improvised first mysterious thing making people disappear guy talking area 51 makes think aliens went cap thought actors actresses fine script went sour anyway watch movie prepared disappointed end,negative,"['I', 'read', 'comments', 'agree', 'ones', 'get', 'ending', 'thought', 'going', 'rather', 'welluntil', 'end', 'kept', 'mind', 'running', 'split', 'clue', 'went', 'last', 'couple', 'minutes', 'movie', 'except', 'complete', 'mess', 'like', 'ran', 'money', 'come', 'good', 'ending', 'improvised', 'first', 'mysterious', 'thing', 'making', 'people', 'disappear', 'guy', 'talking', 'area', '51', 'makes', 'think', 'aliens', 'went', 'cap', 'thought', 'actors', 'actresses', 'fine', 'script', 'went', 'sour', 'anyway', 'watch', 'movie', 'prepared', 'disappointed', 'end']"
city streets amazingly modern technically speaking movie made 1931 also could mesmerized enthralled mary coopers powerful magnetic galvanizing audience attention plot quite elaborate clear scenario door exceptional every detail actors average keep guessing director staff including editing sound lighting photography could brilliant could find flaw understanding scenes roadbump ride large motion pictures screen background best could get 1931 found movie superb much alive thanks mary cooper charisma,positive,"['city', 'streets', 'amazingly', 'modern', 'technically', 'speaking', 'movie', 'made', '1931', 'also', 'could', 'mesmerized', 'enthralled', 'mary', 'coopers', 'powerful', 'magnetic', 'galvanizing', 'audience', 'attention', 'plot', 'quite', 'elaborate', 'clear', 'scenario', 'door', 'exceptional', 'every', 'detail', 'actors', 'average', 'keep', 'guessing', 'director', 'staff', 'including', 'editing', 'sound', 'lighting', 'photography', 'could', 'brilliant', 'could', 'find', 'flaw', 'understanding', 'scenes', 'roadbump', 'ride', 'large', 'motion', 'pictures', 'screen', 'background', 'best', 'could', 'get', '1931', 'found', 'movie', 'superb', 'much', 'alive', 'thanks', 'mary', 'cooper', 'charisma']"
important check expectations see hatchet buzz generate site far surpassed real impact movie may help someone see movie realize supposed scar pure camp attempt fun funny camp expect something like dead something like friday part ii infinityhatchet possess possible actors cinematography straight ed wood creature effects makeup silly probably purpose blood something robert dead alive hatchet movie betweenness dead leslie vernon camp comedy difference ultra violent violent comic bookinstead capturing essence american horror whatever silly margin used describe movie tries capture something seminal american horror like friday new horror like thankful stays away torture horrorin end hatchet bad movie decent moviei think happening people involved moves flocking sites like limb rate comment moves involved least campaigning going people associated associates leave positive feedback rating reason movie stared high 600 votes quickly fall wide release movie better horrorfest release bloated,negative,"['important', 'check', 'expectations', 'see', 'hatchet', 'buzz', 'generate', 'site', 'far', 'surpassed', 'real', 'impact', 'movie', 'may', 'help', 'someone', 'see', 'movie', 'realize', 'supposed', 'scar', 'pure', 'camp', 'attempt', 'fun', 'funny', 'camp', 'expect', 'something', 'like', 'dead', 'something', 'like', 'friday', 'part', 'ii', 'infinityhatchet', 'possess', 'possible', 'actors', 'cinematography', 'straight', 'ed', 'wood', 'creature', 'effects', 'makeup', 'silly', 'probably', 'purpose', 'blood', 'something', 'robert', 'dead', 'alive', 'hatchet', 'movie', 'betweenness', 'dead', 'leslie', 'vernon', 'camp', 'comedy', 'difference', 'ultra', 'violent', 'violent', 'comic', 'bookinstead', 'capturing', 'essence', 'american', 'horror', 'whatever', 'silly', 'margin', 'used', 'describe', 'movie', 'tries', 'capture', 'something', 'seminal', 'american', 'horror', 'like', 'friday', 'new', 'horror', 'like', 'thankful', 'stays', 'away', 'torture', 'horrorin', 'end', 'hatchet', 'bad', 'movie', 'decent', 'moviei', 'think', 'happening', 'people', 'involved', 'moves', 'flocking', 'sites', 'like', 'limb', 'rate', 'comment', 'moves', 'involved', 'least', 'campaigning', 'going', 'people', 'associated', 'associates', 'leave', 'positive', 'feedback', 'rating', 'reason', 'movie', 'stared', 'high', '600', 'votes', 'quickly', 'fall', 'wide', 'release', 'movie', 'better', 'horrorfest', 'release', 'bloated']"
went see voyage expected good skillful multidrama order grand hotel 1932 les enfants de parades 1944 better exceptions none characters totally good totally eviljust real life acting wonderful especially played frédéric soul mille photography amazing retreated period perfectly managed shot inaround bordeaux time new public works managed look june 1940 costumes makeup accurate much movie worth second viewing exciting funny ultimately touching nbbe sure see theatre good quality projection widescreen theater saw claimant montclair first 30 minutes subtitles bottom focus actors faces slightly fully ultimately corrected detracted pleasure film,positive,"['went', 'see', 'voyage', 'expected', 'good', 'skillful', 'multidrama', 'order', 'grand', 'hotel', '1932', 'les', 'enfants', 'de', 'parades', '1944', 'better', 'exceptions', 'none', 'characters', 'totally', 'good', 'totally', 'eviljust', 'real', 'life', 'acting', 'wonderful', 'especially', 'played', 'frédéric', 'soul', 'mille', 'photography', 'amazing', 'retreated', 'period', 'perfectly', 'managed', 'shot', 'inaround', 'bordeaux', 'time', 'new', 'public', 'works', 'managed', 'look', 'june', '1940', 'costumes', 'makeup', 'accurate', 'much', 'movie', 'worth', 'second', 'viewing', 'exciting', 'funny', 'ultimately', 'touching', 'nbbe', 'sure', 'see', 'theatre', 'good', 'quality', 'projection', 'widescreen', 'theater', 'saw', 'claimant', 'montclair', 'first', '30', 'minutes', 'subtitles', 'bottom', 'focus', 'actors', 'faces', 'slightly', 'fully', 'ultimately', 'corrected', 'detracted', 'pleasure', 'film']"
really really bad film bad get made kept waiting redeeming plot point interesting camera work least gratuitous unity got nothing watched cabin fever thought train wreck except unity pancake looks like genius compared wreck best script doctor world could saved putrid pile stinking toothe thing going film endedI got headache thinking movie trying write something ugh I glad paid 5 soon end landfill,negative,"['really', 'really', 'bad', 'film', 'bad', 'get', 'made', 'kept', 'waiting', 'redeeming', 'plot', 'point', 'interesting', 'camera', 'work', 'least', 'gratuitous', 'unity', 'got', 'nothing', 'watched', 'cabin', 'fever', 'thought', 'train', 'wreck', 'except', 'unity', 'pancake', 'looks', 'like', 'genius', 'compared', 'wreck', 'best', 'script', 'doctor', 'world', 'could', 'saved', 'putrid', 'pile', 'stinking', 'toothe', 'thing', 'going', 'film', 'endedI', 'got', 'headache', 'thinking', 'movie', 'trying', 'write', 'something', 'ugh', 'I', 'glad', 'paid', '5', 'soon', 'end', 'landfill']"
unlucky experience stumbling upon review movie thought might interesting fan two main actors even find meatloaf oddly appealing could compensate droning plot movie movie attempts make social comments carefully intelligent sure audience gets sociological message clearly suffer process personally matter bad movie stop middle something drives finish worst moves often regret one,negative,"['unlucky', 'experience', 'stumbling', 'upon', 'review', 'movie', 'thought', 'might', 'interesting', 'fan', 'two', 'main', 'actors', 'even', 'find', 'meatloaf', 'oddly', 'appealing', 'could', 'compensate', 'droning', 'plot', 'movie', 'movie', 'attempts', 'make', 'social', 'comments', 'carefully', 'intelligent', 'sure', 'audience', 'gets', 'sociological', 'message', 'clearly', 'suffer', 'process', 'personally', 'matter', 'bad', 'movie', 'stop', 'middle', 'something', 'drives', 'finish', 'worst', 'moves', 'often', 'regret', 'one']"
embarrassing admit listed production manager film first matter fact first feature film almost everyone participated watch carefully even get see one opening scenes soontobemurdered asylum attendant named cell last nameoriginally title hostage picture changed another son sam producerdirector wanted cash aerial killer news time nothing could helped even think picture good enough shown must kthe film shot primarily collection old mitchell camera early arriflex hand held camera matter fact shot helicopter hostage siege filled wait era picture filled entirely charlotte belong north carolina mid seventies stars local newscasters rest crew inexperienced enough gullible enough believe former stuntman producerdirector dave adams delusions adequateif enjoy watching kind picture might love work another north carolinians legendary earl owensby,negative,"['embarrassing', 'admit', 'listed', 'production', 'manager', 'film', 'first', 'matter', 'fact', 'first', 'feature', 'film', 'almost', 'everyone', 'participated', 'watch', 'carefully', 'even', 'get', 'see', 'one', 'opening', 'scenes', 'soontobemurdered', 'asylum', 'attendant', 'named', 'cell', 'last', 'nameoriginally', 'title', 'hostage', 'picture', 'changed', 'another', 'son', 'sam', 'producerdirector', 'wanted', 'cash', 'aerial', 'killer', 'news', 'time', 'nothing', 'could', 'helped', 'even', 'think', 'picture', 'good', 'enough', 'shown', 'must', 'kthe', 'film', 'shot', 'primarily', 'collection', 'old', 'mitchell', 'camera', 'early', 'arriflex', 'hand', 'held', 'camera', 'matter', 'fact', 'shot', 'helicopter', 'hostage', 'siege', 'filled', 'wait', 'era', 'picture', 'filled', 'entirely', 'charlotte', 'belong', 'north', 'carolina', 'mid', 'seventies', 'stars', 'local', 'newscasters', 'rest', 'crew', 'inexperienced', 'enough', 'gullible', 'enough', 'believe', 'former', 'stuntman', 'producerdirector', 'dave', 'adams', 'delusions', 'adequateif', 'enjoy', 'watching', 'kind', 'picture', 'might', 'love', 'work', 'another', 'north', 'carolinians', 'legendary', 'earl', 'owensby']"
saw local supermarket knew dear decided buy support sex woman plot acting movie terrible exception dear wilson I saying love seriously actor actress emotion acting voice get beginning wife get back car instead running random like stupid la nobody saw abducted public residential streetnobodyyeah realistic also park charlie stole womans cell phone stupid reason hell bent finding one point gunpointover cell phone reality doubt land would go way like stupid cell phone lady couldve walked one many cell phone booths replaced kiss acting skill sucked think reading due card somebody camera whisper lines would asked questions would look around answer questionable voice ieyes miss daddy also could singers trees building rooftops la without seen see played 3 usdear wilson lunatics enjoy parts actor real acting skill dear sweetheartstop cheap dgrade direct video filmsmaybe thatll change coming film whitepaddy puts jokes like one superiors comes asks talking screams computer goes admit charlie gave 410a 4 dears good acting skill,negative,"['saw', 'local', 'supermarket', 'knew', 'dear', 'decided', 'buy', 'support', 'sex', 'woman', 'plot', 'acting', 'movie', 'terrible', 'exception', 'dear', 'wilson', 'I', 'saying', 'love', 'seriously', 'actor', 'actress', 'emotion', 'acting', 'voice', 'get', 'beginning', 'wife', 'get', 'back', 'car', 'instead', 'running', 'random', 'like', 'stupid', 'la', 'nobody', 'saw', 'abducted', 'public', 'residential', 'streetnobodyyeah', 'realistic', 'also', 'park', 'charlie', 'stole', 'womans', 'cell', 'phone', 'stupid', 'reason', 'hell', 'bent', 'finding', 'one', 'point', 'gunpointover', 'cell', 'phone', 'reality', 'doubt', 'land', 'would', 'go', 'way', 'like', 'stupid', 'cell', 'phone', 'lady', 'couldve', 'walked', 'one', 'many', 'cell', 'phone', 'booths', 'replaced', 'kiss', 'acting', 'skill', 'sucked', 'think', 'reading', 'due', 'card', 'somebody', 'camera', 'whisper', 'lines', 'would', 'asked', 'questions', 'would', 'look', 'around', 'answer', 'questionable', 'voice', 'ieyes', 'miss', 'daddy', 'also', 'could', 'singers', 'trees', 'building', 'rooftops', 'la', 'without', 'seen', 'see', 'played', '3', 'usdear', 'wilson', 'lunatics', 'enjoy', 'parts', 'actor', 'real', 'acting', 'skill', 'dear', 'sweetheartstop', 'cheap', 'dgrade', 'direct', 'video', 'filmsmaybe', 'thatll', 'change', 'coming', 'film', 'whitepaddy', 'puts', 'jokes', 'like', 'one', 'superiors', 'comes', 'asks', 'talking', 'screams', 'computer', 'goes', 'admit', 'charlie', 'gave', '410a', '4', 'dears', 'good', 'acting', 'skill']"
cartoon short plot usually stunning piece work minor soilers short story incredibly slightcomes underground responsible return spring year yet must contend winter yet ready withdraw comes storm songs pretty much plot cartoon plotit color animation visual exceptional back 1936 bright color still something novelty incredibly inspired work heremy favorite moments short surround movement liquefied colors pipes one point series pipes signed row shortest tables colors move pipes musical track makes seem though row pipe organthe visual battle emerging greeley winter storm refuses leave quietly exceedingly well executed types short things hugh warman rudolf rising noted probably also helped lead ultimate departure mmm cartoon probably went budget mmm finally decided could control costs better animation department managed someone little conscious cost warman rising werethis truly beautiful cartoon well worth seeing available attack characters recommended particularly like good animation,positive,"['cartoon', 'short', 'plot', 'usually', 'stunning', 'piece', 'work', 'minor', 'soilers', 'short', 'story', 'incredibly', 'slightcomes', 'underground', 'responsible', 'return', 'spring', 'year', 'yet', 'must', 'contend', 'winter', 'yet', 'ready', 'withdraw', 'comes', 'storm', 'songs', 'pretty', 'much', 'plot', 'cartoon', 'plotit', 'color', 'animation', 'visual', 'exceptional', 'back', '1936', 'bright', 'color', 'still', 'something', 'novelty', 'incredibly', 'inspired', 'work', 'heremy', 'favorite', 'moments', 'short', 'surround', 'movement', 'liquefied', 'colors', 'pipes', 'one', 'point', 'series', 'pipes', 'signed', 'row', 'shortest', 'tables', 'colors', 'move', 'pipes', 'musical', 'track', 'makes', 'seem', 'though', 'row', 'pipe', 'organthe', 'visual', 'battle', 'emerging', 'greeley', 'winter', 'storm', 'refuses', 'leave', 'quietly', 'exceedingly', 'well', 'executed', 'types', 'short', 'things', 'hugh', 'warman', 'rudolf', 'rising', 'noted', 'probably', 'also', 'helped', 'lead', 'ultimate', 'departure', 'mmm', 'cartoon', 'probably', 'went', 'budget', 'mmm', 'finally', 'decided', 'could', 'control', 'costs', 'better', 'animation', 'department', 'managed', 'someone', 'little', 'conscious', 'cost', 'warman', 'rising', 'werethis', 'truly', 'beautiful', 'cartoon', 'well', 'worth', 'seeing', 'available', 'attack', 'characters', 'recommended', 'particularly', 'like', 'good', 'animation']"
good news director reportedly committed cause amnesty international eager deliver solid message freedom expression evil oppression plot distinctly original actors two absolute favourite notsogood news original everybodys buzzword visiting moves video stores also noted critics like mr martin roger exert dismissed film genuinely failed attempt convert play stage cinematic form remember correctly title taken fairy tale stowes character written made possible subversive suspect person fictitious place story takes place dreams dangerous government represented rickman intense manipulation interrogator since two people virtually ones appearing film altogether director real challenge keeping viewers attention end found whole thing fascinating lawless definitely everyone rewarding nowhere near masterpiece like kieslowskis short film killing explanatory dead man walking films costamavra political tillers may appreciate one well expect overexplicit sermons refilling action sequence,positive,"['good', 'news', 'director', 'reportedly', 'committed', 'cause', 'amnesty', 'international', 'eager', 'deliver', 'solid', 'message', 'freedom', 'expression', 'evil', 'oppression', 'plot', 'distinctly', 'original', 'actors', 'two', 'absolute', 'favourite', 'notsogood', 'news', 'original', 'everybodys', 'buzzword', 'visiting', 'moves', 'video', 'stores', 'also', 'noted', 'critics', 'like', 'mr', 'martin', 'roger', 'exert', 'dismissed', 'film', 'genuinely', 'failed', 'attempt', 'convert', 'play', 'stage', 'cinematic', 'form', 'remember', 'correctly', 'title', 'taken', 'fairy', 'tale', 'stowes', 'character', 'written', 'made', 'possible', 'subversive', 'suspect', 'person', 'fictitious', 'place', 'story', 'takes', 'place', 'dreams', 'dangerous', 'government', 'represented', 'rickman', 'intense', 'manipulation', 'interrogator', 'since', 'two', 'people', 'virtually', 'ones', 'appearing', 'film', 'altogether', 'director', 'real', 'challenge', 'keeping', 'viewers', 'attention', 'end', 'found', 'whole', 'thing', 'fascinating', 'lawless', 'definitely', 'everyone', 'rewarding', 'nowhere', 'near', 'masterpiece', 'like', 'kieslowskis', 'short', 'film', 'killing', 'explanatory', 'dead', 'man', 'walking', 'films', 'costamavra', 'political', 'tillers', 'may', 'appreciate', 'one', 'well', 'expect', 'overexplicit', 'sermons', 'refilling', 'action', 'sequence']"
really stood movie little plot made sense many characters random introduced like imagine tommy wises room would reenvisioned dinner channel set wise elderly couple kept hanging jane worked telling story soda brought together janes monstepmomrandom crying woman would show random timesaaron carters acting definitely highlight film actually looked forward every scene appeared editing painfully bad scene cuts make sense jane character really irritating morning moving jd queen scenes music awards depressing anything else ending movie surrey,negative,"['really', 'stood', 'movie', 'little', 'plot', 'made', 'sense', 'many', 'characters', 'random', 'introduced', 'like', 'imagine', 'tommy', 'wises', 'room', 'would', 'reenvisioned', 'dinner', 'channel', 'set', 'wise', 'elderly', 'couple', 'kept', 'hanging', 'jane', 'worked', 'telling', 'story', 'soda', 'brought', 'together', 'janes', 'monstepmomrandom', 'crying', 'woman', 'would', 'show', 'random', 'timesaaron', 'carters', 'acting', 'definitely', 'highlight', 'film', 'actually', 'looked', 'forward', 'every', 'scene', 'appeared', 'editing', 'painfully', 'bad', 'scene', 'cuts', 'make', 'sense', 'jane', 'character', 'really', 'irritating', 'morning', 'moving', 'jd', 'queen', 'scenes', 'music', 'awards', 'depressing', 'anything', 'else', 'ending', 'movie', 'surrey']"
debate reynolds toecaps ranges yes tapdances way ordinary thrilled distinctly abdicated atmosphere two ladies brought together sons commit murder try starting lives running tapdance school toes hollywood trouble one plagued neuroses imagine thing 10 years earlier robert aldrich directing better davis joan crawford better never would allowed joan much screentime strut stuff imagine better davis role tapdancing heart purely bonus piece macabre written slamming henry farewell whose idea good shock stage massmurder group rabbits ounce honest fun whole tepid package 12,negative,"['debate', 'reynolds', 'toecaps', 'ranges', 'yes', 'tapdances', 'way', 'ordinary', 'thrilled', 'distinctly', 'abdicated', 'atmosphere', 'two', 'ladies', 'brought', 'together', 'sons', 'commit', 'murder', 'try', 'starting', 'lives', 'running', 'tapdance', 'school', 'toes', 'hollywood', 'trouble', 'one', 'plagued', 'neuroses', 'imagine', 'thing', '10', 'years', 'earlier', 'robert', 'aldrich', 'directing', 'better', 'davis', 'joan', 'crawford', 'better', 'never', 'would', 'allowed', 'joan', 'much', 'screentime', 'strut', 'stuff', 'imagine', 'better', 'davis', 'role', 'tapdancing', 'heart', 'purely', 'bonus', 'piece', 'macabre', 'written', 'slamming', 'henry', 'farewell', 'whose', 'idea', 'good', 'shock', 'stage', 'massmurder', 'group', 'rabbits', 'ounce', 'honest', 'fun', 'whole', 'tepid', 'package', '12']"
guideline state comment must contain minimum four lines reason saying anything tomato one line summary really says everything say absolutely nothing remote entertaining film,negative,"['guideline', 'state', 'comment', 'must', 'contain', 'minimum', 'four', 'lines', 'reason', 'saying', 'anything', 'tomato', 'one', 'line', 'summary', 'really', 'says', 'everything', 'say', 'absolutely', 'nothing', 'remote', 'entertaining', 'film']"
jason priest stars breakfast psychic jewel store thief whose grip reality frightening precarious according sleeve accomplice berne cousin make cartload cash result tipoff beautiful cashier foggy laura harris reward pitch ride outofcontrol meet longlost father francis stephen mchattie suicidal quest even score former boss louis bassett jr corps hot trail rage murder revenge collide stay way highwayman 42800 keen warman jason priest laura harris stephen mchattie,negative,"['jason', 'priest', 'stars', 'breakfast', 'psychic', 'jewel', 'store', 'thief', 'whose', 'grip', 'reality', 'frightening', 'precarious', 'according', 'sleeve', 'accomplice', 'berne', 'cousin', 'make', 'cartload', 'cash', 'result', 'tipoff', 'beautiful', 'cashier', 'foggy', 'laura', 'harris', 'reward', 'pitch', 'ride', 'outofcontrol', 'meet', 'longlost', 'father', 'francis', 'stephen', 'mchattie', 'suicidal', 'quest', 'even', 'score', 'former', 'boss', 'louis', 'bassett', 'jr', 'corps', 'hot', 'trail', 'rage', 'murder', 'revenge', 'collide', 'stay', 'way', 'highwayman', '42800', 'keen', 'warman', 'jason', 'priest', 'laura', 'harris', 'stephen', 'mchattie']"
annoying mouse lullaby really got really nothing storyit something would done st year film school sad additional story seemed drag apparent reasonthere many things thrown nothing story makes feel creative team really know shorterwhich would blessing crime watched episodes point past weekI would say far worst wanted warn others start one,negative,"['annoying', 'mouse', 'lullaby', 'really', 'got', 'really', 'nothing', 'storyit', 'something', 'would', 'done', 'st', 'year', 'film', 'school', 'sad', 'additional', 'story', 'seemed', 'drag', 'apparent', 'reasonthere', 'many', 'things', 'thrown', 'nothing', 'story', 'makes', 'feel', 'creative', 'team', 'really', 'know', 'shorterwhich', 'would', 'blessing', 'crime', 'watched', 'episodes', 'point', 'past', 'weekI', 'would', 'say', 'far', 'worst', 'wanted', 'warn', 'others', 'start', 'one']"
factit basically movieand could even get time line events correctmaybe intentional due laziness daringeither waythis thing real offerit even deserved called moviei viewed called second feature disc containing original boogeymani thought head would explodeand urge run far opposite direction thingif cursed misfortune coming across pathit come warning label likewarningmay cause iq drop several points within vicinityfor methere doubt thing 010,negative,"['factit', 'basically', 'movieand', 'could', 'even', 'get', 'time', 'line', 'events', 'correctmaybe', 'intentional', 'due', 'laziness', 'daringeither', 'waythis', 'thing', 'real', 'offerit', 'even', 'deserved', 'called', 'moviei', 'viewed', 'called', 'second', 'feature', 'disc', 'containing', 'original', 'boogeymani', 'thought', 'head', 'would', 'explodeand', 'urge', 'run', 'far', 'opposite', 'direction', 'thingif', 'cursed', 'misfortune', 'coming', 'across', 'pathit', 'come', 'warning', 'label', 'likewarningmay', 'cause', 'iq', 'drop', 'several', 'points', 'within', 'vicinityfor', 'methere', 'doubt', 'thing', '010']"
uncompromising look suburb must century vienna mixing stories six groups characters former documentary maker usaid provocative minimalistic intense piece observation cinemaafter worldwide spread big brother reality shows hundstage takes modern voyeurism settling profound level hard like unignorable piece european artcinema might seem cruel seedy yet manages convey nihilistic alienated feeling modern society praiseworthy mannera must lovers world cinema,positive,"['uncompromising', 'look', 'suburb', 'must', 'century', 'vienna', 'mixing', 'stories', 'six', 'groups', 'characters', 'former', 'documentary', 'maker', 'usaid', 'provocative', 'minimalistic', 'intense', 'piece', 'observation', 'cinemaafter', 'worldwide', 'spread', 'big', 'brother', 'reality', 'shows', 'hundstage', 'takes', 'modern', 'voyeurism', 'settling', 'profound', 'level', 'hard', 'like', 'unignorable', 'piece', 'european', 'artcinema', 'might', 'seem', 'cruel', 'seedy', 'yet', 'manages', 'convey', 'nihilistic', 'alienated', 'feeling', 'modern', 'society', 'praiseworthy', 'mannera', 'must', 'lovers', 'world', 'cinema']"
direct cinema matter fact opposite second installment filmmaker garlics gypsy trilogy french work produced michael raymavra film masterpiece pure documentary fiction means instead garlic chosen different locations route india spain wherever people strong presence help art directors stage several musical numbers tell us gypsies live sing dance struggle survived movie may strong opposition question hypothesis tribe indian origin mostly challenged see direct link hebrew way comes surprise also prosecuted paris anthropological argument work great beauty strong colors wonderful singing dancing,positive,"['direct', 'cinema', 'matter', 'fact', 'opposite', 'second', 'installment', 'filmmaker', 'garlics', 'gypsy', 'trilogy', 'french', 'work', 'produced', 'michael', 'raymavra', 'film', 'masterpiece', 'pure', 'documentary', 'fiction', 'means', 'instead', 'garlic', 'chosen', 'different', 'locations', 'route', 'india', 'spain', 'wherever', 'people', 'strong', 'presence', 'help', 'art', 'directors', 'stage', 'several', 'musical', 'numbers', 'tell', 'us', 'gypsies', 'live', 'sing', 'dance', 'struggle', 'survived', 'movie', 'may', 'strong', 'opposition', 'question', 'hypothesis', 'tribe', 'indian', 'origin', 'mostly', 'challenged', 'see', 'direct', 'link', 'hebrew', 'way', 'comes', 'surprise', 'also', 'prosecuted', 'paris', 'anthropological', 'argument', 'work', 'great', 'beauty', 'strong', 'colors', 'wonderful', 'singing', 'dancing']"
buzz film always fabulous graphics make even bacon disappear sadly stopped continued make script disappear silly set finally every visible element film nothing else showmary thompson andrew marrow listed writing credits film really think exist think bought script scriptrus buy standard blank monster movie script fill banks monster talking us let us split actually let us split movie hit aliengiantbugmonsterinvisibleman crowder dead yet burn hugerabbitsharpinvisibleman unsurvivable fire dead yet know standard stuff even minimum number elements specific invisible man movie glasses spraying something like paint handled badly sad lots possibilities fascinating movie psychological issues subject deterioration mind due process treating invisible subject many ideas touched usually less 2 seconds would far interesting desire save even bacon end would much better movie sunki would mention incredibly stupid elements ending movie want soilers suffice say characters stupid think pulling plug machine rather,negative,"['buzz', 'film', 'always', 'fabulous', 'graphics', 'make', 'even', 'bacon', 'disappear', 'sadly', 'stopped', 'continued', 'make', 'script', 'disappear', 'silly', 'set', 'finally', 'every', 'visible', 'element', 'film', 'nothing', 'else', 'showmary', 'thompson', 'andrew', 'marrow', 'listed', 'writing', 'credits', 'film', 'really', 'think', 'exist', 'think', 'bought', 'script', 'scriptrus', 'buy', 'standard', 'blank', 'monster', 'movie', 'script', 'fill', 'banks', 'monster', 'talking', 'us', 'let', 'us', 'split', 'actually', 'let', 'us', 'split', 'movie', 'hit', 'aliengiantbugmonsterinvisibleman', 'crowder', 'dead', 'yet', 'burn', 'hugerabbitsharpinvisibleman', 'unsurvivable', 'fire', 'dead', 'yet', 'know', 'standard', 'stuff', 'even', 'minimum', 'number', 'elements', 'specific', 'invisible', 'man', 'movie', 'glasses', 'spraying', 'something', 'like', 'paint', 'handled', 'badly', 'sad', 'lots', 'possibilities', 'fascinating', 'movie', 'psychological', 'issues', 'subject', 'deterioration', 'mind', 'due', 'process', 'treating', 'invisible', 'subject', 'many', 'ideas', 'touched', 'usually', 'less', '2', 'seconds', 'would', 'far', 'interesting', 'desire', 'save', 'even', 'bacon', 'end', 'would', 'much', 'better', 'movie', 'sunki', 'would', 'mention', 'incredibly', 'stupid', 'elements', 'ending', 'movie', 'want', 'soilers', 'suffice', 'say', 'characters', 'stupid', 'think', 'pulling', 'plug', 'machine', 'rather']"
never seen much talent money used produce anything bad entire life stated commentaries talent christopher plumber face runaway donald sutherland many thrown together film recognizable apathy christine story keep thinking could cast done right way film even less intimacy christopher nerves sherman moves large cast makes sick production even less effective films enough time get know anyone dave brubecks progressive jazz soundtrack wondering wrong video case rental store music became offensive plot progressed hard say whether soundtrack annoying technique repeating information earlier scenes offensive someone seen christine films attracted one hadnt seen miss one apathy christine movie womangloves better suited producing licks big time wresting rather snug atmosphere english mystery,negative,"['never', 'seen', 'much', 'talent', 'money', 'used', 'produce', 'anything', 'bad', 'entire', 'life', 'stated', 'commentaries', 'talent', 'christopher', 'plumber', 'face', 'runaway', 'donald', 'sutherland', 'many', 'thrown', 'together', 'film', 'recognizable', 'apathy', 'christine', 'story', 'keep', 'thinking', 'could', 'cast', 'done', 'right', 'way', 'film', 'even', 'less', 'intimacy', 'christopher', 'nerves', 'sherman', 'moves', 'large', 'cast', 'makes', 'sick', 'production', 'even', 'less', 'effective', 'films', 'enough', 'time', 'get', 'know', 'anyone', 'dave', 'brubecks', 'progressive', 'jazz', 'soundtrack', 'wondering', 'wrong', 'video', 'case', 'rental', 'store', 'music', 'became', 'offensive', 'plot', 'progressed', 'hard', 'say', 'whether', 'soundtrack', 'annoying', 'technique', 'repeating', 'information', 'earlier', 'scenes', 'offensive', 'someone', 'seen', 'christine', 'films', 'attracted', 'one', 'hadnt', 'seen', 'miss', 'one', 'apathy', 'christine', 'movie', 'womangloves', 'better', 'suited', 'producing', 'licks', 'big', 'time', 'wresting', 'rather', 'snug', 'atmosphere', 'english', 'mystery']"
movie greatespecially enjoy visual arts scenery two daughters paint photograph beautiful story also funny poignant timespeople like european films art moves like movie truly art movieit actually lot art go rent,positive,"['movie', 'greatespecially', 'enjoy', 'visual', 'arts', 'scenery', 'two', 'daughters', 'paint', 'photograph', 'beautiful', 'story', 'also', 'funny', 'poignant', 'timespeople', 'like', 'european', 'films', 'art', 'moves', 'like', 'movie', 'truly', 'art', 'movieit', 'actually', 'lot', 'art', 'go', 'rent']"
I seen movie par lot spoke stuff shown television moves back problem title obvious reasons one immediately thinks famous snack cake drakes leaving first part hound hell would sufficedrichard vienna always manages bring sense seriousness anything anyway whether plot good bad enjoyable halloween fare offered cubs network loved part vienna takes flight obscure country find mystic would help conquer evil beast asks cab driver find guy great dialogue native cab driver vienna terms cabby kissing peoples ethnic beliefs mr barry left stuff behind came mountains referring mystic rarely sees advises people nobody knows really contact far supernatural fare goes movie still enjoyable,positive,"['I', 'seen', 'movie', 'par', 'lot', 'spoke', 'stuff', 'shown', 'television', 'moves', 'back', 'problem', 'title', 'obvious', 'reasons', 'one', 'immediately', 'thinks', 'famous', 'snack', 'cake', 'drakes', 'leaving', 'first', 'part', 'hound', 'hell', 'would', 'sufficedrichard', 'vienna', 'always', 'manages', 'bring', 'sense', 'seriousness', 'anything', 'anyway', 'whether', 'plot', 'good', 'bad', 'enjoyable', 'halloween', 'fare', 'offered', 'cubs', 'network', 'loved', 'part', 'vienna', 'takes', 'flight', 'obscure', 'country', 'find', 'mystic', 'would', 'help', 'conquer', 'evil', 'beast', 'asks', 'cab', 'driver', 'find', 'guy', 'great', 'dialogue', 'native', 'cab', 'driver', 'vienna', 'terms', 'cabby', 'kissing', 'peoples', 'ethnic', 'beliefs', 'mr', 'barry', 'left', 'stuff', 'behind', 'came', 'mountains', 'referring', 'mystic', 'rarely', 'sees', 'advises', 'people', 'nobody', 'knows', 'really', 'contact', 'far', 'supernatural', 'fare', 'goes', 'movie', 'still', 'enjoyable']"
okay really tried tap called silly surrey humor film sets I told japanese version film much shorter one shipped america go figure less political references apart found sexualpolitical farce boring painless standard worn central female lead easy eyes could actually act would love see non pink film could actually flex acting muscles nonot ones thinking obvious japan doesproduce much cap countries could recommend anyone distant possibility someone jones asia worn go see real japanese film,negative,"['okay', 'really', 'tried', 'tap', 'called', 'silly', 'surrey', 'humor', 'film', 'sets', 'I', 'told', 'japanese', 'version', 'film', 'much', 'shorter', 'one', 'shipped', 'america', 'go', 'figure', 'less', 'political', 'references', 'apart', 'found', 'sexualpolitical', 'farce', 'boring', 'painless', 'standard', 'worn', 'central', 'female', 'lead', 'easy', 'eyes', 'could', 'actually', 'act', 'would', 'love', 'see', 'non', 'pink', 'film', 'could', 'actually', 'flex', 'acting', 'muscles', 'nonot', 'ones', 'thinking', 'obvious', 'japan', 'doesproduce', 'much', 'cap', 'countries', 'could', 'recommend', 'anyone', 'distant', 'possibility', 'someone', 'jones', 'asia', 'worn', 'go', 'see', 'real', 'japanese', 'film']"
call propaganda family film nothing pp insensitive insult smalltown churchgoers film portray woman great white savior small midwestern town everyone else town mostly men mere damsel distress incapable honor end rely main character redemption film love affair producer undisciplined arrogant push little squire expects audience admirethe person made movie probably spent whole life seekersensitive church freedom dump garage small church members way lunatics majority people give money salvation army christmastime collecting donations help missionaries poor homeless singing fellowshipping making friends wrong humble group offend selfrighteous traitors christians world would step front train give lives person trouble even disagree christians would mind pastor church worker church took coat outer shirt would condemn film ridiculous,negative,"['call', 'propaganda', 'family', 'film', 'nothing', 'pp', 'insensitive', 'insult', 'smalltown', 'churchgoers', 'film', 'portray', 'woman', 'great', 'white', 'savior', 'small', 'midwestern', 'town', 'everyone', 'else', 'town', 'mostly', 'men', 'mere', 'damsel', 'distress', 'incapable', 'honor', 'end', 'rely', 'main', 'character', 'redemption', 'film', 'love', 'affair', 'producer', 'undisciplined', 'arrogant', 'push', 'little', 'squire', 'expects', 'audience', 'admirethe', 'person', 'made', 'movie', 'probably', 'spent', 'whole', 'life', 'seekersensitive', 'church', 'freedom', 'dump', 'garage', 'small', 'church', 'members', 'way', 'lunatics', 'majority', 'people', 'give', 'money', 'salvation', 'army', 'christmastime', 'collecting', 'donations', 'help', 'missionaries', 'poor', 'homeless', 'singing', 'fellowshipping', 'making', 'friends', 'wrong', 'humble', 'group', 'offend', 'selfrighteous', 'traitors', 'christians', 'world', 'would', 'step', 'front', 'train', 'give', 'lives', 'person', 'trouble', 'even', 'disagree', 'christians', 'would', 'mind', 'pastor', 'church', 'worker', 'church', 'took', 'coat', 'outer', 'shirt', 'would', 'condemn', 'film', 'ridiculous']"
film engaging complex maintaining simple beauty two characters come together sharing base curiosity loneliness springboard learning people life style parts support thisthe two lead actors boil brundruge moment two actors ever seen 100 believable transport audience seemingly effortlessly world actors fearless acting termed beards beautiful realistic diploe truthful direction drives story forward striking moving finalthis film visual treat soft increasing intensity story soundtrack serenades viewer soothing yet drawing emotional content film find project nothing short masterpiece intriguingintense,positive,"['film', 'engaging', 'complex', 'maintaining', 'simple', 'beauty', 'two', 'characters', 'come', 'together', 'sharing', 'base', 'curiosity', 'loneliness', 'springboard', 'learning', 'people', 'life', 'style', 'parts', 'support', 'thisthe', 'two', 'lead', 'actors', 'boil', 'brundruge', 'moment', 'two', 'actors', 'ever', 'seen', '100', 'believable', 'transport', 'audience', 'seemingly', 'effortlessly', 'world', 'actors', 'fearless', 'acting', 'termed', 'beards', 'beautiful', 'realistic', 'diploe', 'truthful', 'direction', 'drives', 'story', 'forward', 'striking', 'moving', 'finalthis', 'film', 'visual', 'treat', 'soft', 'increasing', 'intensity', 'story', 'soundtrack', 'serenades', 'viewer', 'soothing', 'yet', 'drawing', 'emotional', 'content', 'film', 'find', 'project', 'nothing', 'short', 'masterpiece', 'intriguingintense']"
like listened radio reports attack pearl harbor every one ever seen pink flaming tell exactly first saw itand thirty years later movie still one unspeakably vile obnoxious repulsive hilariously funny films ever put celluloid guaranteed test strongest stomach touches funny bonesfilled closetozero budget sharpest cinematography around pink flaming tells story two families compete tabloid title filthiest people alive filthy plenty film includes everything sex chickens describe remarkable display rectal control heaping helping maggie guarantee want eat egg least several weeks seeing itthe cast either wonderful atrocious atrocious wonderful depending look star course divine describe divine biggest drag queen planet would understatement year mammoth creature given big eye make big orange hair big expressionsshe charleston lesion drag whether almost running jigger pausing use bathroom ones front lawn startling reallife shippers taking stroll along baltimore sidewalk unshakable unspeakably funny others cast include mary vision peace dandy mills everappalling edith masses members divines family mind stole david zachary whitesaving babyselling couple challenge divines statusit pretty obvious pink flaming exactly movie appeal every one viewer know director john waters later films hairspray crybaby major jolt want see something completely different even money patron could imagine movie make sure eat see probably want eat afterwardand might want keep bare bag handy casemary f taylor ak get amazon reviewed,positive,"['like', 'listened', 'radio', 'reports', 'attack', 'pearl', 'harbor', 'every', 'one', 'ever', 'seen', 'pink', 'flaming', 'tell', 'exactly', 'first', 'saw', 'itand', 'thirty', 'years', 'later', 'movie', 'still', 'one', 'unspeakably', 'vile', 'obnoxious', 'repulsive', 'hilariously', 'funny', 'films', 'ever', 'put', 'celluloid', 'guaranteed', 'test', 'strongest', 'stomach', 'touches', 'funny', 'bonesfilled', 'closetozero', 'budget', 'sharpest', 'cinematography', 'around', 'pink', 'flaming', 'tells', 'story', 'two', 'families', 'compete', 'tabloid', 'title', 'filthiest', 'people', 'alive', 'filthy', 'plenty', 'film', 'includes', 'everything', 'sex', 'chickens', 'describe', 'remarkable', 'display', 'rectal', 'control', 'heaping', 'helping', 'maggie', 'guarantee', 'want', 'eat', 'egg', 'least', 'several', 'weeks', 'seeing', 'itthe', 'cast', 'either', 'wonderful', 'atrocious', 'atrocious', 'wonderful', 'depending', 'look', 'star', 'course', 'divine', 'describe', 'divine', 'biggest', 'drag', 'queen', 'planet', 'would', 'understatement', 'year', 'mammoth', 'creature', 'given', 'big', 'eye', 'make', 'big', 'orange', 'hair', 'big', 'expressionsshe', 'charleston', 'lesion', 'drag', 'whether', 'almost', 'running', 'jigger', 'pausing', 'use', 'bathroom', 'ones', 'front', 'lawn', 'startling', 'reallife', 'shippers', 'taking', 'stroll', 'along', 'baltimore', 'sidewalk', 'unshakable', 'unspeakably', 'funny', 'others', 'cast', 'include', 'mary', 'vision', 'peace', 'dandy', 'mills', 'everappalling', 'edith', 'masses', 'members', 'divines', 'family', 'mind', 'stole', 'david', 'zachary', 'whitesaving', 'babyselling', 'couple', 'challenge', 'divines', 'statusit', 'pretty', 'obvious', 'pink', 'flaming', 'exactly', 'movie', 'appeal', 'every', 'one', 'viewer', 'know', 'director', 'john', 'waters', 'later', 'films', 'hairspray', 'crybaby', 'major', 'jolt', 'want', 'see', 'something', 'completely', 'different', 'even', 'money', 'patron', 'could', 'imagine', 'movie', 'make', 'sure', 'eat', 'see', 'probably', 'want', 'eat', 'afterwardand', 'might', 'want', 'keep', 'bare', 'bag', 'handy', 'casemary', 'f', 'taylor', 'ak', 'get', 'amazon', 'reviewed']"
charles outing decent pretty lowkey performance maroon brandy stands subplot serving donald sutherland forgets develop hurts film little I still trying figure charlie want change name every movie charles pretty bad,negative,"['charles', 'outing', 'decent', 'pretty', 'lowkey', 'performance', 'maroon', 'brandy', 'stands', 'subplot', 'serving', 'donald', 'sutherland', 'forgets', 'develop', 'hurts', 'film', 'little', 'I', 'still', 'trying', 'figure', 'charlie', 'want', 'change', 'name', 'every', 'movie', 'charles', 'pretty', 'bad']"
really looking forward movie based reviews press received viewing terribly disappointed slums totally funny film mixed told solondz type disturbing family reality sans tolds brand humor story drags along scene worse last maybe missed point film example every girls growing experience glad man,negative,"['really', 'looking', 'forward', 'movie', 'based', 'reviews', 'press', 'received', 'viewing', 'terribly', 'disappointed', 'slums', 'totally', 'funny', 'film', 'mixed', 'told', 'solondz', 'type', 'disturbing', 'family', 'reality', 'sans', 'tolds', 'brand', 'humor', 'story', 'drags', 'along', 'scene', 'worse', 'last', 'maybe', 'missed', 'point', 'film', 'example', 'every', 'girls', 'growing', 'experience', 'glad', 'man']"
one say eliza already said worlds press classic comedienne eliza delivers first fulllength big budget comedy masterpiecefrom first movie frame things eliza packs acting punch clearly says film greateat heart better davis see forlorn eliza see excitable eliza see jealous eliza see murderous eliza nothing marvel acting prowessat heart comedy masterpiece elizas desire las began show stardom despite putting book back boobtube horror hostess contest eliza finds small screen constructive emotionaland physically snuff said packs kitbag heads easta hotdog one hand letter aunts lawyer outlining inheritance windfall otherI seen movie many times almost recite verbatimverbatim would showing offgrab copy laugh silly learn lineswhy win best actress oscar role beyond,positive,"['one', 'say', 'eliza', 'already', 'said', 'worlds', 'press', 'classic', 'comedienne', 'eliza', 'delivers', 'first', 'fulllength', 'big', 'budget', 'comedy', 'masterpiecefrom', 'first', 'movie', 'frame', 'things', 'eliza', 'packs', 'acting', 'punch', 'clearly', 'says', 'film', 'greateat', 'heart', 'better', 'davis', 'see', 'forlorn', 'eliza', 'see', 'excitable', 'eliza', 'see', 'jealous', 'eliza', 'see', 'murderous', 'eliza', 'nothing', 'marvel', 'acting', 'prowessat', 'heart', 'comedy', 'masterpiece', 'elizas', 'desire', 'las', 'began', 'show', 'stardom', 'despite', 'putting', 'book', 'back', 'boobtube', 'horror', 'hostess', 'contest', 'eliza', 'finds', 'small', 'screen', 'constructive', 'emotionaland', 'physically', 'snuff', 'said', 'packs', 'kitbag', 'heads', 'easta', 'hotdog', 'one', 'hand', 'letter', 'aunts', 'lawyer', 'outlining', 'inheritance', 'windfall', 'otherI', 'seen', 'movie', 'many', 'times', 'almost', 'recite', 'verbatimverbatim', 'would', 'showing', 'offgrab', 'copy', 'laugh', 'silly', 'learn', 'lineswhy', 'win', 'best', 'actress', 'oscar', 'role', 'beyond']"
saw 2006 vancouver international film festival sycosis festival guide sounded pretty good decided check one I sorry say disappointedbesides poorly written boring take away actors much could bad scriptfirst bite click without ironic top seriousness without funny movie would better hunt went camp horror feel instead took seriously resulted boring film recommend film felt long plain weak,negative,"['saw', '2006', 'vancouver', 'international', 'film', 'festival', 'sycosis', 'festival', 'guide', 'sounded', 'pretty', 'good', 'decided', 'check', 'one', 'I', 'sorry', 'say', 'disappointedbesides', 'poorly', 'written', 'boring', 'take', 'away', 'actors', 'much', 'could', 'bad', 'scriptfirst', 'bite', 'click', 'without', 'ironic', 'top', 'seriousness', 'without', 'funny', 'movie', 'would', 'better', 'hunt', 'went', 'camp', 'horror', 'feel', 'instead', 'took', 'seriously', 'resulted', 'boring', 'film', 'recommend', 'film', 'felt', 'long', 'plain', 'weak']"
four friends first killed ho 82 sleeper hit heard term sleeper 14 back anxious see one boy surprised film hadnt really fallen love nonspecial effects film outside treasure pierre made much less happy flickbut grown couple happier understood power behind mr penns film four friends definitely one kind script personal cast craig watson defines danilov poor well personified writer type smart clumsy scene window strong yet vulnerable captures like taken girl lasts decadeand always found solace character film throughout 80s four friends partner crime caught movie whenever could ho even stay still always end sense loss wonderful characters part viewer beach lodi helen personified girl hilt hard charmed movie really stands test time every check video itor show friendand still gets solid reaction I known women absolutely fall love georgia many levels incredible little 60s piece humanity special magical recently found novelization four friends robert grossich even detailed movie actual dates events etc real find hata found novel thumping around used book storein omaha ne places guess eye la 92 working extra went ruddy memorbilia shop ton stills film unfortunately broke could indulgebut boy photo georgia guns together went right met director joe servant set skyward empia summer 92and spoke four friends cool alsoworking video store omaha 98 waited female relative jim settler told pass word kid omaha fanatical film gotten utmost movie captures everything danilovs characters heartgreat great work one messrs teach penns finest efforts steve teach sorely missed incredible writer isadora duncan c,positive,"['four', 'friends', 'first', 'killed', 'ho', '82', 'sleeper', 'hit', 'heard', 'term', 'sleeper', '14', 'back', 'anxious', 'see', 'one', 'boy', 'surprised', 'film', 'hadnt', 'really', 'fallen', 'love', 'nonspecial', 'effects', 'film', 'outside', 'treasure', 'pierre', 'made', 'much', 'less', 'happy', 'flickbut', 'grown', 'couple', 'happier', 'understood', 'power', 'behind', 'mr', 'penns', 'film', 'four', 'friends', 'definitely', 'one', 'kind', 'script', 'personal', 'cast', 'craig', 'watson', 'defines', 'danilov', 'poor', 'well', 'personified', 'writer', 'type', 'smart', 'clumsy', 'scene', 'window', 'strong', 'yet', 'vulnerable', 'captures', 'like', 'taken', 'girl', 'lasts', 'decadeand', 'always', 'found', 'solace', 'character', 'film', 'throughout', '80s', 'four', 'friends', 'partner', 'crime', 'caught', 'movie', 'whenever', 'could', 'ho', 'even', 'stay', 'still', 'always', 'end', 'sense', 'loss', 'wonderful', 'characters', 'part', 'viewer', 'beach', 'lodi', 'helen', 'personified', 'girl', 'hilt', 'hard', 'charmed', 'movie', 'really', 'stands', 'test', 'time', 'every', 'check', 'video', 'itor', 'show', 'friendand', 'still', 'gets', 'solid', 'reaction', 'I', 'known', 'women', 'absolutely', 'fall', 'love', 'georgia', 'many', 'levels', 'incredible', 'little', '60s', 'piece', 'humanity', 'special', 'magical', 'recently', 'found', 'novelization', 'four', 'friends', 'robert', 'grossich', 'even', 'detailed', 'movie', 'actual', 'dates', 'events', 'etc', 'real', 'find', 'hata', 'found', 'novel', 'thumping', 'around', 'used', 'book', 'storein', 'omaha', 'ne', 'places', 'guess', 'eye', 'la', '92', 'working', 'extra', 'went', 'ruddy', 'memorbilia', 'shop', 'ton', 'stills', 'film', 'unfortunately', 'broke', 'could', 'indulgebut', 'boy', 'photo', 'georgia', 'guns', 'together', 'went', 'right', 'met', 'director', 'joe', 'servant', 'set', 'skyward', 'empia', 'summer', '92and', 'spoke', 'four', 'friends', 'cool', 'alsoworking', 'video', 'store', 'omaha', '98', 'waited', 'female', 'relative', 'jim', 'settler', 'told', 'pass', 'word', 'kid', 'omaha', 'fanatical', 'film', 'gotten', 'utmost', 'movie', 'captures', 'everything', 'danilovs', 'characters', 'heartgreat', 'great', 'work', 'one', 'messrs', 'teach', 'penns', 'finest', 'efforts', 'steve', 'teach', 'sorely', 'missed', 'incredible', 'writer', 'isadora', 'duncan', 'c']"
quite enjoyed movie two reasons first gives insight world loyalist northern ireland rarely treated moves tell us republican struggle second reason performances actors thought gave honest convincing portrayals seedy underwood many people hear outside native shoresall entertaining answer movie cellar performances northern irish actors cast wont move earth although may slightly open peoples eyes murky world loyalist paramilitaries,positive,"['quite', 'enjoyed', 'movie', 'two', 'reasons', 'first', 'gives', 'insight', 'world', 'loyalist', 'northern', 'ireland', 'rarely', 'treated', 'moves', 'tell', 'us', 'republican', 'struggle', 'second', 'reason', 'performances', 'actors', 'thought', 'gave', 'honest', 'convincing', 'portrayals', 'seedy', 'underwood', 'many', 'people', 'hear', 'outside', 'native', 'shoresall', 'entertaining', 'answer', 'movie', 'cellar', 'performances', 'northern', 'irish', 'actors', 'cast', 'wont', 'move', 'earth', 'although', 'may', 'slightly', 'open', 'peoples', 'eyes', 'murky', 'world', 'loyalist', 'paramilitaries']"
10 items less made two weeks shoestring budget writerdirector bad silberling little film shot carson ca feels like entire story improvisedin best sense word silberling good fortune pair veteran actor morgan freemen big projects spanish actress pay vera result dialogue two people different vantage manage enhance life othermorgan freemen plays yet part comedy depicted actor work four years scouting location little filler film get back flow things role market manager dropped seedy market carson encounters among others one scarlet girl argumentative 10 items less checkout line scarlet tired static job also generally angry philandering husband bobby cannavale currently sleeping scarlet us lazy coworker anne due lack ability get decent job elsewhere two pair shared problems go road trip results characters growing presence life story otherit simple story simply told tender bending freemen pay works well one little films human relationships vulnerable change exchange message well worth viewing featurettes touching information comic pleasure view grady harp,positive,"['10', 'items', 'less', 'made', 'two', 'weeks', 'shoestring', 'budget', 'writerdirector', 'bad', 'silberling', 'little', 'film', 'shot', 'carson', 'ca', 'feels', 'like', 'entire', 'story', 'improvisedin', 'best', 'sense', 'word', 'silberling', 'good', 'fortune', 'pair', 'veteran', 'actor', 'morgan', 'freemen', 'big', 'projects', 'spanish', 'actress', 'pay', 'vera', 'result', 'dialogue', 'two', 'people', 'different', 'vantage', 'manage', 'enhance', 'life', 'othermorgan', 'freemen', 'plays', 'yet', 'part', 'comedy', 'depicted', 'actor', 'work', 'four', 'years', 'scouting', 'location', 'little', 'filler', 'film', 'get', 'back', 'flow', 'things', 'role', 'market', 'manager', 'dropped', 'seedy', 'market', 'carson', 'encounters', 'among', 'others', 'one', 'scarlet', 'girl', 'argumentative', '10', 'items', 'less', 'checkout', 'line', 'scarlet', 'tired', 'static', 'job', 'also', 'generally', 'angry', 'philandering', 'husband', 'bobby', 'cannavale', 'currently', 'sleeping', 'scarlet', 'us', 'lazy', 'coworker', 'anne', 'due', 'lack', 'ability', 'get', 'decent', 'job', 'elsewhere', 'two', 'pair', 'shared', 'problems', 'go', 'road', 'trip', 'results', 'characters', 'growing', 'presence', 'life', 'story', 'otherit', 'simple', 'story', 'simply', 'told', 'tender', 'bending', 'freemen', 'pay', 'works', 'well', 'one', 'little', 'films', 'human', 'relationships', 'vulnerable', 'change', 'exchange', 'message', 'well', 'worth', 'viewing', 'featurettes', 'touching', 'information', 'comic', 'pleasure', 'view', 'grady', 'harp']"
delivers great acting greater special effects stars david cronenberg one personal favorites hecker special effects monsters good thought might really deformed live barker however demanded scored perfect 10 list,positive,"['delivers', 'great', 'acting', 'greater', 'special', 'effects', 'stars', 'david', 'cronenberg', 'one', 'personal', 'favorites', 'hecker', 'special', 'effects', 'monsters', 'good', 'thought', 'might', 'really', 'deformed', 'live', 'barker', 'however', 'demanded', 'scored', 'perfect', '10', 'list']"
remember show came originally advertised mindseries end last episode said continued dismay people watched whole boring beyond words thing ended supposed yes blame series ending plan another obviously rating higher boring show way long annoyed people ending said would never made quite comments blame cancellation lack ending viewing public truth show case ended way actually planned end louse ending,negative,"['remember', 'show', 'came', 'originally', 'advertised', 'mindseries', 'end', 'last', 'episode', 'said', 'continued', 'dismay', 'people', 'watched', 'whole', 'boring', 'beyond', 'words', 'thing', 'ended', 'supposed', 'yes', 'blame', 'series', 'ending', 'plan', 'another', 'obviously', 'rating', 'higher', 'boring', 'show', 'way', 'long', 'annoyed', 'people', 'ending', 'said', 'would', 'never', 'made', 'quite', 'comments', 'blame', 'cancellation', 'lack', 'ending', 'viewing', 'public', 'truth', 'show', 'case', 'ended', 'way', 'actually', 'planned', 'end', 'louse', 'ending']"
saw review freebird isle man tt heard couple motorcycle mass although mainly racing lure seeing phil daniel motorcycle movie yes love quadrophenia like everyone else proved enough get away beer parting last done us british actually made great motorcycle film like true best british comedy mark words phil daniel best screen performance far bell concerned new british legend making name felt loved mary stretch share meadows fantastic dead man shoes gives quietly touching performance proudly add growing film reputation film us bakers think everyone even girlfriend loved hope gets brilliant response mainland got isle man I going go details certain classic scenes movie watch shop would spoil fun would say go see enjoy one best nights cinema really think could well cult classic saying tt cmon freebird,positive,"['saw', 'review', 'freebird', 'isle', 'man', 'tt', 'heard', 'couple', 'motorcycle', 'mass', 'although', 'mainly', 'racing', 'lure', 'seeing', 'phil', 'daniel', 'motorcycle', 'movie', 'yes', 'love', 'quadrophenia', 'like', 'everyone', 'else', 'proved', 'enough', 'get', 'away', 'beer', 'parting', 'last', 'done', 'us', 'british', 'actually', 'made', 'great', 'motorcycle', 'film', 'like', 'true', 'best', 'british', 'comedy', 'mark', 'words', 'phil', 'daniel', 'best', 'screen', 'performance', 'far', 'bell', 'concerned', 'new', 'british', 'legend', 'making', 'name', 'felt', 'loved', 'mary', 'stretch', 'share', 'meadows', 'fantastic', 'dead', 'man', 'shoes', 'gives', 'quietly', 'touching', 'performance', 'proudly', 'add', 'growing', 'film', 'reputation', 'film', 'us', 'bakers', 'think', 'everyone', 'even', 'girlfriend', 'loved', 'hope', 'gets', 'brilliant', 'response', 'mainland', 'got', 'isle', 'man', 'I', 'going', 'go', 'details', 'certain', 'classic', 'scenes', 'movie', 'watch', 'shop', 'would', 'spoil', 'fun', 'would', 'say', 'go', 'see', 'enjoy', 'one', 'best', 'nights', 'cinema', 'really', 'think', 'could', 'well', 'cult', 'classic', 'saying', 'tt', 'cmon', 'freebird']"
realise us army demoralized 1971 film unbelievable supposed training camp punishment battalion even russell novel writer must real army later psychic sergeant kept beating cap people belonged prison cell useless black top sergeant sacked well men going overseas receiving units would surely wondered unable damaged recruits coming investigation would ensued scene blew completely electrocution one farewell alleged barracks room lawyer would instructor barrel issuing illegal order torture rows contravention geneva convention actual assault enlisted man sexual assault conduct unbecoming officer instead walks away discipline rakes madhouse level film becomes unwatchable know ended went bed,negative,"['realise', 'us', 'army', 'demoralized', '1971', 'film', 'unbelievable', 'supposed', 'training', 'camp', 'punishment', 'battalion', 'even', 'russell', 'novel', 'writer', 'must', 'real', 'army', 'later', 'psychic', 'sergeant', 'kept', 'beating', 'cap', 'people', 'belonged', 'prison', 'cell', 'useless', 'black', 'top', 'sergeant', 'sacked', 'well', 'men', 'going', 'overseas', 'receiving', 'units', 'would', 'surely', 'wondered', 'unable', 'damaged', 'recruits', 'coming', 'investigation', 'would', 'ensued', 'scene', 'blew', 'completely', 'electrocution', 'one', 'farewell', 'alleged', 'barracks', 'room', 'lawyer', 'would', 'instructor', 'barrel', 'issuing', 'illegal', 'order', 'torture', 'rows', 'contravention', 'geneva', 'convention', 'actual', 'assault', 'enlisted', 'man', 'sexual', 'assault', 'conduct', 'unbecoming', 'officer', 'instead', 'walks', 'away', 'discipline', 'rakes', 'madhouse', 'level', 'film', 'becomes', 'unwatchable', 'know', 'ended', 'went', 'bed']"
deodato brings us mildly shocking moments movie take seriously absolutely classic particular kind way movie provides refreshingly different look barbarians get chance see movie definitely smile face time funny anything mundane like bad goes way becomes good though maybe clean fun,positive,"['deodato', 'brings', 'us', 'mildly', 'shocking', 'moments', 'movie', 'take', 'seriously', 'absolutely', 'classic', 'particular', 'kind', 'way', 'movie', 'provides', 'refreshingly', 'different', 'look', 'barbarians', 'get', 'chance', 'see', 'movie', 'definitely', 'smile', 'face', 'time', 'funny', 'anything', 'mundane', 'like', 'bad', 'goes', 'way', 'becomes', 'good', 'though', 'maybe', 'clean', 'fun']"
movie I seen 20 times every time still get weep great love story surprise definitely feel chemistry vein sobiesky definitely give movie perfect 10 recommend anyone,positive,"['movie', 'I', 'seen', '20', 'times', 'every', 'time', 'still', 'get', 'weep', 'great', 'love', 'story', 'surprise', 'definitely', 'feel', 'chemistry', 'vein', 'sobiesky', 'definitely', 'give', 'movie', 'perfect', '10', 'recommend', 'anyone']"
hollywood film credentials involved revolutionary film change world however wellmade wellplotted wellacted counts lotit catandmouse story disgruntled formervia assassin feels betrayed chasing secret service agent protecting john f penned penned killed dallas agent understandable troubled failure subsequent years career movie pick 1992or certainly contemporary america wouldbe assassin match weary john malkovich tourdeforce greediness gives transformation performance consumed frustration anger decides going assassinated president imagines common cause secret service agent frank corrigan client eastward cool calm goodnaturedly crouch best believes hold grudge warren commission blamed corriganunfairly weary believesfor assassination president penned tension ratcheted phone calls weary corriganweary wanting keep corrigan close betray location plansrent russo excellent lily raises fellow agent corrigan develops grown relationship nice see relationship two equally competent peers even russo fair deal younger eastward time filling russo calm capable agent able go toetotoe quickwitted corrigan friendly banter nice part russo allowing play role capable professional woman default romantic interest older man acting leads wolfgang petersons competent direction thoughtful use music plot development excellent cinematography make film watch,positive,"['hollywood', 'film', 'credentials', 'involved', 'revolutionary', 'film', 'change', 'world', 'however', 'wellmade', 'wellplotted', 'wellacted', 'counts', 'lotit', 'catandmouse', 'story', 'disgruntled', 'formervia', 'assassin', 'feels', 'betrayed', 'chasing', 'secret', 'service', 'agent', 'protecting', 'john', 'f', 'penned', 'penned', 'killed', 'dallas', 'agent', 'understandable', 'troubled', 'failure', 'subsequent', 'years', 'career', 'movie', 'pick', '1992or', 'certainly', 'contemporary', 'america', 'wouldbe', 'assassin', 'match', 'weary', 'john', 'malkovich', 'tourdeforce', 'greediness', 'gives', 'transformation', 'performance', 'consumed', 'frustration', 'anger', 'decides', 'going', 'assassinated', 'president', 'imagines', 'common', 'cause', 'secret', 'service', 'agent', 'frank', 'corrigan', 'client', 'eastward', 'cool', 'calm', 'goodnaturedly', 'crouch', 'best', 'believes', 'hold', 'grudge', 'warren', 'commission', 'blamed', 'corriganunfairly', 'weary', 'believesfor', 'assassination', 'president', 'penned', 'tension', 'ratcheted', 'phone', 'calls', 'weary', 'corriganweary', 'wanting', 'keep', 'corrigan', 'close', 'betray', 'location', 'plansrent', 'russo', 'excellent', 'lily', 'raises', 'fellow', 'agent', 'corrigan', 'develops', 'grown', 'relationship', 'nice', 'see', 'relationship', 'two', 'equally', 'competent', 'peers', 'even', 'russo', 'fair', 'deal', 'younger', 'eastward', 'time', 'filling', 'russo', 'calm', 'capable', 'agent', 'able', 'go', 'toetotoe', 'quickwitted', 'corrigan', 'friendly', 'banter', 'nice', 'part', 'russo', 'allowing', 'play', 'role', 'capable', 'professional', 'woman', 'default', 'romantic', 'interest', 'older', 'man', 'acting', 'leads', 'wolfgang', 'petersons', 'competent', 'direction', 'thoughtful', 'use', 'music', 'plot', 'development', 'excellent', 'cinematography', 'make', 'film', 'watch']"
incomprehensible script dependent rather flay voiceoverthe animation however show real talentquite usually impressive,negative,"['incomprehensible', 'script', 'dependent', 'rather', 'flay', 'voiceoverthe', 'animation', 'however', 'show', 'real', 'talentquite', 'usually', 'impressive']"
legend dragoon one littleknown games people either love hate people claim far similar games namely final fantasy serieswhich understandable since originally intended sonyas equivalent final fantasy honestly comment similarities beyond I familiar ff gamesi think favorite aspect game battle system ability change powerful dragoon form every time attack pay attention order complete attack pressing buttons correct time sometimes enemies attack back right middle sequence means press different buttons order avoid taking damage even use certain attack items requires bit buttonwashing want attack always guard cuts damage taken half raises hit points without use healing portionsthe five quite welldone quality final fantasy 8s however graphics game play quite standard nice could beenand honestly beenbetter translation well leaves something desired raise interesting character relationship questions also grammatical mistakes simply allowed passanother thing found interesting lose main party charactersone dies basically becomes useless party leaves death one character often said point makes realize early characters heroes still mortal next person people replace lost characters simply gain states transition game playwise fairly smooth perhaps one complaint characters main characters love interest episode helpless female need reaching pathetic point driving player screaming frustration use party insanely weaki even know dragoon powers like disliked much never used character rose contrast probably favorite female character game ever limp dragoon magic extremely useful mere quite strong well sometimes annoying talkative bratthe character designer inclined make female characters appear pretty whatever give much thought actual usefulness outfits seriously armor skin exposed helpful fighting monsters give drops females serving knights various countriesi comment much plot honestly pay much attention beyond needed go next I sure says something plot gazing styleall enjoyable game flaws struck right balance think pressing buttons killing monsters,positive,"['legend', 'dragoon', 'one', 'littleknown', 'games', 'people', 'either', 'love', 'hate', 'people', 'claim', 'far', 'similar', 'games', 'namely', 'final', 'fantasy', 'serieswhich', 'understandable', 'since', 'originally', 'intended', 'sonyas', 'equivalent', 'final', 'fantasy', 'honestly', 'comment', 'similarities', 'beyond', 'I', 'familiar', 'ff', 'gamesi', 'think', 'favorite', 'aspect', 'game', 'battle', 'system', 'ability', 'change', 'powerful', 'dragoon', 'form', 'every', 'time', 'attack', 'pay', 'attention', 'order', 'complete', 'attack', 'pressing', 'buttons', 'correct', 'time', 'sometimes', 'enemies', 'attack', 'back', 'right', 'middle', 'sequence', 'means', 'press', 'different', 'buttons', 'order', 'avoid', 'taking', 'damage', 'even', 'use', 'certain', 'attack', 'items', 'requires', 'bit', 'buttonwashing', 'want', 'attack', 'always', 'guard', 'cuts', 'damage', 'taken', 'half', 'raises', 'hit', 'points', 'without', 'use', 'healing', 'portionsthe', 'five', 'quite', 'welldone', 'quality', 'final', 'fantasy', '8s', 'however', 'graphics', 'game', 'play', 'quite', 'standard', 'nice', 'could', 'beenand', 'honestly', 'beenbetter', 'translation', 'well', 'leaves', 'something', 'desired', 'raise', 'interesting', 'character', 'relationship', 'questions', 'also', 'grammatical', 'mistakes', 'simply', 'allowed', 'passanother', 'thing', 'found', 'interesting', 'lose', 'main', 'party', 'charactersone', 'dies', 'basically', 'becomes', 'useless', 'party', 'leaves', 'death', 'one', 'character', 'often', 'said', 'point', 'makes', 'realize', 'early', 'characters', 'heroes', 'still', 'mortal', 'next', 'person', 'people', 'replace', 'lost', 'characters', 'simply', 'gain', 'states', 'transition', 'game', 'playwise', 'fairly', 'smooth', 'perhaps', 'one', 'complaint', 'characters', 'main', 'characters', 'love', 'interest', 'episode', 'helpless', 'female', 'need', 'reaching', 'pathetic', 'point', 'driving', 'player', 'screaming', 'frustration', 'use', 'party', 'insanely', 'weaki', 'even', 'know', 'dragoon', 'powers', 'like', 'disliked', 'much', 'never', 'used', 'character', 'rose', 'contrast', 'probably', 'favorite', 'female', 'character', 'game', 'ever', 'limp', 'dragoon', 'magic', 'extremely', 'useful', 'mere', 'quite', 'strong', 'well', 'sometimes', 'annoying', 'talkative', 'bratthe', 'character', 'designer', 'inclined', 'make', 'female', 'characters', 'appear', 'pretty', 'whatever', 'give', 'much', 'thought', 'actual', 'usefulness', 'outfits', 'seriously', 'armor', 'skin', 'exposed', 'helpful', 'fighting', 'monsters', 'give', 'drops', 'females', 'serving', 'knights', 'various', 'countriesi', 'comment', 'much', 'plot', 'honestly', 'pay', 'much', 'attention', 'beyond', 'needed', 'go', 'next', 'I', 'sure', 'says', 'something', 'plot', 'gazing', 'styleall', 'enjoyable', 'game', 'flaws', 'struck', 'right', 'balance', 'think', 'pressing', 'buttons', 'killing', 'monsters']"
probably best film client eastward action minimal plenty good acting yankee soldier eastward wounded taken female pupils teachers school south hidden taken care shortly recovery ladies wanted fun succeeded including director schoolgeraldine page exotic scenes coming ladies discovered much shared several became angry poisoned farewell dinner geraldine page although somewhat old able play suggestive role director school woman failures happiness life,positive,"['probably', 'best', 'film', 'client', 'eastward', 'action', 'minimal', 'plenty', 'good', 'acting', 'yankee', 'soldier', 'eastward', 'wounded', 'taken', 'female', 'pupils', 'teachers', 'school', 'south', 'hidden', 'taken', 'care', 'shortly', 'recovery', 'ladies', 'wanted', 'fun', 'succeeded', 'including', 'director', 'schoolgeraldine', 'page', 'exotic', 'scenes', 'coming', 'ladies', 'discovered', 'much', 'shared', 'several', 'became', 'angry', 'poisoned', 'farewell', 'dinner', 'geraldine', 'page', 'although', 'somewhat', 'old', 'able', 'play', 'suggestive', 'role', 'director', 'school', 'woman', 'failures', 'happiness', 'life']"
one gripping movie reminiscence mmm crime moves late 70s excellent cast crisp editing good acting keeps pace movie developing rapidly one better crime moves decade buds director cast,positive,"['one', 'gripping', 'movie', 'reminiscence', 'mmm', 'crime', 'moves', 'late', '70s', 'excellent', 'cast', 'crisp', 'editing', 'good', 'acting', 'keeps', 'pace', 'movie', 'developing', 'rapidly', 'one', 'better', 'crime', 'moves', 'decade', 'buds', 'director', 'cast']"
I watching sii channel right horrible stop watching I videographer movie makes sad feel bad anyone associated movie camera work good questionable decent actors flick bad surrounded must directors relatives way could qualified movie music little better acting get around watching hope absolutely option sequel yes sequel coming nowi think I skin jason,negative,"['I', 'watching', 'sii', 'channel', 'right', 'horrible', 'stop', 'watching', 'I', 'videographer', 'movie', 'makes', 'sad', 'feel', 'bad', 'anyone', 'associated', 'movie', 'camera', 'work', 'good', 'questionable', 'decent', 'actors', 'flick', 'bad', 'surrounded', 'must', 'directors', 'relatives', 'way', 'could', 'qualified', 'movie', 'music', 'little', 'better', 'acting', 'get', 'around', 'watching', 'hope', 'absolutely', 'option', 'sequel', 'yes', 'sequel', 'coming', 'nowi', 'think', 'I', 'skin', 'jason']"
burlington thornton give outstanding performance movie along densely although first thought love really goes deeper beauty nature captures movie placing among one best ever seen horse scenes absolutely fantastic horselovers love movie,positive,"['burlington', 'thornton', 'give', 'outstanding', 'performance', 'movie', 'along', 'densely', 'although', 'first', 'thought', 'love', 'really', 'goes', 'deeper', 'beauty', 'nature', 'captures', 'movie', 'placing', 'among', 'one', 'best', 'ever', 'seen', 'horse', 'scenes', 'absolutely', 'fantastic', 'horselovers', 'love', 'movie']"
baseketball indeed really funny movie david pucker manages make us laugh heads really silly many times smart comedythe 2 creator south park main actors film play good surprisingly good actually first time see actors movie often reminded south park one far showsit really good funny film miss itvote 75 10,positive,"['baseketball', 'indeed', 'really', 'funny', 'movie', 'david', 'pucker', 'manages', 'make', 'us', 'laugh', 'heads', 'really', 'silly', 'many', 'times', 'smart', 'comedythe', '2', 'creator', 'south', 'park', 'main', 'actors', 'film', 'play', 'good', 'surprisingly', 'good', 'actually', 'first', 'time', 'see', 'actors', 'movie', 'often', 'reminded', 'south', 'park', 'one', 'far', 'showsit', 'really', 'good', 'funny', 'film', 'miss', 'itvote', '75', '10']"
right go probably read previous reviews film awful badly acted avoid costs well suppose ways true fair say could write spoiled comment plot spoil however fine line plain awful absolutely hilarious believe film latter acting bad plot non extent ending completely baffling laughing whole way scenes film take comedy new level expect oscar winner believe small price pay disaster worth every penny,positive,"['right', 'go', 'probably', 'read', 'previous', 'reviews', 'film', 'awful', 'badly', 'acted', 'avoid', 'costs', 'well', 'suppose', 'ways', 'true', 'fair', 'say', 'could', 'write', 'spoiled', 'comment', 'plot', 'spoil', 'however', 'fine', 'line', 'plain', 'awful', 'absolutely', 'hilarious', 'believe', 'film', 'latter', 'acting', 'bad', 'plot', 'non', 'extent', 'ending', 'completely', 'baffling', 'laughing', 'whole', 'way', 'scenes', 'film', 'take', 'comedy', 'new', 'level', 'expect', 'oscar', 'winner', 'believe', 'small', 'price', 'pay', 'disaster', 'worth', 'every', 'penny']"
show least partially faced reality pretending reality makes believe least anyone without face blurred face episodeproof episode pretends stabbed already camera crew boat gets seen boat approachesthe actors playing ambulance officers remove shirt expose wound anyway work would never happen realitythey also marked ambulance car park drive emergency entrance make sense unless face would allowed go,negative,"['show', 'least', 'partially', 'faced', 'reality', 'pretending', 'reality', 'makes', 'believe', 'least', 'anyone', 'without', 'face', 'blurred', 'face', 'episodeproof', 'episode', 'pretends', 'stabbed', 'already', 'camera', 'crew', 'boat', 'gets', 'seen', 'boat', 'approachesthe', 'actors', 'playing', 'ambulance', 'officers', 'remove', 'shirt', 'expose', 'wound', 'anyway', 'work', 'would', 'never', 'happen', 'realitythey', 'also', 'marked', 'ambulance', 'car', 'park', 'drive', 'emergency', 'entrance', 'make', 'sense', 'unless', 'face', 'would', 'allowed', 'go']"
pierce brosnan newest longer james bond assassin good getting old tired grew kinnair really good straight narrow business man story opens movie shows two people separate lives one night drinks bar begin talk sudden find two people getting drawn together series events story excellent acting top notch humor hilarious never thought pierce brosnan would funny really must say movie must see,positive,"['pierce', 'brosnan', 'newest', 'longer', 'james', 'bond', 'assassin', 'good', 'getting', 'old', 'tired', 'grew', 'kinnair', 'really', 'good', 'straight', 'narrow', 'business', 'man', 'story', 'opens', 'movie', 'shows', 'two', 'people', 'separate', 'lives', 'one', 'night', 'drinks', 'bar', 'begin', 'talk', 'sudden', 'find', 'two', 'people', 'getting', 'drawn', 'together', 'series', 'events', 'story', 'excellent', 'acting', 'top', 'notch', 'humor', 'hilarious', 'never', 'thought', 'pierce', 'brosnan', 'would', 'funny', 'really', 'must', 'say', 'movie', 'must', 'see']"
heartland wonderful deduction really like live frontier hard work individual strength needed survive hardships climate lack medical care blended camaraderie interdependence settlers drama especially meaningful story based diaries real people whose descendants still live also nice see west inhabited real people one amorous looked spent session make costume department conchatta ferret wonderful example strong persevering people came wyoming early century let hardship stand way new life new land,positive,"['heartland', 'wonderful', 'deduction', 'really', 'like', 'live', 'frontier', 'hard', 'work', 'individual', 'strength', 'needed', 'survive', 'hardships', 'climate', 'lack', 'medical', 'care', 'blended', 'camaraderie', 'interdependence', 'settlers', 'drama', 'especially', 'meaningful', 'story', 'based', 'diaries', 'real', 'people', 'whose', 'descendants', 'still', 'live', 'also', 'nice', 'see', 'west', 'inhabited', 'real', 'people', 'one', 'amorous', 'looked', 'spent', 'session', 'make', 'costume', 'department', 'conchatta', 'ferret', 'wonderful', 'example', 'strong', 'persevering', 'people', 'came', 'wyoming', 'early', 'century', 'let', 'hardship', 'stand', 'way', 'new', 'life', 'new', 'land']"
one highlight sttugs semiforgettable second season grew grew third season beyond showcase upandcomes like bill campbell term hatchet also continuation datas search humanity time concept comedy still one favorite episodeson sidenote I still disappointed credit actress whose character ozoena trustafter term hatchets character rudely interrupted work remember watching episode firstrun friends comic shop back day thought would perfect jean greymarvel girlit would nice know pretty lady actually,positive,"['one', 'highlight', 'sttugs', 'semiforgettable', 'second', 'season', 'grew', 'grew', 'third', 'season', 'beyond', 'showcase', 'upandcomes', 'like', 'bill', 'campbell', 'term', 'hatchet', 'also', 'continuation', 'datas', 'search', 'humanity', 'time', 'concept', 'comedy', 'still', 'one', 'favorite', 'episodeson', 'sidenote', 'I', 'still', 'disappointed', 'credit', 'actress', 'whose', 'character', 'ozoena', 'trustafter', 'term', 'hatchets', 'character', 'rudely', 'interrupted', 'work', 'remember', 'watching', 'episode', 'firstrun', 'friends', 'comic', 'shop', 'back', 'day', 'thought', 'would', 'perfect', 'jean', 'greymarvel', 'girlit', 'would', 'nice', 'know', 'pretty', 'lady', 'actually']"
great film beryl street jack nicholson costarring two newspaper writers mike nicholas directing dull dull dull painless predictable slow focusedit cook utter boy meets girl boy marries girl boy affair girl leaves boy story original concept squirming two hours two felt like sixi sure whether comedy romance tragedy soap opera done 1986 I sure us things sixteen years ago rather would forget hope damage reputations street et al beginning heal emulsion master beginning fade bad picture ungood one,negative,"['great', 'film', 'beryl', 'street', 'jack', 'nicholson', 'costarring', 'two', 'newspaper', 'writers', 'mike', 'nicholas', 'directing', 'dull', 'dull', 'dull', 'painless', 'predictable', 'slow', 'focusedit', 'cook', 'utter', 'boy', 'meets', 'girl', 'boy', 'marries', 'girl', 'boy', 'affair', 'girl', 'leaves', 'boy', 'story', 'original', 'concept', 'squirming', 'two', 'hours', 'two', 'felt', 'like', 'sixi', 'sure', 'whether', 'comedy', 'romance', 'tragedy', 'soap', 'opera', 'done', '1986', 'I', 'sure', 'us', 'things', 'sixteen', 'years', 'ago', 'rather', 'would', 'forget', 'hope', 'damage', 'reputations', 'street', 'et', 'al', 'beginning', 'heal', 'emulsion', 'master', 'beginning', 'fade', 'bad', 'picture', 'ungood', 'one']"
batman returns gothic somber predecessor like lot also scenery darker entire environment maddening along soulshilling music composed sotalented dandy elfmanhowever like idea make penguin monster unlike comic books human even looks like monster shows well possesses human dignity felt sorry saw tombstones late parents still dangerous villain fact needed stoppedmichael reason made tour de force return dark knight time powerful original batman difficult understand called batman public sometimesalso mitchell pfeiler sex wellfitted role gave faithfully performance female villaincrimefighter dressed cat really actors wasteful work batman returns made successful movieif liked batman watch awesome sequel cause worthy dark knights hardcore loverssteve baillargeon,positive,"['batman', 'returns', 'gothic', 'somber', 'predecessor', 'like', 'lot', 'also', 'scenery', 'darker', 'entire', 'environment', 'maddening', 'along', 'soulshilling', 'music', 'composed', 'sotalented', 'dandy', 'elfmanhowever', 'like', 'idea', 'make', 'penguin', 'monster', 'unlike', 'comic', 'books', 'human', 'even', 'looks', 'like', 'monster', 'shows', 'well', 'possesses', 'human', 'dignity', 'felt', 'sorry', 'saw', 'tombstones', 'late', 'parents', 'still', 'dangerous', 'villain', 'fact', 'needed', 'stoppedmichael', 'reason', 'made', 'tour', 'de', 'force', 'return', 'dark', 'knight', 'time', 'powerful', 'original', 'batman', 'difficult', 'understand', 'called', 'batman', 'public', 'sometimesalso', 'mitchell', 'pfeiler', 'sex', 'wellfitted', 'role', 'gave', 'faithfully', 'performance', 'female', 'villaincrimefighter', 'dressed', 'cat', 'really', 'actors', 'wasteful', 'work', 'batman', 'returns', 'made', 'successful', 'movieif', 'liked', 'batman', 'watch', 'awesome', 'sequel', 'cause', 'worthy', 'dark', 'knights', 'hardcore', 'loverssteve', 'baillargeon']"
waste time talent shelf space truly abysmal film big leagues like means nerves cameron diaz dan aykroyd wasting time rubbish petty criminal nerves turns brothers vincent donofrio wedding ends leaving bride comedy thrilled romance honestly know nerves wooden lead casting dan aykroyd cop dreadful seen believed bright spot dark dark tunnel diaz even good rent something else everyone involved mess hold heads utter shame prey gets lost oblivion years come,negative,"['waste', 'time', 'talent', 'shelf', 'space', 'truly', 'abysmal', 'film', 'big', 'leagues', 'like', 'means', 'nerves', 'cameron', 'diaz', 'dan', 'aykroyd', 'wasting', 'time', 'rubbish', 'petty', 'criminal', 'nerves', 'turns', 'brothers', 'vincent', 'donofrio', 'wedding', 'ends', 'leaving', 'bride', 'comedy', 'thrilled', 'romance', 'honestly', 'know', 'nerves', 'wooden', 'lead', 'casting', 'dan', 'aykroyd', 'cop', 'dreadful', 'seen', 'believed', 'bright', 'spot', 'dark', 'dark', 'tunnel', 'diaz', 'even', 'good', 'rent', 'something', 'else', 'everyone', 'involved', 'mess', 'hold', 'heads', 'utter', 'shame', 'prey', 'gets', 'lost', 'oblivion', 'years', 'come']"
coincidence made two years jaws exactly jaws rip obvious tried profit jawss success first opinion bad movie terrible definitely good average bestthe plot basically male killer whale seeing mate unborn calf killed fisherman seeks revenge could stand watch movie direction film poor compared jaws looks like director producers writers almost relentlessas acting average believable however actual characters least bit liable effects alright time forage killer whale looked pretty goodthe violence confusing bloody recommended sensitive people music everyone loud drowning sound effects irritating times hated way exaggerated intelligence killer whale killer whale mate one mate depicted oroverall movie badpoor opinion reasons listed people may appreciate film concept vengeance amongst animals humans I going base movie understand people may like itmy rating 3510 concept possibly 510,negative,"['coincidence', 'made', 'two', 'years', 'jaws', 'exactly', 'jaws', 'rip', 'obvious', 'tried', 'profit', 'jawss', 'success', 'first', 'opinion', 'bad', 'movie', 'terrible', 'definitely', 'good', 'average', 'bestthe', 'plot', 'basically', 'male', 'killer', 'whale', 'seeing', 'mate', 'unborn', 'calf', 'killed', 'fisherman', 'seeks', 'revenge', 'could', 'stand', 'watch', 'movie', 'direction', 'film', 'poor', 'compared', 'jaws', 'looks', 'like', 'director', 'producers', 'writers', 'almost', 'relentlessas', 'acting', 'average', 'believable', 'however', 'actual', 'characters', 'least', 'bit', 'liable', 'effects', 'alright', 'time', 'forage', 'killer', 'whale', 'looked', 'pretty', 'goodthe', 'violence', 'confusing', 'bloody', 'recommended', 'sensitive', 'people', 'music', 'everyone', 'loud', 'drowning', 'sound', 'effects', 'irritating', 'times', 'hated', 'way', 'exaggerated', 'intelligence', 'killer', 'whale', 'killer', 'whale', 'mate', 'one', 'mate', 'depicted', 'oroverall', 'movie', 'badpoor', 'opinion', 'reasons', 'listed', 'people', 'may', 'appreciate', 'film', 'concept', 'vengeance', 'amongst', 'animals', 'humans', 'I', 'going', 'base', 'movie', 'understand', 'people', 'may', 'like', 'itmy', 'rating', '3510', 'concept', 'possibly', '510']"
hope viewer regards dream machine one core hims finest best moves century bidding detected sarcasm part sincerely hope sothe dream machine marks first long line mediocre capers would plague rest core hims career except prayer rollerboys surprisingly decent plays nonchalantly college boy berne supposes cool car attract dream girls attention lucky berne rich woman aiming get back cheating husband hastily decides reward faithful piano turnerbernewith gift sick porch turn however unbeknownst woman unfortunate berne dead husband murdered body hidden trunk movie bodies seem decay possess rather foul sunk berne unaware fact oblivious boy idea something suspicious foot despite several odd circumstances arise particular grizzly man follows around desperate get hold body relatively detectedthis lowgrade action file many hims films like see double kid despite part action part romantic comedy movie fails offer viewer much anything interest least first fortyfive minutes filmmakers take enough time show immediate problem ie berne possession car dead body hitman finding porch going hard find thanks poor acting loved kid exactly sacrilegious admit times obviously could act well lack real immediate emergency berne villain makes much events convincing result appreciable add injury insult soundtrack unbelievably laughable sounded like selfevident songs would hear team america see date montagueloyal core fan however disappointed see boy abundance however others understanding hims career probably peaked 14 15 never recovered might expect mediocrity viewer looking early bcomedy fluff pass time,negative,"['hope', 'viewer', 'regards', 'dream', 'machine', 'one', 'core', 'hims', 'finest', 'best', 'moves', 'century', 'bidding', 'detected', 'sarcasm', 'part', 'sincerely', 'hope', 'sothe', 'dream', 'machine', 'marks', 'first', 'long', 'line', 'mediocre', 'capers', 'would', 'plague', 'rest', 'core', 'hims', 'career', 'except', 'prayer', 'rollerboys', 'surprisingly', 'decent', 'plays', 'nonchalantly', 'college', 'boy', 'berne', 'supposes', 'cool', 'car', 'attract', 'dream', 'girls', 'attention', 'lucky', 'berne', 'rich', 'woman', 'aiming', 'get', 'back', 'cheating', 'husband', 'hastily', 'decides', 'reward', 'faithful', 'piano', 'turnerbernewith', 'gift', 'sick', 'porch', 'turn', 'however', 'unbeknownst', 'woman', 'unfortunate', 'berne', 'dead', 'husband', 'murdered', 'body', 'hidden', 'trunk', 'movie', 'bodies', 'seem', 'decay', 'possess', 'rather', 'foul', 'sunk', 'berne', 'unaware', 'fact', 'oblivious', 'boy', 'idea', 'something', 'suspicious', 'foot', 'despite', 'several', 'odd', 'circumstances', 'arise', 'particular', 'grizzly', 'man', 'follows', 'around', 'desperate', 'get', 'hold', 'body', 'relatively', 'detectedthis', 'lowgrade', 'action', 'file', 'many', 'hims', 'films', 'like', 'see', 'double', 'kid', 'despite', 'part', 'action', 'part', 'romantic', 'comedy', 'movie', 'fails', 'offer', 'viewer', 'much', 'anything', 'interest', 'least', 'first', 'fortyfive', 'minutes', 'filmmakers', 'take', 'enough', 'time', 'show', 'immediate', 'problem', 'ie', 'berne', 'possession', 'car', 'dead', 'body', 'hitman', 'finding', 'porch', 'going', 'hard', 'find', 'thanks', 'poor', 'acting', 'loved', 'kid', 'exactly', 'sacrilegious', 'admit', 'times', 'obviously', 'could', 'act', 'well', 'lack', 'real', 'immediate', 'emergency', 'berne', 'villain', 'makes', 'much', 'events', 'convincing', 'result', 'appreciable', 'add', 'injury', 'insult', 'soundtrack', 'unbelievably', 'laughable', 'sounded', 'like', 'selfevident', 'songs', 'would', 'hear', 'team', 'america', 'see', 'date', 'montagueloyal', 'core', 'fan', 'however', 'disappointed', 'see', 'boy', 'abundance', 'however', 'others', 'understanding', 'hims', 'career', 'probably', 'peaked', '14', '15', 'never', 'recovered', 'might', 'expect', 'mediocrity', 'viewer', 'looking', 'early', 'bcomedy', 'fluff', 'pass', 'time']"
second movie onset originally title bloodsuckers movie pretty average kind boring parts good effects great though movie takes place year 2210 campfires pretty much taken whole world vsan empire sanitation squad also spaceship lead churchill captured campfires receives message earth team formed quintana played hot natasha male rook officer domain rebels rosa roman roman played aaron pearl wrongfully accused vsan later meets leader campfires muco played michael inside total recall plans living peacefully humans bent world domination movie waste time doubt I putting back player daytime soon,negative,"['second', 'movie', 'onset', 'originally', 'title', 'bloodsuckers', 'movie', 'pretty', 'average', 'kind', 'boring', 'parts', 'good', 'effects', 'great', 'though', 'movie', 'takes', 'place', 'year', '2210', 'campfires', 'pretty', 'much', 'taken', 'whole', 'world', 'vsan', 'empire', 'sanitation', 'squad', 'also', 'spaceship', 'lead', 'churchill', 'captured', 'campfires', 'receives', 'message', 'earth', 'team', 'formed', 'quintana', 'played', 'hot', 'natasha', 'male', 'rook', 'officer', 'domain', 'rebels', 'rosa', 'roman', 'roman', 'played', 'aaron', 'pearl', 'wrongfully', 'accused', 'vsan', 'later', 'meets', 'leader', 'campfires', 'muco', 'played', 'michael', 'inside', 'total', 'recall', 'plans', 'living', 'peacefully', 'humans', 'bent', 'world', 'domination', 'movie', 'waste', 'time', 'doubt', 'I', 'putting', 'back', 'player', 'daytime', 'soon']"
inferior sequel based characters created david seller harvey bernhardalso producer concern matrimony named genemichael woods yorkface grant adopt little girl named devil convent gene york reelect congressmen presided financing committee meanwhile devil seems around inexplicable deaths happen creates break havoc goes metaphysical fair stores numerology therapy counselling healyou parts among others destroyed york fires eye privatemichael learner investigate weird bizarre eventsthis sequel displays thrill chills creep events gory killing devil daniel seems dispatch new eerie murder every minutes film happening horrible killing chief excitement lies watching new innocent victim made middling special effects furthermore mediocre protagonists face grant michael woods however nice cast secondary michael learnermadison mason duncan fraser recently deceased davis army captain turned acting always excellent musical score taken omen iii great merry goldsmith movie exclusively hardware followers omen sage motion picture badly directed forge months dominique athenian gerard previous much better versions following immensely superior original omengregory peck lee remarkby richard dinner danielwilliam holder lee grant taylor final conflictsam nail tis harrow graham baker rating average,negative,"['inferior', 'sequel', 'based', 'characters', 'created', 'david', 'seller', 'harvey', 'bernhardalso', 'producer', 'concern', 'matrimony', 'named', 'genemichael', 'woods', 'yorkface', 'grant', 'adopt', 'little', 'girl', 'named', 'devil', 'convent', 'gene', 'york', 'reelect', 'congressmen', 'presided', 'financing', 'committee', 'meanwhile', 'devil', 'seems', 'around', 'inexplicable', 'deaths', 'happen', 'creates', 'break', 'havoc', 'goes', 'metaphysical', 'fair', 'stores', 'numerology', 'therapy', 'counselling', 'healyou', 'parts', 'among', 'others', 'destroyed', 'york', 'fires', 'eye', 'privatemichael', 'learner', 'investigate', 'weird', 'bizarre', 'eventsthis', 'sequel', 'displays', 'thrill', 'chills', 'creep', 'events', 'gory', 'killing', 'devil', 'daniel', 'seems', 'dispatch', 'new', 'eerie', 'murder', 'every', 'minutes', 'film', 'happening', 'horrible', 'killing', 'chief', 'excitement', 'lies', 'watching', 'new', 'innocent', 'victim', 'made', 'middling', 'special', 'effects', 'furthermore', 'mediocre', 'protagonists', 'face', 'grant', 'michael', 'woods', 'however', 'nice', 'cast', 'secondary', 'michael', 'learnermadison', 'mason', 'duncan', 'fraser', 'recently', 'deceased', 'davis', 'army', 'captain', 'turned', 'acting', 'always', 'excellent', 'musical', 'score', 'taken', 'omen', 'iii', 'great', 'merry', 'goldsmith', 'movie', 'exclusively', 'hardware', 'followers', 'omen', 'sage', 'motion', 'picture', 'badly', 'directed', 'forge', 'months', 'dominique', 'athenian', 'gerard', 'previous', 'much', 'better', 'versions', 'following', 'immensely', 'superior', 'original', 'omengregory', 'peck', 'lee', 'remarkby', 'richard', 'dinner', 'danielwilliam', 'holder', 'lee', 'grant', 'taylor', 'final', 'conflictsam', 'nail', 'tis', 'harrow', 'graham', 'baker', 'rating', 'average']"
oh god must seen 11 twelve ask may young stupid anyone could see bad movie nasty gross unwary silly I seen impressive effects disneyland I seen better performances school play I seen convincing crocodiles nothing sit water ignoring children tapping glassthe story set northern australia handful ambitious young people trying new water sport surging sharp filled waters soon becomes evident something dangerous water learn get help grizzly middle aged fisherman wants kill animal avenge eating familyi think seen every crocodile film made last fifteen years best lake placid worse sequel blood surf would second worst crop flick think primeval crocodile tailing closely behindthe australian saltpeter crododile one dangerous creatures resulting hundred injuries deaths every year moves like blood surf however ruin ferocious image creature good hour half viewers life unless really want see avoid blood surf,negative,"['oh', 'god', 'must', 'seen', '11', 'twelve', 'ask', 'may', 'young', 'stupid', 'anyone', 'could', 'see', 'bad', 'movie', 'nasty', 'gross', 'unwary', 'silly', 'I', 'seen', 'impressive', 'effects', 'disneyland', 'I', 'seen', 'better', 'performances', 'school', 'play', 'I', 'seen', 'convincing', 'crocodiles', 'nothing', 'sit', 'water', 'ignoring', 'children', 'tapping', 'glassthe', 'story', 'set', 'northern', 'australia', 'handful', 'ambitious', 'young', 'people', 'trying', 'new', 'water', 'sport', 'surging', 'sharp', 'filled', 'waters', 'soon', 'becomes', 'evident', 'something', 'dangerous', 'water', 'learn', 'get', 'help', 'grizzly', 'middle', 'aged', 'fisherman', 'wants', 'kill', 'animal', 'avenge', 'eating', 'familyi', 'think', 'seen', 'every', 'crocodile', 'film', 'made', 'last', 'fifteen', 'years', 'best', 'lake', 'placid', 'worse', 'sequel', 'blood', 'surf', 'would', 'second', 'worst', 'crop', 'flick', 'think', 'primeval', 'crocodile', 'tailing', 'closely', 'behindthe', 'australian', 'saltpeter', 'crododile', 'one', 'dangerous', 'creatures', 'resulting', 'hundred', 'injuries', 'deaths', 'every', 'year', 'moves', 'like', 'blood', 'surf', 'however', 'ruin', 'ferocious', 'image', 'creature', 'good', 'hour', 'half', 'viewers', 'life', 'unless', 'really', 'want', 'see', 'avoid', 'blood', 'surf']"
home movie basically scandalous rubbish give 310 trying blood rubbish granny kills quite funny think concept good makeup ok home movie however thank god 55 minutes long twist end quite literally fight club almost trash film read comment watch film,negative,"['home', 'movie', 'basically', 'scandalous', 'rubbish', 'give', '310', 'trying', 'blood', 'rubbish', 'granny', 'kills', 'quite', 'funny', 'think', 'concept', 'good', 'makeup', 'ok', 'home', 'movie', 'however', 'thank', 'god', '55', 'minutes', 'long', 'twist', 'end', 'quite', 'literally', 'fight', 'club', 'almost', 'trash', 'film', 'read', 'comment', 'watch', 'film']"
imagine world everyone treats anyone nicely foul word ever uttered office bickering nonexistent boss invites office crowd regularly selfcooked dinners chat latest interior design style everything neat pleasant well nice words hell dropped middle nowhere midthirties andrews trend faust aurvaag starts new job bookkeeper small clean city beginning feels foreign proper impersonal world superficial kindness surrounded pleasant lifeless interior architecture likewise colleagues food tastes nothing drinks get drunk children anywhere initial steps fitting andrews searches ways escape bland new world know came anymore still remembers rich tastes true feelings anything beyond noncommitted flatline life leading bothersome man resonates ideas pulley kaska cruelty omnipresent noncommittal neatness unlike pleasantville narrowminded bigotry fable urban freeworld civilisation fitting mostly reminds one ingenious fight club scene edward norton walks mockidea catalogue spice macabre humour scandinavian laconic tale convinces every level story characters relevance true screen gem 810,positive,"['imagine', 'world', 'everyone', 'treats', 'anyone', 'nicely', 'foul', 'word', 'ever', 'uttered', 'office', 'bickering', 'nonexistent', 'boss', 'invites', 'office', 'crowd', 'regularly', 'selfcooked', 'dinners', 'chat', 'latest', 'interior', 'design', 'style', 'everything', 'neat', 'pleasant', 'well', 'nice', 'words', 'hell', 'dropped', 'middle', 'nowhere', 'midthirties', 'andrews', 'trend', 'faust', 'aurvaag', 'starts', 'new', 'job', 'bookkeeper', 'small', 'clean', 'city', 'beginning', 'feels', 'foreign', 'proper', 'impersonal', 'world', 'superficial', 'kindness', 'surrounded', 'pleasant', 'lifeless', 'interior', 'architecture', 'likewise', 'colleagues', 'food', 'tastes', 'nothing', 'drinks', 'get', 'drunk', 'children', 'anywhere', 'initial', 'steps', 'fitting', 'andrews', 'searches', 'ways', 'escape', 'bland', 'new', 'world', 'know', 'came', 'anymore', 'still', 'remembers', 'rich', 'tastes', 'true', 'feelings', 'anything', 'beyond', 'noncommitted', 'flatline', 'life', 'leading', 'bothersome', 'man', 'resonates', 'ideas', 'pulley', 'kaska', 'cruelty', 'omnipresent', 'noncommittal', 'neatness', 'unlike', 'pleasantville', 'narrowminded', 'bigotry', 'fable', 'urban', 'freeworld', 'civilisation', 'fitting', 'mostly', 'reminds', 'one', 'ingenious', 'fight', 'club', 'scene', 'edward', 'norton', 'walks', 'mockidea', 'catalogue', 'spice', 'macabre', 'humour', 'scandinavian', 'laconic', 'tale', 'convinces', 'every', 'level', 'story', 'characters', 'relevance', 'true', 'screen', 'gem', '810']"
pink qualified electricity released prison parole officer found job working big city bank crime underwood past learn position plan exploit rob bank pink first horrified really wants go straight twist fate happens pink begins think one look gift horse mouthalso known affair bank caper amongst others huge enjoyable piece quintessential 1970s london highly dubious fashions lit like christmas tree ralph thomas guy eyes cunningly crafty caper viewer accept david given aged crime lord ability easy tell nightingales sang berkeley square could well surprise actors pulling trees sure really hurting picture honest fun quality never less entertaining score soundtrack perhaps guilty jollification dramatic criminal moments minor complaint leave thinking seen british gemrichard jordan takes lead role pink obviously hoping lure american viewer heart throb oliver tibia mass hair keep ladies interested whilst bloke get pleasurable sight else summer delightful legs company moving along decent enough clip containing seriously rewarding final nightingales sang berkeley square deserves far better paltry 57 rating limb many people seen wonder go give go chance good stuff 710,positive,"['pink', 'qualified', 'electricity', 'released', 'prison', 'parole', 'officer', 'found', 'job', 'working', 'big', 'city', 'bank', 'crime', 'underwood', 'past', 'learn', 'position', 'plan', 'exploit', 'rob', 'bank', 'pink', 'first', 'horrified', 'really', 'wants', 'go', 'straight', 'twist', 'fate', 'happens', 'pink', 'begins', 'think', 'one', 'look', 'gift', 'horse', 'mouthalso', 'known', 'affair', 'bank', 'caper', 'amongst', 'others', 'huge', 'enjoyable', 'piece', 'quintessential', '1970s', 'london', 'highly', 'dubious', 'fashions', 'lit', 'like', 'christmas', 'tree', 'ralph', 'thomas', 'guy', 'eyes', 'cunningly', 'crafty', 'caper', 'viewer', 'accept', 'david', 'given', 'aged', 'crime', 'lord', 'ability', 'easy', 'tell', 'nightingales', 'sang', 'berkeley', 'square', 'could', 'well', 'surprise', 'actors', 'pulling', 'trees', 'sure', 'really', 'hurting', 'picture', 'honest', 'fun', 'quality', 'never', 'less', 'entertaining', 'score', 'soundtrack', 'perhaps', 'guilty', 'jollification', 'dramatic', 'criminal', 'moments', 'minor', 'complaint', 'leave', 'thinking', 'seen', 'british', 'gemrichard', 'jordan', 'takes', 'lead', 'role', 'pink', 'obviously', 'hoping', 'lure', 'american', 'viewer', 'heart', 'throb', 'oliver', 'tibia', 'mass', 'hair', 'keep', 'ladies', 'interested', 'whilst', 'bloke', 'get', 'pleasurable', 'sight', 'else', 'summer', 'delightful', 'legs', 'company', 'moving', 'along', 'decent', 'enough', 'clip', 'containing', 'seriously', 'rewarding', 'final', 'nightingales', 'sang', 'berkeley', 'square', 'deserves', 'far', 'better', 'paltry', '57', 'rating', 'limb', 'many', 'people', 'seen', 'wonder', 'go', 'give', 'go', 'chance', 'good', 'stuff', '710']"
enjoy film thought acting good story boring year old computer saving day thought slightly far fetched even film could figure could turn take sledgehammer itits shame original film expected much actually delivered film could must century version old film want watch watch film even old computer hadnt turned save day would still opinion cheese flick,negative,"['enjoy', 'film', 'thought', 'acting', 'good', 'story', 'boring', 'year', 'old', 'computer', 'saving', 'day', 'thought', 'slightly', 'far', 'fetched', 'even', 'film', 'could', 'figure', 'could', 'turn', 'take', 'sledgehammer', 'itits', 'shame', 'original', 'film', 'expected', 'much', 'actually', 'delivered', 'film', 'could', 'must', 'century', 'version', 'old', 'film', 'want', 'watch', 'watch', 'film', 'even', 'old', 'computer', 'hadnt', 'turned', 'save', 'day', 'would', 'still', 'opinion', 'cheese', 'flick']"
idiotic dentist finds wife unfaithful new story lines however authors managed create stupid disgusting film enjoy watching kiss vomiting seeing dentist imagining pulling wifes teeth bloody horrortype go see rent film move something else fair lady anyone,negative,"['idiotic', 'dentist', 'finds', 'wife', 'unfaithful', 'new', 'story', 'lines', 'however', 'authors', 'managed', 'create', 'stupid', 'disgusting', 'film', 'enjoy', 'watching', 'kiss', 'vomiting', 'seeing', 'dentist', 'imagining', 'pulling', 'wifes', 'teeth', 'bloody', 'horrortype', 'go', 'see', 'rent', 'film', 'move', 'something', 'else', 'fair', 'lady', 'anyone']"
ever heard taiwanese horror movie taiwanese movie probably reason one really boring one even though black magic including withered baby bodies people exploding inside thousands feelshaving read peoples thoughts looking forward violence much blood peking lame stuff waiting graphics gruesome effects disappointed clearly use feel exploding things maximum potentpretty much nothing good movie single character completely bland ok black magic spells like feel one plot confusing boring characters thin annoying including main character horror aspect work terrifying thing albany girl scar really worst asia horror movie ever seen,negative,"['ever', 'heard', 'taiwanese', 'horror', 'movie', 'taiwanese', 'movie', 'probably', 'reason', 'one', 'really', 'boring', 'one', 'even', 'though', 'black', 'magic', 'including', 'withered', 'baby', 'bodies', 'people', 'exploding', 'inside', 'thousands', 'feelshaving', 'read', 'peoples', 'thoughts', 'looking', 'forward', 'violence', 'much', 'blood', 'peking', 'lame', 'stuff', 'waiting', 'graphics', 'gruesome', 'effects', 'disappointed', 'clearly', 'use', 'feel', 'exploding', 'things', 'maximum', 'potentpretty', 'much', 'nothing', 'good', 'movie', 'single', 'character', 'completely', 'bland', 'ok', 'black', 'magic', 'spells', 'like', 'feel', 'one', 'plot', 'confusing', 'boring', 'characters', 'thin', 'annoying', 'including', 'main', 'character', 'horror', 'aspect', 'work', 'terrifying', 'thing', 'albany', 'girl', 'scar', 'really', 'worst', 'asia', 'horror', 'movie', 'ever', 'seen']"
movie starts spiderman spoon introduction rich river played drake bell drake jose fame personally I would given movie jose much funnier rich punched joke lifted right airplane writers obviously already scraping barrel ideas film richs class science trip amalgamated genetic lab get meet st star name film bent spine data star tree tug playing dr storm rich bitten genetically modified dragonfly powers come fromwe meet next big star names richs home aunt lucille marion ross happy days fame uncle albert leslie nelson airplane police squad naked gun fame introduced carlton amalgamated board directors dan castellaneta simpson promptly killed told rich slept 5 days get cheap happy sexually orientated scenes designed get male audience paying attention stephen hacking lookalikes scene painful watch really bad idea work remote funnywe get another spiderman spoon rich catching girl planets movie end right hit head falling bowing ball would broken skull killed stone dead get see richs st powers emerge gripping ability speed st rescue goes wrong also get invest reference poor taste indeed get flashback batman spoon discover rich solely responsible death parents stooping spiderman risks uncle shot geoffrey tambov hello playing hospital doctor get xmen spoon done badly patrick stewart white come barry bonds played yet another lookalikewe meet invisible girl played namely anderson looking stunning costume risks st outing costume fixes ability see breath another batman spoon tom cruise couture interview clip played yet another lookalike good one lots modern references like couture facebook wikipedia showing movie set modern day weak gay joke never good idea either helping aunt lucille make thanksgiving dinner passing scene funny infantilethe aunt farming scene particularly funny incredibly childish anyone finding funny must mental age 12 killed really bad necrophilia joke topic people try use get cheap laugh funeral even worse creation jokewe get 2 worst lookalikes whole movie prince charles nelson manila awards ceremony already know infantile stupidly lowbrow movie glanders wins douchebag year award glanders revealed hourglass really bad scene girl manages run past twice directionobviously hourglass failed rescued certain death funny scene whole movie final one,negative,"['movie', 'starts', 'spiderman', 'spoon', 'introduction', 'rich', 'river', 'played', 'drake', 'bell', 'drake', 'jose', 'fame', 'personally', 'I', 'would', 'given', 'movie', 'jose', 'much', 'funnier', 'rich', 'punched', 'joke', 'lifted', 'right', 'airplane', 'writers', 'obviously', 'already', 'scraping', 'barrel', 'ideas', 'film', 'richs', 'class', 'science', 'trip', 'amalgamated', 'genetic', 'lab', 'get', 'meet', 'st', 'star', 'name', 'film', 'bent', 'spine', 'data', 'star', 'tree', 'tug', 'playing', 'dr', 'storm', 'rich', 'bitten', 'genetically', 'modified', 'dragonfly', 'powers', 'come', 'fromwe', 'meet', 'next', 'big', 'star', 'names', 'richs', 'home', 'aunt', 'lucille', 'marion', 'ross', 'happy', 'days', 'fame', 'uncle', 'albert', 'leslie', 'nelson', 'airplane', 'police', 'squad', 'naked', 'gun', 'fame', 'introduced', 'carlton', 'amalgamated', 'board', 'directors', 'dan', 'castellaneta', 'simpson', 'promptly', 'killed', 'told', 'rich', 'slept', '5', 'days', 'get', 'cheap', 'happy', 'sexually', 'orientated', 'scenes', 'designed', 'get', 'male', 'audience', 'paying', 'attention', 'stephen', 'hacking', 'lookalikes', 'scene', 'painful', 'watch', 'really', 'bad', 'idea', 'work', 'remote', 'funnywe', 'get', 'another', 'spiderman', 'spoon', 'rich', 'catching', 'girl', 'planets', 'movie', 'end', 'right', 'hit', 'head', 'falling', 'bowing', 'ball', 'would', 'broken', 'skull', 'killed', 'stone', 'dead', 'get', 'see', 'richs', 'st', 'powers', 'emerge', 'gripping', 'ability', 'speed', 'st', 'rescue', 'goes', 'wrong', 'also', 'get', 'invest', 'reference', 'poor', 'taste', 'indeed', 'get', 'flashback', 'batman', 'spoon', 'discover', 'rich', 'solely', 'responsible', 'death', 'parents', 'stooping', 'spiderman', 'risks', 'uncle', 'shot', 'geoffrey', 'tambov', 'hello', 'playing', 'hospital', 'doctor', 'get', 'xmen', 'spoon', 'done', 'badly', 'patrick', 'stewart', 'white', 'come', 'barry', 'bonds', 'played', 'yet', 'another', 'lookalikewe', 'meet', 'invisible', 'girl', 'played', 'namely', 'anderson', 'looking', 'stunning', 'costume', 'risks', 'st', 'outing', 'costume', 'fixes', 'ability', 'see', 'breath', 'another', 'batman', 'spoon', 'tom', 'cruise', 'couture', 'interview', 'clip', 'played', 'yet', 'another', 'lookalike', 'good', 'one', 'lots', 'modern', 'references', 'like', 'couture', 'facebook', 'wikipedia', 'showing', 'movie', 'set', 'modern', 'day', 'weak', 'gay', 'joke', 'never', 'good', 'idea', 'either', 'helping', 'aunt', 'lucille', 'make', 'thanksgiving', 'dinner', 'passing', 'scene', 'funny', 'infantilethe', 'aunt', 'farming', 'scene', 'particularly', 'funny', 'incredibly', 'childish', 'anyone', 'finding', 'funny', 'must', 'mental', 'age', '12', 'killed', 'really', 'bad', 'necrophilia', 'joke', 'topic', 'people', 'try', 'use', 'get', 'cheap', 'laugh', 'funeral', 'even', 'worse', 'creation', 'jokewe', 'get', '2', 'worst', 'lookalikes', 'whole', 'movie', 'prince', 'charles', 'nelson', 'manila', 'awards', 'ceremony', 'already', 'know', 'infantile', 'stupidly', 'lowbrow', 'movie', 'glanders', 'wins', 'douchebag', 'year', 'award', 'glanders', 'revealed', 'hourglass', 'really', 'bad', 'scene', 'girl', 'manages', 'run', 'past', 'twice', 'directionobviously', 'hourglass', 'failed', 'rescued', 'certain', 'death', 'funny', 'scene', 'whole', 'movie', 'final', 'one']"
soilers well one line summary says neville´s le samurai original elements leon better much betterin samurai melon lonely warrior professional killer keeps bird cage stealing cars jobs much suspense scenes even end exactly samurai seeks death dignity getting shot empty gun hand world changed realizes place samurai itmelon killing many people like ghost dog guess jarmusch liked leon much even desperate rodriguez added let guess girl become professional like ghost dog like natalie potman leonso jarmusch thinking unique original thought moviei can´t see point making carbon celluloid copiesa 410 rating macaulay,negative,"['soilers', 'well', 'one', 'line', 'summary', 'says', 'neville´s', 'le', 'samurai', 'original', 'elements', 'leon', 'better', 'much', 'betterin', 'samurai', 'melon', 'lonely', 'warrior', 'professional', 'killer', 'keeps', 'bird', 'cage', 'stealing', 'cars', 'jobs', 'much', 'suspense', 'scenes', 'even', 'end', 'exactly', 'samurai', 'seeks', 'death', 'dignity', 'getting', 'shot', 'empty', 'gun', 'hand', 'world', 'changed', 'realizes', 'place', 'samurai', 'itmelon', 'killing', 'many', 'people', 'like', 'ghost', 'dog', 'guess', 'jarmusch', 'liked', 'leon', 'much', 'even', 'desperate', 'rodriguez', 'added', 'let', 'guess', 'girl', 'become', 'professional', 'like', 'ghost', 'dog', 'like', 'natalie', 'potman', 'leonso', 'jarmusch', 'thinking', 'unique', 'original', 'thought', 'moviei', 'can´t', 'see', 'point', 'making', 'carbon', 'celluloid', 'copiesa', '410', 'rating', 'macaulay']"
lost largely considered one beautiful series never done lovers mysteries intrigue adventure series first season since first episode starts go increasingly move forward get second season second lose little cocktail mystery expectation pushes reveal various mysteries island hides third season perhaps second beautiful resumed suffered since first episode pace tenacity first season fourth also let pass unnoticed tends reveal little mysteries second season somewhat different fifth season expects,positive,"['lost', 'largely', 'considered', 'one', 'beautiful', 'series', 'never', 'done', 'lovers', 'mysteries', 'intrigue', 'adventure', 'series', 'first', 'season', 'since', 'first', 'episode', 'starts', 'go', 'increasingly', 'move', 'forward', 'get', 'second', 'season', 'second', 'lose', 'little', 'cocktail', 'mystery', 'expectation', 'pushes', 'reveal', 'various', 'mysteries', 'island', 'hides', 'third', 'season', 'perhaps', 'second', 'beautiful', 'resumed', 'suffered', 'since', 'first', 'episode', 'pace', 'tenacity', 'first', 'season', 'fourth', 'also', 'let', 'pass', 'unnoticed', 'tends', 'reveal', 'little', 'mysteries', 'second', 'season', 'somewhat', 'different', 'fifth', 'season', 'expects']"
tough portray tore novel along cinematographic linesand forget obscure production 1967 first time choked ball done grand scale overall sets looked fantastic right touches making successful period dramaprasenjitso used crass commercial stuff made good efforti saw bengal version found aishwariyas voice dubbedwhich made diploe delivery bit poor director good job portraying characters finesseyet little way meaningful plotprobably lack story itselfhowever development characters including minor roles seem strongest pointits tough make tore stories filmsas visual parts seem get realized,positive,"['tough', 'portray', 'tore', 'novel', 'along', 'cinematographic', 'linesand', 'forget', 'obscure', 'production', '1967', 'first', 'time', 'choked', 'ball', 'done', 'grand', 'scale', 'overall', 'sets', 'looked', 'fantastic', 'right', 'touches', 'making', 'successful', 'period', 'dramaprasenjitso', 'used', 'crass', 'commercial', 'stuff', 'made', 'good', 'efforti', 'saw', 'bengal', 'version', 'found', 'aishwariyas', 'voice', 'dubbedwhich', 'made', 'diploe', 'delivery', 'bit', 'poor', 'director', 'good', 'job', 'portraying', 'characters', 'finesseyet', 'little', 'way', 'meaningful', 'plotprobably', 'lack', 'story', 'itselfhowever', 'development', 'characters', 'including', 'minor', 'roles', 'seem', 'strongest', 'pointits', 'tough', 'make', 'tore', 'stories', 'filmsas', 'visual', 'parts', 'seem', 'get', 'realized']"
saw part film sii channel missed ending bought see whole movie I glad dida young mother two daughters move house backwoods area inherited husband died illness run three women make best daughter scout taylorcommon warned local boy hobbies come night ignores since cut friend joins group meanwhile younger daughter whole grace makes friend combine girl age named mary turns mary several kiss died mine 1913 working child labor hobbies attack kill anyone blood relative movie directed js pardon whose previous films include layer 1981 shadowzone 1990 two moves like slightest bit surprised actually enjoyed movie film deliberately paced liked allows get know main characters liable child hobbies used least since george roberts 1968 classic night living dead still found toolusing child hobbies movie interesting would seem pardon finally found right script cast stereotypical scenes tens smoking drinking making marked car boring metaylorcommon also appears halloween make appeared amityville horror 2005 horror film room 6 2006,positive,"['saw', 'part', 'film', 'sii', 'channel', 'missed', 'ending', 'bought', 'see', 'whole', 'movie', 'I', 'glad', 'dida', 'young', 'mother', 'two', 'daughters', 'move', 'house', 'backwoods', 'area', 'inherited', 'husband', 'died', 'illness', 'run', 'three', 'women', 'make', 'best', 'daughter', 'scout', 'taylorcommon', 'warned', 'local', 'boy', 'hobbies', 'come', 'night', 'ignores', 'since', 'cut', 'friend', 'joins', 'group', 'meanwhile', 'younger', 'daughter', 'whole', 'grace', 'makes', 'friend', 'combine', 'girl', 'age', 'named', 'mary', 'turns', 'mary', 'several', 'kiss', 'died', 'mine', '1913', 'working', 'child', 'labor', 'hobbies', 'attack', 'kill', 'anyone', 'blood', 'relative', 'movie', 'directed', 'js', 'pardon', 'whose', 'previous', 'films', 'include', 'layer', '1981', 'shadowzone', '1990', 'two', 'moves', 'like', 'slightest', 'bit', 'surprised', 'actually', 'enjoyed', 'movie', 'film', 'deliberately', 'paced', 'liked', 'allows', 'get', 'know', 'main', 'characters', 'liable', 'child', 'hobbies', 'used', 'least', 'since', 'george', 'roberts', '1968', 'classic', 'night', 'living', 'dead', 'still', 'found', 'toolusing', 'child', 'hobbies', 'movie', 'interesting', 'would', 'seem', 'pardon', 'finally', 'found', 'right', 'script', 'cast', 'stereotypical', 'scenes', 'tens', 'smoking', 'drinking', 'making', 'marked', 'car', 'boring', 'metaylorcommon', 'also', 'appears', 'halloween', 'make', 'appeared', 'amityville', 'horror', '2005', 'horror', 'film', 'room', '6', '2006']"
second best hunting trilogy makes best clever dialoguebags want shoot wait till get homeit kind funny kept going short,positive,"['second', 'best', 'hunting', 'trilogy', 'makes', 'best', 'clever', 'dialoguebags', 'want', 'shoot', 'wait', 'till', 'get', 'homeit', 'kind', 'funny', 'kept', 'going', 'short']"
went great efforts get movie reading comments site really time write reviews felt duty sii horror buff second review written ranula 3000 point movie sucked plain simple kept wondering watching movie wrote lovely comments seen moves bad effects bad acting bad sound name I seen really sucked care much costs cost make moves like ranula 3000 banner whole cast crew arrested jailed time murder way mention movie sucked mean really sucked plot non exist acting weak seems like writer saw pitch black got upset think plot like first decided make gripped version instead suck factor took possessed watch fun pull parts sit burning coats,negative,"['went', 'great', 'efforts', 'get', 'movie', 'reading', 'comments', 'site', 'really', 'time', 'write', 'reviews', 'felt', 'duty', 'sii', 'horror', 'buff', 'second', 'review', 'written', 'ranula', '3000', 'point', 'movie', 'sucked', 'plain', 'simple', 'kept', 'wondering', 'watching', 'movie', 'wrote', 'lovely', 'comments', 'seen', 'moves', 'bad', 'effects', 'bad', 'acting', 'bad', 'sound', 'name', 'I', 'seen', 'really', 'sucked', 'care', 'much', 'costs', 'cost', 'make', 'moves', 'like', 'ranula', '3000', 'banner', 'whole', 'cast', 'crew', 'arrested', 'jailed', 'time', 'murder', 'way', 'mention', 'movie', 'sucked', 'mean', 'really', 'sucked', 'plot', 'non', 'exist', 'acting', 'weak', 'seems', 'like', 'writer', 'saw', 'pitch', 'black', 'got', 'upset', 'think', 'plot', 'like', 'first', 'decided', 'make', 'gripped', 'version', 'instead', 'suck', 'factor', 'took', 'possessed', 'watch', 'fun', 'pull', 'parts', 'sit', 'burning', 'coats']"
remember watching film 1981 7 absolutely brilliant found couple months ago nearly jumping glee bought showed kiss loved asked words seashore singing tell though think telling words gay ecstasy 6 year old kiss good printing songs brilliant still remember I still remember I 60 near tommy tender brilliant actor pity gave upif find film buy love,positive,"['remember', 'watching', 'film', '1981', '7', 'absolutely', 'brilliant', 'found', 'couple', 'months', 'ago', 'nearly', 'jumping', 'glee', 'bought', 'showed', 'kiss', 'loved', 'asked', 'words', 'seashore', 'singing', 'tell', 'though', 'think', 'telling', 'words', 'gay', 'ecstasy', '6', 'year', 'old', 'kiss', 'good', 'printing', 'songs', 'brilliant', 'still', 'remember', 'I', 'still', 'remember', 'I', '60', 'near', 'tommy', 'tender', 'brilliant', 'actor', 'pity', 'gave', 'upif', 'find', 'film', 'buy', 'love']"
man hilarious comedy stupid would made realizing pile stand much easier seriously want anyone associated movie based effective immediately everyone thinking watching movie lets go plot points oh wait literally plot think caper van die bored decided film something random someone miraculous somehow got videotape movie literally worst movie time believe go watch man dare prepared gouge eyes sit without blowing cow strong courageous,negative,"['man', 'hilarious', 'comedy', 'stupid', 'would', 'made', 'realizing', 'pile', 'stand', 'much', 'easier', 'seriously', 'want', 'anyone', 'associated', 'movie', 'based', 'effective', 'immediately', 'everyone', 'thinking', 'watching', 'movie', 'lets', 'go', 'plot', 'points', 'oh', 'wait', 'literally', 'plot', 'think', 'caper', 'van', 'die', 'bored', 'decided', 'film', 'something', 'random', 'someone', 'miraculous', 'somehow', 'got', 'videotape', 'movie', 'literally', 'worst', 'movie', 'time', 'believe', 'go', 'watch', 'man', 'dare', 'prepared', 'gouge', 'eyes', 'sit', 'without', 'blowing', 'cow', 'strong', 'courageous']"
russia ordinary teenager vera natalya nevada lives leisure life drunkard father simpleton mother without working waiting calling technical course telephone operator brother victor aleksandr negreba lives moscow family occasionally visits dysfunctional family vera always motive arguing vera meets student university sergey andrew sokolov fall love decide get married sergey moves veras house lives conflict father relationship leads family tragedyi seen malenkaya vera liked lot deep family drama familiarized life style former us unusual behavior found interesting first one victor tells vera conceived parents wanted wanted move larger apartment another one family goes beach truck many difficulties veras family friends repression park situations pictured movie common third world countries low budget movie welldirected story profound real cast great performances actress natalya nevada beautiful cover brazilian vs released sages distributor information natalya nevada centerfold playboy magazine sure precise subtitles portuguese since many long sentences spoken russian limited short translation words vote seventitle brazil pequena vera little vera,positive,"['russia', 'ordinary', 'teenager', 'vera', 'natalya', 'nevada', 'lives', 'leisure', 'life', 'drunkard', 'father', 'simpleton', 'mother', 'without', 'working', 'waiting', 'calling', 'technical', 'course', 'telephone', 'operator', 'brother', 'victor', 'aleksandr', 'negreba', 'lives', 'moscow', 'family', 'occasionally', 'visits', 'dysfunctional', 'family', 'vera', 'always', 'motive', 'arguing', 'vera', 'meets', 'student', 'university', 'sergey', 'andrew', 'sokolov', 'fall', 'love', 'decide', 'get', 'married', 'sergey', 'moves', 'veras', 'house', 'lives', 'conflict', 'father', 'relationship', 'leads', 'family', 'tragedyi', 'seen', 'malenkaya', 'vera', 'liked', 'lot', 'deep', 'family', 'drama', 'familiarized', 'life', 'style', 'former', 'us', 'unusual', 'behavior', 'found', 'interesting', 'first', 'one', 'victor', 'tells', 'vera', 'conceived', 'parents', 'wanted', 'wanted', 'move', 'larger', 'apartment', 'another', 'one', 'family', 'goes', 'beach', 'truck', 'many', 'difficulties', 'veras', 'family', 'friends', 'repression', 'park', 'situations', 'pictured', 'movie', 'common', 'third', 'world', 'countries', 'low', 'budget', 'movie', 'welldirected', 'story', 'profound', 'real', 'cast', 'great', 'performances', 'actress', 'natalya', 'nevada', 'beautiful', 'cover', 'brazilian', 'vs', 'released', 'sages', 'distributor', 'information', 'natalya', 'nevada', 'centerfold', 'playboy', 'magazine', 'sure', 'precise', 'subtitles', 'portuguese', 'since', 'many', 'long', 'sentences', 'spoken', 'russian', 'limited', 'short', 'translation', 'words', 'vote', 'seventitle', 'brazil', 'pequena', 'vera', 'little', 'vera']"
movie disappointment story essentially shining castle cheap set masquerading castle specific substituting hotel monster instead ghosts budget You would see cinema software worn photography sets lighting video shot story failed attempt sincerity easier way make audience feel sympathetic characters show experiencing emotional trauma trauma movie pretty trite want example blind girl listening language tape teaching italian words colors begins cry never seethis movie things going however monster actually pretty cool pretty scarlooking pretty decent amount unity raffaella offidani star italian exotic films however leaves much desired acting even experienced geoffrey combsother I seen two stuart gordon films reanimated beyond outstanding let little footnotes career keep watching many moves,negative,"['movie', 'disappointment', 'story', 'essentially', 'shining', 'castle', 'cheap', 'set', 'masquerading', 'castle', 'specific', 'substituting', 'hotel', 'monster', 'instead', 'ghosts', 'budget', 'You', 'would', 'see', 'cinema', 'software', 'worn', 'photography', 'sets', 'lighting', 'video', 'shot', 'story', 'failed', 'attempt', 'sincerity', 'easier', 'way', 'make', 'audience', 'feel', 'sympathetic', 'characters', 'show', 'experiencing', 'emotional', 'trauma', 'trauma', 'movie', 'pretty', 'trite', 'want', 'example', 'blind', 'girl', 'listening', 'language', 'tape', 'teaching', 'italian', 'words', 'colors', 'begins', 'cry', 'never', 'seethis', 'movie', 'things', 'going', 'however', 'monster', 'actually', 'pretty', 'cool', 'pretty', 'scarlooking', 'pretty', 'decent', 'amount', 'unity', 'raffaella', 'offidani', 'star', 'italian', 'exotic', 'films', 'however', 'leaves', 'much', 'desired', 'acting', 'even', 'experienced', 'geoffrey', 'combsother', 'I', 'seen', 'two', 'stuart', 'gordon', 'films', 'reanimated', 'beyond', 'outstanding', 'let', 'little', 'footnotes', 'career', 'keep', 'watching', 'many', 'moves']"
dukes hazard academy awards best actor actress 4 persons say straight face great moviethis movie torture watch sad weekly half hour entertainment destroyed amateurthe good thing cap car remember daisy real threat look ward 2 moon decided jessica simpson hot know act come show daisy fox brunetteall members contributed waste time please please please even think making sequel sequel anything got 2 former showi gave empty movie could burned 4 sat trough want money back,negative,"['dukes', 'hazard', 'academy', 'awards', 'best', 'actor', 'actress', '4', 'persons', 'say', 'straight', 'face', 'great', 'moviethis', 'movie', 'torture', 'watch', 'sad', 'weekly', 'half', 'hour', 'entertainment', 'destroyed', 'amateurthe', 'good', 'thing', 'cap', 'car', 'remember', 'daisy', 'real', 'threat', 'look', 'ward', '2', 'moon', 'decided', 'jessica', 'simpson', 'hot', 'know', 'act', 'come', 'show', 'daisy', 'fox', 'brunetteall', 'members', 'contributed', 'waste', 'time', 'please', 'please', 'please', 'even', 'think', 'making', 'sequel', 'sequel', 'anything', 'got', '2', 'former', 'showi', 'gave', 'empty', 'movie', 'could', 'burned', '4', 'sat', 'trough', 'want', 'money', 'back']"
good showthe basic background humanity crossroads set moral dilemma faced mankind made number technological breakthroughs mankind mature enough deal new toys moral decadence virtual world religious lunatics willing kill get attention predict based big background issue colony slavery addition problems humans bring upon ourselvesthis show big least far mankind run ruthless problem ultimately making lot shootemup spacebased special effects either least first episodes seen farwhat good stories characters themes also good performances actors make culture similar modernday society alien time completely believable like big show humanity strength weaknesses potential flaws may seem little odd human society different set worlds necktie antique cars chicken things really create semifamiliar background anything else anyone gets stuck details really missing point whether maniastyle culture affluent highteach culture humans human nature different 150000 years ago highteach past see world today wonder writers trying tell us something,positive,"['good', 'showthe', 'basic', 'background', 'humanity', 'crossroads', 'set', 'moral', 'dilemma', 'faced', 'mankind', 'made', 'number', 'technological', 'breakthroughs', 'mankind', 'mature', 'enough', 'deal', 'new', 'toys', 'moral', 'decadence', 'virtual', 'world', 'religious', 'lunatics', 'willing', 'kill', 'get', 'attention', 'predict', 'based', 'big', 'background', 'issue', 'colony', 'slavery', 'addition', 'problems', 'humans', 'bring', 'upon', 'ourselvesthis', 'show', 'big', 'least', 'far', 'mankind', 'run', 'ruthless', 'problem', 'ultimately', 'making', 'lot', 'shootemup', 'spacebased', 'special', 'effects', 'either', 'least', 'first', 'episodes', 'seen', 'farwhat', 'good', 'stories', 'characters', 'themes', 'also', 'good', 'performances', 'actors', 'make', 'culture', 'similar', 'modernday', 'society', 'alien', 'time', 'completely', 'believable', 'like', 'big', 'show', 'humanity', 'strength', 'weaknesses', 'potential', 'flaws', 'may', 'seem', 'little', 'odd', 'human', 'society', 'different', 'set', 'worlds', 'necktie', 'antique', 'cars', 'chicken', 'things', 'really', 'create', 'semifamiliar', 'background', 'anything', 'else', 'anyone', 'gets', 'stuck', 'details', 'really', 'missing', 'point', 'whether', 'maniastyle', 'culture', 'affluent', 'highteach', 'culture', 'humans', 'human', 'nature', 'different', '150000', 'years', 'ago', 'highteach', 'past', 'see', 'world', 'today', 'wonder', 'writers', 'trying', 'tell', 'us', 'something']"
quote used summary occurs halfway good earth captain chinese revolutionary army played philip apologize mob time shoot looters among unit called back front lines course next looted found shot main character film former kitchen slave girl oan whose portray lise trainer 99yearsold second consecutive best actress oscarthe next scene finds oan dutifully delivering bag looted jewels underappreciative husband farmer want lung paul mundi setting motion classic dichotomy mans upward financial mobility direct inverse moral declinefor movie dealing subject matter including slavery false accusations misogyny starvation home invasion eating family pets mental retaliation infanticide exploited refugees riots civil war summary mass street executions binary childbeating adultery invest insect plague biblical proportions good earth surprisingly heartwarming moviemy parting thought form another classic quote oan putting precious soup bone son admitted stealing old woman back cooking pot husband want lung angrily tossed dirt floor side hut meat meat,positive,"['quote', 'used', 'summary', 'occurs', 'halfway', 'good', 'earth', 'captain', 'chinese', 'revolutionary', 'army', 'played', 'philip', 'apologize', 'mob', 'time', 'shoot', 'looters', 'among', 'unit', 'called', 'back', 'front', 'lines', 'course', 'next', 'looted', 'found', 'shot', 'main', 'character', 'film', 'former', 'kitchen', 'slave', 'girl', 'oan', 'whose', 'portray', 'lise', 'trainer', '99yearsold', 'second', 'consecutive', 'best', 'actress', 'oscarthe', 'next', 'scene', 'finds', 'oan', 'dutifully', 'delivering', 'bag', 'looted', 'jewels', 'underappreciative', 'husband', 'farmer', 'want', 'lung', 'paul', 'mundi', 'setting', 'motion', 'classic', 'dichotomy', 'mans', 'upward', 'financial', 'mobility', 'direct', 'inverse', 'moral', 'declinefor', 'movie', 'dealing', 'subject', 'matter', 'including', 'slavery', 'false', 'accusations', 'misogyny', 'starvation', 'home', 'invasion', 'eating', 'family', 'pets', 'mental', 'retaliation', 'infanticide', 'exploited', 'refugees', 'riots', 'civil', 'war', 'summary', 'mass', 'street', 'executions', 'binary', 'childbeating', 'adultery', 'invest', 'insect', 'plague', 'biblical', 'proportions', 'good', 'earth', 'surprisingly', 'heartwarming', 'moviemy', 'parting', 'thought', 'form', 'another', 'classic', 'quote', 'oan', 'putting', 'precious', 'soup', 'bone', 'son', 'admitted', 'stealing', 'old', 'woman', 'back', 'cooking', 'pot', 'husband', 'want', 'lung', 'angrily', 'tossed', 'dirt', 'floor', 'side', 'hut', 'meat', 'meat']"
loved todays show variety solely cooking would great stimulating captivating always keeping viewer seeking around corner see coming next earth personal get like one us made show enjoyable special guests friends well made nice surprise loved first theme audience invited play along must admit shocked see come time limits things folly I writing recipe saving time kitchen means time family tuned yet find channel time assure disappointed,positive,"['loved', 'todays', 'show', 'variety', 'solely', 'cooking', 'would', 'great', 'stimulating', 'captivating', 'always', 'keeping', 'viewer', 'seeking', 'around', 'corner', 'see', 'coming', 'next', 'earth', 'personal', 'get', 'like', 'one', 'us', 'made', 'show', 'enjoyable', 'special', 'guests', 'friends', 'well', 'made', 'nice', 'surprise', 'loved', 'first', 'theme', 'audience', 'invited', 'play', 'along', 'must', 'admit', 'shocked', 'see', 'come', 'time', 'limits', 'things', 'folly', 'I', 'writing', 'recipe', 'saving', 'time', 'kitchen', 'means', 'time', 'family', 'tuned', 'yet', 'find', 'channel', 'time', 'assure', 'disappointed']"
spoiled fifth paragraph amazingly frank uphut uphut picture 1955 otto reminder carlyle productions took chance making motion picture association america balked terrifying film openly shows june jobbing syringe full heroin arm frank intra took chance playing addicted musician falling flat face role required least twice much acting hed ever done gambler paid movie classic though perfectnelson agrees novel may great far much going fit comfortably two hour movie man golden arm 119 minutes often feels much longer however opinion france machine intra makes film characters subplots involving france ultimately france addition everyone everything seems dependent feels keenly pressure gets much drums start founding soundtrack france steps across street welldressed friend louisit exaggeration say frank intras music career ever really doldrums early 50s limbo days pouring big bands las began era eternity established serious actor career singer resounded well man golden arm still significant challenge whole show sinks swims performance pulls skill several minutes time forgot watching frank intra must known june musicians exploited knowledge utmostset side side billy widers masterpiece lost weekend emphasis sociological causes addition man golden arm whereas birney ray millard lost weekend seems struggle mostly france machine beset external forces takes refuge needle neither approach wholly right wrong mostly addition impossible fully explain seems like film might benefited little insight frances internal struggle spoiled one problems film clicked reliance quitting cold turkey realize man golden arm probably setting trend rather following make better beginning movie france appearances kicked habit help doctor treatment facility sort naturally drama film requires backslide found allamerican ideal man face problems alone maybe help good woman place going cold turkey riding sunset nova seemed realistic end lost weekend similar opinion little less rosy,positive,"['spoiled', 'fifth', 'paragraph', 'amazingly', 'frank', 'uphut', 'uphut', 'picture', '1955', 'otto', 'reminder', 'carlyle', 'productions', 'took', 'chance', 'making', 'motion', 'picture', 'association', 'america', 'balked', 'terrifying', 'film', 'openly', 'shows', 'june', 'jobbing', 'syringe', 'full', 'heroin', 'arm', 'frank', 'intra', 'took', 'chance', 'playing', 'addicted', 'musician', 'falling', 'flat', 'face', 'role', 'required', 'least', 'twice', 'much', 'acting', 'hed', 'ever', 'done', 'gambler', 'paid', 'movie', 'classic', 'though', 'perfectnelson', 'agrees', 'novel', 'may', 'great', 'far', 'much', 'going', 'fit', 'comfortably', 'two', 'hour', 'movie', 'man', 'golden', 'arm', '119', 'minutes', 'often', 'feels', 'much', 'longer', 'however', 'opinion', 'france', 'machine', 'intra', 'makes', 'film', 'characters', 'subplots', 'involving', 'france', 'ultimately', 'france', 'addition', 'everyone', 'everything', 'seems', 'dependent', 'feels', 'keenly', 'pressure', 'gets', 'much', 'drums', 'start', 'founding', 'soundtrack', 'france', 'steps', 'across', 'street', 'welldressed', 'friend', 'louisit', 'exaggeration', 'say', 'frank', 'intras', 'music', 'career', 'ever', 'really', 'doldrums', 'early', '50s', 'limbo', 'days', 'pouring', 'big', 'bands', 'las', 'began', 'era', 'eternity', 'established', 'serious', 'actor', 'career', 'singer', 'resounded', 'well', 'man', 'golden', 'arm', 'still', 'significant', 'challenge', 'whole', 'show', 'sinks', 'swims', 'performance', 'pulls', 'skill', 'several', 'minutes', 'time', 'forgot', 'watching', 'frank', 'intra', 'must', 'known', 'june', 'musicians', 'exploited', 'knowledge', 'utmostset', 'side', 'side', 'billy', 'widers', 'masterpiece', 'lost', 'weekend', 'emphasis', 'sociological', 'causes', 'addition', 'man', 'golden', 'arm', 'whereas', 'birney', 'ray', 'millard', 'lost', 'weekend', 'seems', 'struggle', 'mostly', 'france', 'machine', 'beset', 'external', 'forces', 'takes', 'refuge', 'needle', 'neither', 'approach', 'wholly', 'right', 'wrong', 'mostly', 'addition', 'impossible', 'fully', 'explain', 'seems', 'like', 'film', 'might', 'benefited', 'little', 'insight', 'frances', 'internal', 'struggle', 'spoiled', 'one', 'problems', 'film', 'clicked', 'reliance', 'quitting', 'cold', 'turkey', 'realize', 'man', 'golden', 'arm', 'probably', 'setting', 'trend', 'rather', 'following', 'make', 'better', 'beginning', 'movie', 'france', 'appearances', 'kicked', 'habit', 'help', 'doctor', 'treatment', 'facility', 'sort', 'naturally', 'drama', 'film', 'requires', 'backslide', 'found', 'allamerican', 'ideal', 'man', 'face', 'problems', 'alone', 'maybe', 'help', 'good', 'woman', 'place', 'going', 'cold', 'turkey', 'riding', 'sunset', 'nova', 'seemed', 'realistic', 'end', 'lost', 'weekend', 'similar', 'opinion', 'little', 'less', 'rosy']"
wife rented movie conveniently never got see ever want torture make watch movie I watched many moves 4 year old take almost anything barley refreshing shot quincey plot diploe cinematography acting one step equal cheap worn film feel created 369 paid rent 90 minutes life never get back say 4 year old liked luckily rental return right awayi hope younger actors careers ruined movie,negative,"['wife', 'rented', 'movie', 'conveniently', 'never', 'got', 'see', 'ever', 'want', 'torture', 'make', 'watch', 'movie', 'I', 'watched', 'many', 'moves', '4', 'year', 'old', 'take', 'almost', 'anything', 'barley', 'refreshing', 'shot', 'quincey', 'plot', 'diploe', 'cinematography', 'acting', 'one', 'step', 'equal', 'cheap', 'worn', 'film', 'feel', 'created', '369', 'paid', 'rent', '90', 'minutes', 'life', 'never', 'get', 'back', 'say', '4', 'year', 'old', 'liked', 'luckily', 'rental', 'return', 'right', 'awayi', 'hope', 'younger', 'actors', 'careers', 'ruined', 'movie']"
film heart right place unfortunately much film documentary guise narrative bamboo basically newspaper oped piece put celluloid however average wellresearches oped piece far covent concise anything presented filmmaker trying relay viewer hardships african life particular country male due ethical practices go world bank using setting mock trial aforementioned extra 10 minutes dispersed throughout film makes halfhearted attempt narrative plot bizarre hollywood westernstyle shootout scene director seems quite pleased cleverness hence frequent toward comparisonsof course film begins trial never explained know french refuse spoonfeed audiencethere many impassioned arguments made often longminded delivered shrill monotony one becomes quite easy tune awhile light specific last point frustration since wellreasoned specific case made institutions trial unfortunately get 2 hours go evil oppressors forgive rdworld debt given occasional hint specific reasons organizations trial guilty never clear case mocktrial arguments forage surrounding village makes suffering african residents clear one wonders must sit 2 hours far precise picture could painted 20minute newsweek article bill moyens episode end something important said issue simply presented well clearly pretensions indulgent piece,negative,"['film', 'heart', 'right', 'place', 'unfortunately', 'much', 'film', 'documentary', 'guise', 'narrative', 'bamboo', 'basically', 'newspaper', 'oped', 'piece', 'put', 'celluloid', 'however', 'average', 'wellresearches', 'oped', 'piece', 'far', 'covent', 'concise', 'anything', 'presented', 'filmmaker', 'trying', 'relay', 'viewer', 'hardships', 'african', 'life', 'particular', 'country', 'male', 'due', 'ethical', 'practices', 'go', 'world', 'bank', 'using', 'setting', 'mock', 'trial', 'aforementioned', 'extra', '10', 'minutes', 'dispersed', 'throughout', 'film', 'makes', 'halfhearted', 'attempt', 'narrative', 'plot', 'bizarre', 'hollywood', 'westernstyle', 'shootout', 'scene', 'director', 'seems', 'quite', 'pleased', 'cleverness', 'hence', 'frequent', 'toward', 'comparisonsof', 'course', 'film', 'begins', 'trial', 'never', 'explained', 'know', 'french', 'refuse', 'spoonfeed', 'audiencethere', 'many', 'impassioned', 'arguments', 'made', 'often', 'longminded', 'delivered', 'shrill', 'monotony', 'one', 'becomes', 'quite', 'easy', 'tune', 'awhile', 'light', 'specific', 'last', 'point', 'frustration', 'since', 'wellreasoned', 'specific', 'case', 'made', 'institutions', 'trial', 'unfortunately', 'get', '2', 'hours', 'go', 'evil', 'oppressors', 'forgive', 'rdworld', 'debt', 'given', 'occasional', 'hint', 'specific', 'reasons', 'organizations', 'trial', 'guilty', 'never', 'clear', 'case', 'mocktrial', 'arguments', 'forage', 'surrounding', 'village', 'makes', 'suffering', 'african', 'residents', 'clear', 'one', 'wonders', 'must', 'sit', '2', 'hours', 'far', 'precise', 'picture', 'could', 'painted', '20minute', 'newsweek', 'article', 'bill', 'moyens', 'episode', 'end', 'something', 'important', 'said', 'issue', 'simply', 'presented', 'well', 'clearly', 'pretensions', 'indulgent', 'piece']"
ever babysat house know saw original enjoyed good choice ignoring reviews posted went ahead rented movie memories original scared movie coursechanged original story relate today tens babysitter trouble going cell phone minutes take babysitting job pay bill however sticks original story line pretty well relate babysitter knowing house usual pips cracks quite suspenseful killer shown creep find yelling girl get house never babysat situation like probably able relate like understanding fear,positive,"['ever', 'babysat', 'house', 'know', 'saw', 'original', 'enjoyed', 'good', 'choice', 'ignoring', 'reviews', 'posted', 'went', 'ahead', 'rented', 'movie', 'memories', 'original', 'scared', 'movie', 'coursechanged', 'original', 'story', 'relate', 'today', 'tens', 'babysitter', 'trouble', 'going', 'cell', 'phone', 'minutes', 'take', 'babysitting', 'job', 'pay', 'bill', 'however', 'sticks', 'original', 'story', 'line', 'pretty', 'well', 'relate', 'babysitter', 'knowing', 'house', 'usual', 'pips', 'cracks', 'quite', 'suspenseful', 'killer', 'shown', 'creep', 'find', 'yelling', 'girl', 'get', 'house', 'never', 'babysat', 'situation', 'like', 'probably', 'able', 'relate', 'like', 'understanding', 'fear']"
battle page certainly find watching movie gathered sources ms page highly demand postworld war ii period queen naughty pictures exactly film depict never get know battle woman though childhood tennessee combination evangelical christian upbringing sordid home life hinted film glasses personal life gets right purpose film naughty pictures characters introduced abandoned within frames frame frame battle point brass battle girdle stockings battle bondageetc movie sides black white color every time ms page visits mimi beach back shades gray life new york go wretched vol portray battle one dimwitted young ladies could ever meet battle confided friend missed high school valedictorian getting rather one assume two students senior class interesting part movie quaint ms pages naughty photo seem 2007 truly sad seeing woman trusted like pig spit would even get hit space tube I sure movie written poorly grazed editor cut thing shreds would recommend source persons studying history odd undergarments,negative,"['battle', 'page', 'certainly', 'find', 'watching', 'movie', 'gathered', 'sources', 'ms', 'page', 'highly', 'demand', 'postworld', 'war', 'ii', 'period', 'queen', 'naughty', 'pictures', 'exactly', 'film', 'depict', 'never', 'get', 'know', 'battle', 'woman', 'though', 'childhood', 'tennessee', 'combination', 'evangelical', 'christian', 'upbringing', 'sordid', 'home', 'life', 'hinted', 'film', 'glasses', 'personal', 'life', 'gets', 'right', 'purpose', 'film', 'naughty', 'pictures', 'characters', 'introduced', 'abandoned', 'within', 'frames', 'frame', 'frame', 'battle', 'point', 'brass', 'battle', 'girdle', 'stockings', 'battle', 'bondageetc', 'movie', 'sides', 'black', 'white', 'color', 'every', 'time', 'ms', 'page', 'visits', 'mimi', 'beach', 'back', 'shades', 'gray', 'life', 'new', 'york', 'go', 'wretched', 'vol', 'portray', 'battle', 'one', 'dimwitted', 'young', 'ladies', 'could', 'ever', 'meet', 'battle', 'confided', 'friend', 'missed', 'high', 'school', 'valedictorian', 'getting', 'rather', 'one', 'assume', 'two', 'students', 'senior', 'class', 'interesting', 'part', 'movie', 'quaint', 'ms', 'pages', 'naughty', 'photo', 'seem', '2007', 'truly', 'sad', 'seeing', 'woman', 'trusted', 'like', 'pig', 'spit', 'would', 'even', 'get', 'hit', 'space', 'tube', 'I', 'sure', 'movie', 'written', 'poorly', 'grazed', 'editor', 'cut', 'thing', 'shreds', 'would', 'recommend', 'source', 'persons', 'studying', 'history', 'odd', 'undergarments']"
look cover read stuff entirely different type movie comes mind get maybe read summary movie called mausolem instead two moves title released time fearing plots key elements common however reading stuff movie know saw one one movie even less one would imagine movie title would honest expect combine type picture get movie degree however stuff involving occur strange powers opening scene people taken away coroner beginning film fattest movie also old theme kiss going somewhere belong crazy party case fact mausoleum movie think really key feature playing prominent role movie see score one higher still movie expecting,negative,"['look', 'cover', 'read', 'stuff', 'entirely', 'different', 'type', 'movie', 'comes', 'mind', 'get', 'maybe', 'read', 'summary', 'movie', 'called', 'mausolem', 'instead', 'two', 'moves', 'title', 'released', 'time', 'fearing', 'plots', 'key', 'elements', 'common', 'however', 'reading', 'stuff', 'movie', 'know', 'saw', 'one', 'one', 'movie', 'even', 'less', 'one', 'would', 'imagine', 'movie', 'title', 'would', 'honest', 'expect', 'combine', 'type', 'picture', 'get', 'movie', 'degree', 'however', 'stuff', 'involving', 'occur', 'strange', 'powers', 'opening', 'scene', 'people', 'taken', 'away', 'coroner', 'beginning', 'film', 'fattest', 'movie', 'also', 'old', 'theme', 'kiss', 'going', 'somewhere', 'belong', 'crazy', 'party', 'case', 'fact', 'mausoleum', 'movie', 'think', 'really', 'key', 'feature', 'playing', 'prominent', 'role', 'movie', 'see', 'score', 'one', 'higher', 'still', 'movie', 'expecting']"
oh end like laurel hardys last film rudely crackedup cuckoo theme erroneous credit reach closing nice messi could help stick grotesque party relationship solely constructed uncertain acting quinine dialogue halfhearted slapstick people slate king new york chaplains final bowout nowhere near undignified thiswhat really hurts someone loves laurel hardy appearance two comedian video cover I holding shows prime boyish smiles glowing skin blurt back reads photograph sleeve illustration purposes necessarily reflect content film necessarily even come close actual film sees least fifteen years older photographs adorn sleeve lie distressing overnight humorously nominally fat would normally appear ill looking verge obesity would dead seven years film made series strokes stand meanwhile suffering prostrate problem dysentery looks ghoulish weight plummeted practically every time something bad happens getting smashed lifeboat table fear life even lie giving traditional slap makes terrified could killed would last another fifteen years completion film eventually passing away heart attack 1965 upsetting think cherished performer growing old dying painful deaths distressing watching deterioration health performance screen I sure almost everyone else likes think laurel hardy think way west busy bodies relations seeing physical ill health performing dire routine dogend career blight happy memories themthe warning signs clear right opening credits list four writers also someone come concept credit gas money collins writing gas four writing case money collins paid fee given evidence single gag whole film 40 movie spent travelling anonymous island experience painfully funny scenes boys ever involved saw bat scene wanted curl die great childish ineptitude yet kills film stone dead support cast dubbed unable speak english make film disjointed also severely depleted stand lies reactions costars flatly directed appalling film stock absolutely atrocious editing totally belief rumored 2 million spent frankly looks terrible release might clean picture sound image quality lastly inferior reach workstand lies friends giovani anyone charismafree boris stand greatly laurel hardys outdated repertoire another major problem film none supporting characters funny eyed boys innocent mentality dubbed harness shown l h fat one makes stand isolated social visits rather movable subanarchists evidence darker political satire though duck soup concept island rules interesting topic perhaps relevant ever film looks problems immigration american constitution suddenly becomes topical 2003 sadly however beyond amusing scene stand elected people really go anywhere somewhat black humour harsh edges laurel hardy movie rape directly implied stand threatens man bottle accidentally glass someone face idea good time years stand lie sharing bed also get definite reference stand accidentally kissing lie wiped kiss disgust also worrying implication stand lies illegal immigrant friend anyone ends life eaten lion mind never thought I would see laurel hardy movie due hanged either need intrusion funny narration pointer mess whole thing american release version available video hacking 16 minutes vain attempt improve italmost completely unwatchable horrifically made relentlessly funny movie serves varnish reputation stand lie avoid costs,negative,"['oh', 'end', 'like', 'laurel', 'hardys', 'last', 'film', 'rudely', 'crackedup', 'cuckoo', 'theme', 'erroneous', 'credit', 'reach', 'closing', 'nice', 'messi', 'could', 'help', 'stick', 'grotesque', 'party', 'relationship', 'solely', 'constructed', 'uncertain', 'acting', 'quinine', 'dialogue', 'halfhearted', 'slapstick', 'people', 'slate', 'king', 'new', 'york', 'chaplains', 'final', 'bowout', 'nowhere', 'near', 'undignified', 'thiswhat', 'really', 'hurts', 'someone', 'loves', 'laurel', 'hardy', 'appearance', 'two', 'comedian', 'video', 'cover', 'I', 'holding', 'shows', 'prime', 'boyish', 'smiles', 'glowing', 'skin', 'blurt', 'back', 'reads', 'photograph', 'sleeve', 'illustration', 'purposes', 'necessarily', 'reflect', 'content', 'film', 'necessarily', 'even', 'come', 'close', 'actual', 'film', 'sees', 'least', 'fifteen', 'years', 'older', 'photographs', 'adorn', 'sleeve', 'lie', 'distressing', 'overnight', 'humorously', 'nominally', 'fat', 'would', 'normally', 'appear', 'ill', 'looking', 'verge', 'obesity', 'would', 'dead', 'seven', 'years', 'film', 'made', 'series', 'strokes', 'stand', 'meanwhile', 'suffering', 'prostrate', 'problem', 'dysentery', 'looks', 'ghoulish', 'weight', 'plummeted', 'practically', 'every', 'time', 'something', 'bad', 'happens', 'getting', 'smashed', 'lifeboat', 'table', 'fear', 'life', 'even', 'lie', 'giving', 'traditional', 'slap', 'makes', 'terrified', 'could', 'killed', 'would', 'last', 'another', 'fifteen', 'years', 'completion', 'film', 'eventually', 'passing', 'away', 'heart', 'attack', '1965', 'upsetting', 'think', 'cherished', 'performer', 'growing', 'old', 'dying', 'painful', 'deaths', 'distressing', 'watching', 'deterioration', 'health', 'performance', 'screen', 'I', 'sure', 'almost', 'everyone', 'else', 'likes', 'think', 'laurel', 'hardy', 'think', 'way', 'west', 'busy', 'bodies', 'relations', 'seeing', 'physical', 'ill', 'health', 'performing', 'dire', 'routine', 'dogend', 'career', 'blight', 'happy', 'memories', 'themthe', 'warning', 'signs', 'clear', 'right', 'opening', 'credits', 'list', 'four', 'writers', 'also', 'someone', 'come', 'concept', 'credit', 'gas', 'money', 'collins', 'writing', 'gas', 'four', 'writing', 'case', 'money', 'collins', 'paid', 'fee', 'given', 'evidence', 'single', 'gag', 'whole', 'film', '40', 'movie', 'spent', 'travelling', 'anonymous', 'island', 'experience', 'painfully', 'funny', 'scenes', 'boys', 'ever', 'involved', 'saw', 'bat', 'scene', 'wanted', 'curl', 'die', 'great', 'childish', 'ineptitude', 'yet', 'kills', 'film', 'stone', 'dead', 'support', 'cast', 'dubbed', 'unable', 'speak', 'english', 'make', 'film', 'disjointed', 'also', 'severely', 'depleted', 'stand', 'lies', 'reactions', 'costars', 'flatly', 'directed', 'appalling', 'film', 'stock', 'absolutely', 'atrocious', 'editing', 'totally', 'belief', 'rumored', '2', 'million', 'spent', 'frankly', 'looks', 'terrible', 'release', 'might', 'clean', 'picture', 'sound', 'image', 'quality', 'lastly', 'inferior', 'reach', 'workstand', 'lies', 'friends', 'giovani', 'anyone', 'charismafree', 'boris', 'stand', 'greatly', 'laurel', 'hardys', 'outdated', 'repertoire', 'another', 'major', 'problem', 'film', 'none', 'supporting', 'characters', 'funny', 'eyed', 'boys', 'innocent', 'mentality', 'dubbed', 'harness', 'shown', 'l', 'h', 'fat', 'one', 'makes', 'stand', 'isolated', 'social', 'visits', 'rather', 'movable', 'subanarchists', 'evidence', 'darker', 'political', 'satire', 'though', 'duck', 'soup', 'concept', 'island', 'rules', 'interesting', 'topic', 'perhaps', 'relevant', 'ever', 'film', 'looks', 'problems', 'immigration', 'american', 'constitution', 'suddenly', 'becomes', 'topical', '2003', 'sadly', 'however', 'beyond', 'amusing', 'scene', 'stand', 'elected', 'people', 'really', 'go', 'anywhere', 'somewhat', 'black', 'humour', 'harsh', 'edges', 'laurel', 'hardy', 'movie', 'rape', 'directly', 'implied', 'stand', 'threatens', 'man', 'bottle', 'accidentally', 'glass', 'someone', 'face', 'idea', 'good', 'time', 'years', 'stand', 'lie', 'sharing', 'bed', 'also', 'get', 'definite', 'reference', 'stand', 'accidentally', 'kissing', 'lie', 'wiped', 'kiss', 'disgust', 'also', 'worrying', 'implication', 'stand', 'lies', 'illegal', 'immigrant', 'friend', 'anyone', 'ends', 'life', 'eaten', 'lion', 'mind', 'never', 'thought', 'I', 'would', 'see', 'laurel', 'hardy', 'movie', 'due', 'hanged', 'either', 'need', 'intrusion', 'funny', 'narration', 'pointer', 'mess', 'whole', 'thing', 'american', 'release', 'version', 'available', 'video', 'hacking', '16', 'minutes', 'vain', 'attempt', 'improve', 'italmost', 'completely', 'unwatchable', 'horrifically', 'made', 'relentlessly', 'funny', 'movie', 'serves', 'varnish', 'reputation', 'stand', 'lie', 'avoid', 'costs']"
charlottes deadly beauty lethal kicks make movie cooper itd otherwisethe story poor charlottes character dies foolish way wonder thiss ending thought movie wish somebody could tell alternative ending exists fear rest cut well I would say simply act well although blame put poor scriptthis movie reminds rush hour 2 hang iii dies absurd way since one stolen show whole movie could give movie 25,negative,"['charlottes', 'deadly', 'beauty', 'lethal', 'kicks', 'make', 'movie', 'cooper', 'itd', 'otherwisethe', 'story', 'poor', 'charlottes', 'character', 'dies', 'foolish', 'way', 'wonder', 'thiss', 'ending', 'thought', 'movie', 'wish', 'somebody', 'could', 'tell', 'alternative', 'ending', 'exists', 'fear', 'rest', 'cut', 'well', 'I', 'would', 'say', 'simply', 'act', 'well', 'although', 'blame', 'put', 'poor', 'scriptthis', 'movie', 'reminds', 'rush', 'hour', '2', 'hang', 'iii', 'dies', 'absurd', 'way', 'since', 'one', 'stolen', 'show', 'whole', 'movie', 'could', 'give', 'movie', '25']"
movie seen native south 2004 huge disappointment shows hollywood place people make overemotional melodramatic moves film 130 minutes long lot actually happened everything happened pretty much one expected plot transparent granted one organ one would perhaps get much anything suffice say case tends organ cinema plot revolves around relationship northern southern parts peninsula south decides recruit train elite assassination squad deathsentence prisoners kill ilsunga tedious plot bother much characters good unfortunately case time around either stereotyped acting mediocre often top tends organ cinema much time spent numerous mortgages characters remain distant one dimensions cardboard cuts spent time establishing characters less showing us tough cruel training soldiers areone thing remind us lesser two wrongs still wrong,negative,"['movie', 'seen', 'native', 'south', '2004', 'huge', 'disappointment', 'shows', 'hollywood', 'place', 'people', 'make', 'overemotional', 'melodramatic', 'moves', 'film', '130', 'minutes', 'long', 'lot', 'actually', 'happened', 'everything', 'happened', 'pretty', 'much', 'one', 'expected', 'plot', 'transparent', 'granted', 'one', 'organ', 'one', 'would', 'perhaps', 'get', 'much', 'anything', 'suffice', 'say', 'case', 'tends', 'organ', 'cinema', 'plot', 'revolves', 'around', 'relationship', 'northern', 'southern', 'parts', 'peninsula', 'south', 'decides', 'recruit', 'train', 'elite', 'assassination', 'squad', 'deathsentence', 'prisoners', 'kill', 'ilsunga', 'tedious', 'plot', 'bother', 'much', 'characters', 'good', 'unfortunately', 'case', 'time', 'around', 'either', 'stereotyped', 'acting', 'mediocre', 'often', 'top', 'tends', 'organ', 'cinema', 'much', 'time', 'spent', 'numerous', 'mortgages', 'characters', 'remain', 'distant', 'one', 'dimensions', 'cardboard', 'cuts', 'spent', 'time', 'establishing', 'characters', 'less', 'showing', 'us', 'tough', 'cruel', 'training', 'soldiers', 'areone', 'thing', 'remind', 'us', 'lesser', 'two', 'wrongs', 'still', 'wrong']"
200l space odyssey supreme intriguing spacetravel journey profound look mankinds future one great films times gives us something think talk argue wonders importance universe unites imagination curiosity inspires us dig insightas science fiction fantasy one original films ever made bricks camera dances blue danube planets floating exuberant light years experience poetry motion rich statement power cinemabut 2001 reveals really science fiction film instead philosophical enigma magnificent meditation mans place grand scheme things quest understand knowing else2001 unique film mans evolution told almost subliminal terms people classic sciencefiction epic hardly matter brick relates chronology images thingsthe mountains desert technology space capsule computer named interesting humans time warp final landing scene hallmark cinematic geniusas terror story towering achievement screaminducing level hitchcocks psychic innocent far hunting waythe film uses invisible powerful forces manipulate plot perhaps overwhelming one pictures vision man bricks fantasy golden age man neglected instant manapes exaltation discovering first weapon nuclearlowered spaceship floating graceful orbit around earth man indeed evolvedas spectacle 2001 assault mind eye ear stimulating images suggestions surrounded totally believable futuristic environment film filled brilliant sequence extraordinary moments first interesting minutes story apes told usually without single line diploe zerogravity toilet great list instructions stewards denying gravity walking walls calmly upside frightening moment realize reading astronauts lips magical ligaments sun moon earth starched returning home charm orb2001 filled poetic image view sun rising earth tossing bone air slow motion slow images giant spaceship revolving comic ballet2001 also work great visual city allows us view mystery existence destiny implicit every man end troubles many viewer demand clarity mystery insist upon answer question every viewer different explanation mysterious end bricks film accept mysticism climax deeply moving,positive,"['200l', 'space', 'odyssey', 'supreme', 'intriguing', 'spacetravel', 'journey', 'profound', 'look', 'mankinds', 'future', 'one', 'great', 'films', 'times', 'gives', 'us', 'something', 'think', 'talk', 'argue', 'wonders', 'importance', 'universe', 'unites', 'imagination', 'curiosity', 'inspires', 'us', 'dig', 'insightas', 'science', 'fiction', 'fantasy', 'one', 'original', 'films', 'ever', 'made', 'bricks', 'camera', 'dances', 'blue', 'danube', 'planets', 'floating', 'exuberant', 'light', 'years', 'experience', 'poetry', 'motion', 'rich', 'statement', 'power', 'cinemabut', '2001', 'reveals', 'really', 'science', 'fiction', 'film', 'instead', 'philosophical', 'enigma', 'magnificent', 'meditation', 'mans', 'place', 'grand', 'scheme', 'things', 'quest', 'understand', 'knowing', 'else2001', 'unique', 'film', 'mans', 'evolution', 'told', 'almost', 'subliminal', 'terms', 'people', 'classic', 'sciencefiction', 'epic', 'hardly', 'matter', 'brick', 'relates', 'chronology', 'images', 'things\x97the', 'mountains', 'desert', 'technology', 'space', 'capsule', 'computer', 'named', 'interesting', 'humans', 'time', 'warp', 'final', 'landing', 'scene', 'hallmark', 'cinematic', 'geniusas', 'terror', 'story', 'towering', 'achievement', 'screaminducing', 'level', 'hitchcocks', 'psychic', 'innocent', 'far', 'hunting', 'waythe', 'film', 'uses', 'invisible', 'powerful', 'forces', 'manipulate', 'plot', 'perhaps', 'overwhelming', 'one', 'pictures', 'vision', 'man', 'bricks', 'fantasy', 'golden', 'age', 'man', 'neglected', 'instant', 'manapes', 'exaltation', 'discovering', 'first', 'weapon', 'nuclearlowered', 'spaceship', 'floating', 'graceful', 'orbit', 'around', 'earth', 'man', 'indeed', 'evolvedas', 'spectacle', '2001', 'assault', 'mind', 'eye', 'ear', 'stimulating', 'images', 'suggestions', 'surrounded', 'totally', 'believable', 'futuristic', 'environment', 'film', 'filled', 'brilliant', 'sequence', 'extraordinary', 'moments', 'first', 'interesting', 'minutes', 'story', 'apes', 'told', 'usually', 'without', 'single', 'line', 'diploe', 'zerogravity', 'toilet', 'great', 'list', 'instructions', 'stewards', 'denying', 'gravity', 'walking', 'walls', 'calmly', 'upside', 'frightening', 'moment', 'realize', 'reading', 'astronauts', 'lips', 'magical', 'ligaments', 'sun', 'moon', 'earth', 'starched', 'returning', 'home', 'charm', 'orb2001', 'filled', 'poetic', 'image', 'view', 'sun', 'rising', 'earth', 'tossing', 'bone', 'air', 'slow', 'motion', 'slow', 'images', 'giant', 'spaceship', 'revolving', 'comic', 'ballet2001', 'also', 'work', 'great', 'visual', 'city', 'allows', 'us', 'view', 'mystery', 'existence', 'destiny', 'implicit', 'every', 'man', 'end', 'troubles', 'many', 'viewer', 'demand', 'clarity', 'mystery', 'insist', 'upon', 'answer', 'question', 'every', 'viewer', 'different', 'explanation', 'mysterious', 'end', 'bricks', 'film', 'accept', 'mysticism', 'climax', 'deeply', 'moving']"
I sure could better gave 10 acting excellent main woman hot chap played darwin shouldering pensive character showed inner turmoil suffering truck drivers death one exampleexcellency storyline believable series length right ie love lost ever end bit tend think ranks guns ho land ill advised attempts arrest agencies portray positively main thought programme like also excellent 24 could happen would happen happening possibly probablyi hope another series reading previous comments would appear notto summarise seen make sure,positive,"['I', 'sure', 'could', 'better', 'gave', '10', 'acting', 'excellent', 'main', 'woman', 'hot', 'chap', 'played', 'darwin', 'shouldering', 'pensive', 'character', 'showed', 'inner', 'turmoil', 'suffering', 'truck', 'drivers', 'death', 'one', 'exampleexcellency', 'storyline', 'believable', 'series', 'length', 'right', 'ie', 'love', 'lost', 'ever', 'end', 'bit', 'tend', 'think', 'ranks', 'guns', 'ho', 'land', 'ill', 'advised', 'attempts', 'arrest', 'agencies', 'portray', 'positively', 'main', 'thought', 'programme', 'like', 'also', 'excellent', '24', 'could', 'happen', 'would', 'happen', 'happening', 'possibly', 'probablyi', 'hope', 'another', 'series', 'reading', 'previous', 'comments', 'would', 'appear', 'notto', 'summarise', 'seen', 'make', 'sure']"
like film first alli know everyone says commence posts play excellent opinion absolutely wrong like natasha another appearance another character worse inexperienced actress able play role disfigured heroine completely really disgusting watch play mind would much better give role russian actress would much easier understand russian soul russian person unfortunately kutuzov looked like drunk man shaved 2 weeks defeated battle lost eye thanks god film therere actors whose play awesome suppose alessio bone hoped task well pleasantly amazed one people read book important play addition liked plays russian actors really wonderful watch thing liked work beautiful views amazing dresses advice read book understand real sense aim leo tolstoy wrote masterpiece maybe realize whole idea book 1 10,negative,"['like', 'film', 'first', 'alli', 'know', 'everyone', 'says', 'commence', 'posts', 'play', 'excellent', 'opinion', 'absolutely', 'wrong', 'like', 'natasha', 'another', 'appearance', 'another', 'character', 'worse', 'inexperienced', 'actress', 'able', 'play', 'role', 'disfigured', 'heroine', 'completely', 'really', 'disgusting', 'watch', 'play', 'mind', 'would', 'much', 'better', 'give', 'role', 'russian', 'actress', 'would', 'much', 'easier', 'understand', 'russian', 'soul', 'russian', 'person', 'unfortunately', 'kutuzov', 'looked', 'like', 'drunk', 'man', 'shaved', '2', 'weeks', 'defeated', 'battle', 'lost', 'eye', 'thanks', 'god', 'film', 'therere', 'actors', 'whose', 'play', 'awesome', 'suppose', 'alessio', 'bone', 'hoped', 'task', 'well', 'pleasantly', 'amazed', 'one', 'people', 'read', 'book', 'important', 'play', 'addition', 'liked', 'plays', 'russian', 'actors', 'really', 'wonderful', 'watch', 'thing', 'liked', 'work', 'beautiful', 'views', 'amazing', 'dresses', 'advice', 'read', 'book', 'understand', 'real', 'sense', 'aim', 'leo', 'tolstoy', 'wrote', 'masterpiece', 'maybe', 'realize', 'whole', 'idea', 'book', '1', '10']"
oh well funny sadistic comedy lot horror moves lack common sensebut think retarded cabman would wesel way around situation really expect hitchcock anything close good one friendsbut would recommend anything elsethis movie lacks substance true horror moviethe suspensethe shockand good characters killer failed unstoppable force expected beand seemed average angry student able outsmart stupid people really funny thing horrible acting lack emotion called victims310 expect one daily funniest,negative,"['oh', 'well', 'funny', 'sadistic', 'comedy', 'lot', 'horror', 'moves', 'lack', 'common', 'sensebut', 'think', 'retarded', 'cabman', 'would', 'wesel', 'way', 'around', 'situation', 'really', 'expect', 'hitchcock', 'anything', 'close', 'good', 'one', 'friendsbut', 'would', 'recommend', 'anything', 'elsethis', 'movie', 'lacks', 'substance', 'true', 'horror', 'moviethe', 'suspensethe', 'shockand', 'good', 'characters', 'killer', 'failed', 'unstoppable', 'force', 'expected', 'beand', 'seemed', 'average', 'angry', 'student', 'able', 'outsmart', 'stupid', 'people', 'really', 'funny', 'thing', 'horrible', 'acting', 'lack', 'emotion', 'called', 'victims310', 'expect', 'one', 'daily', 'funniest']"
saw piece work film felt ca god director thinking film professors use film case study making short film first project makes absolutely sense whatsoever film takes place partially waystation stupid rapid bar middle nowhere nothing really takes placethe acting beyond bad bad fact almost thought comedy lead actress julia reading step acting amateur worn films one two decent performances including guns played jacob venner like director clue work use hessians thing worse acting dialogue bordered absurd writer assume also director writes character like auditioning comic book villainthe overall production value pretty good honest film bad easy overlook production design pretty good although waystation looks like ordinary bar costumes makeup okay understand production working low budget characters speak try push plot forward film unravel much capas I said film god awful like directorwriter watched lot sii films threw parts liked slender came hope used peoples money used total sucked,negative,"['saw', 'piece', 'work', 'film', 'felt', 'ca', 'god', 'director', 'thinking', 'film', 'professors', 'use', 'film', 'case', 'study', 'making', 'short', 'film', 'first', 'project', 'makes', 'absolutely', 'sense', 'whatsoever', 'film', 'takes', 'place', 'partially', 'waystation', 'stupid', 'rapid', 'bar', 'middle', 'nowhere', 'nothing', 'really', 'takes', 'placethe', 'acting', 'beyond', 'bad', 'bad', 'fact', 'almost', 'thought', 'comedy', 'lead', 'actress', 'julia', 'reading', 'step', 'acting', 'amateur', 'worn', 'films', 'one', 'two', 'decent', 'performances', 'including', 'guns', 'played', 'jacob', 'venner', 'like', 'director', 'clue', 'work', 'use', 'hessians', 'thing', 'worse', 'acting', 'dialogue', 'bordered', 'absurd', 'writer', 'assume', 'also', 'director', 'writes', 'character', 'like', 'auditioning', 'comic', 'book', 'villainthe', 'overall', 'production', 'value', 'pretty', 'good', 'honest', 'film', 'bad', 'easy', 'overlook', 'production', 'design', 'pretty', 'good', 'although', 'waystation', 'looks', 'like', 'ordinary', 'bar', 'costumes', 'makeup', 'okay', 'understand', 'production', 'working', 'low', 'budget', 'characters', 'speak', 'try', 'push', 'plot', 'forward', 'film', 'unravel', 'much', 'capas', 'I', 'said', 'film', 'god', 'awful', 'like', 'directorwriter', 'watched', 'lot', 'sii', 'films', 'threw', 'parts', 'liked', 'slender', 'came', 'hope', 'used', 'peoples', 'money', 'used', 'total', 'sucked']"
films like infuriated simply deserve funding enables end player movie ambiguous jacket blurt even impenetrable casting choice ms song romantic interest want asia woman unconvincingly wise character actually lend message movies story fresh perspective one little go approaching film even less story unfold good hour proceedings realized dull casting casting agent could dredge convincing character studies result writers brainpart story amorous plagued subtle references woes capitalism materials getting ahead postmodern world towards end film nodded missed last two minutes got sense everythings gone green product connections world film someone little talent knew someone little directorial skill knew someone absolutely marketing sense plenty disposal ego popped dull efficient attempt whims humorwithaconscience nonsense maddening many infinitely better script passed favor almost unwatchable trip skin film feel good,negative,"['films', 'like', 'infuriated', 'simply', 'deserve', 'funding', 'enables', 'end', 'player', 'movie', 'ambiguous', 'jacket', 'blurt', 'even', 'impenetrable', 'casting', 'choice', 'ms', 'song', 'romantic', 'interest', 'want', 'asia', 'woman', 'unconvincingly', 'wise', 'character', 'actually', 'lend', 'message', 'movies', 'story', 'fresh', 'perspective', 'one', 'little', 'go', 'approaching', 'film', 'even', 'less', 'story', 'unfold', 'good', 'hour', 'proceedings', 'realized', 'dull', 'casting', 'casting', 'agent', 'could', 'dredge', 'convincing', 'character', 'studies', 'result', 'writers', 'brainpart', 'story', 'amorous', 'plagued', 'subtle', 'references', 'woes', 'capitalism', 'materials', 'getting', 'ahead', 'postmodern', 'world', 'towards', 'end', 'film', 'nodded', 'missed', 'last', 'two', 'minutes', 'got', 'sense', 'everythings', 'gone', 'green', 'product', 'connections', 'world', 'film', 'someone', 'little', 'talent', 'knew', 'someone', 'little', 'directorial', 'skill', 'knew', 'someone', 'absolutely', 'marketing', 'sense', 'plenty', 'disposal', 'ego', 'popped', 'dull', 'efficient', 'attempt', 'whims', 'humorwithaconscience', 'nonsense', 'maddening', 'many', 'infinitely', 'better', 'script', 'passed', 'favor', 'almost', 'unwatchable', 'trip', 'skin', 'film', 'feel', 'good']"
film awful give dentist daytime believe one main stations arabia christmas film assume expected entertain crowds duly moore rather last time looked hot water bottle acting better plot drama lot interest waste celluloid even watch drunk,negative,"['film', 'awful', 'give', 'dentist', 'daytime', 'believe', 'one', 'main', 'stations', 'arabia', 'christmas', 'film', 'assume', 'expected', 'entertain', 'crowds', 'duly', 'moore', 'rather', 'last', 'time', 'looked', 'hot', 'water', 'bottle', 'acting', 'better', 'plot', 'drama', 'lot', 'interest', 'waste', 'celluloid', 'even', 'watch', 'drunk']"
daytime films seldom felt little attachment characters seldom made cringe dire dialogue caseous london thirtysomething mining round lurid bc sets spouting platitudinous much avoid film grandmothers clung,negative,"['daytime', 'films', 'seldom', 'felt', 'little', 'attachment', 'characters', 'seldom', 'made', 'cringe', 'dire', 'dialogue', 'caseous', 'london', 'thirtysomething', 'mining', 'round', 'lurid', 'bc', 'sets', 'spouting', 'platitudinous', 'much', 'avoid', 'film', 'grandmothers', 'clung']"
two moves fifth element armageddon subject save world main actor bruce willis one difference armageddon inferior luck lessons film spectacular special effects succeed hiding labored locally conventional screenplay several parts movie showing think presidents speech especially willis relationship daughter grace beginning movie tends neglect overprotect makes weary end movie true love understanding shine another hand movie falls following trap michael bay takes subject seriously course movie tries funny result work humor introduced movie often crude pretty lowlevel whereas fifth element humor involuntary enabled overlook serious side action movie suffers two handicaps often falls ridiculous russian astronaut almost actors bad used bruce willis contrary fifth elements character plays heman sometimes unbearable actors barely incredible roles particularly willis sinking crew seems crew fun one taken qualified looks like fool poor live tyler nasal decorativewhen movie released france august 1998 bruce willis expressed weariness saving world weariness probably justified spectacular poor movie,negative,"['two', 'moves', 'fifth', 'element', 'armageddon', 'subject', 'save', 'world', 'main', 'actor', 'bruce', 'willis', 'one', 'difference', 'armageddon', 'inferior', 'luck', 'lessons', 'film', 'spectacular', 'special', 'effects', 'succeed', 'hiding', 'labored', 'locally', 'conventional', 'screenplay', 'several', 'parts', 'movie', 'showing', 'think', 'presidents', 'speech', 'especially', 'willis', 'relationship', 'daughter', 'grace', 'beginning', 'movie', 'tends', 'neglect', 'overprotect', 'makes', 'weary', 'end', 'movie', 'true', 'love', 'understanding', 'shine', 'another', 'hand', 'movie', 'falls', 'following', 'trap', 'michael', 'bay', 'takes', 'subject', 'seriously', 'course', 'movie', 'tries', 'funny', 'result', 'work', 'humor', 'introduced', 'movie', 'often', 'crude', 'pretty', 'lowlevel', 'whereas', 'fifth', 'element', 'humor', 'involuntary', 'enabled', 'overlook', 'serious', 'side', 'action', 'movie', 'suffers', 'two', 'handicaps', 'often', 'falls', 'ridiculous', 'russian', 'astronaut', 'almost', 'actors', 'bad', 'used', 'bruce', 'willis', 'contrary', 'fifth', 'elements', 'character', 'plays', 'heman', 'sometimes', 'unbearable', 'actors', 'barely', 'incredible', 'roles', 'particularly', 'willis', 'sinking', 'crew', 'seems', 'crew', 'fun', 'one', 'taken', 'qualified', 'looks', 'like', 'fool', 'poor', 'live', 'tyler', 'nasal', 'decorativewhen', 'movie', 'released', 'france', 'august', '1998', 'bruce', 'willis', 'expressed', 'weariness', 'saving', 'world', 'weariness', 'probably', 'justified', 'spectacular', 'poor', 'movie']"
better davis brings full trunk ties miserable flop another variation hilariously dispatched lovers theme sadly cane davis truly dispatched acting style mix simply unpalatable distasteful distinction film comes eugene follette literally phone usual part des misunderstood dad jack carsons performance described act maybe audience,negative,"['better', 'davis', 'brings', 'full', 'trunk', 'ties', 'miserable', 'flop', 'another', 'variation', 'hilariously', 'dispatched', 'lovers', 'theme', 'sadly', 'cane', 'davis', 'truly', 'dispatched', 'acting', 'style', 'mix', 'simply', 'unpalatable', 'distasteful', 'distinction', 'film', 'comes', 'eugene', 'follette', 'literally', 'phone', 'usual', 'part', 'des', 'misunderstood', 'dad', 'jack', 'carsons', 'performance', 'described', 'act', 'maybe', 'audience']"
seen film sunday evening must say better way end weekend totally pleased humor warm charm film offers simply leaves beautiful mood watching film means great time keep warm feelingthe film offers sharp black british humor feels fresh really enjoy story characters bread blethyn great know exactly old love interest young mother really feel comfortable shows moviesome may say story thin predictable cares simply happy end dancing sunshine characters stereotyped cut know better care loved enjoyed watching themfurthermore must say usually like romantic remedies one outstanding black comedy heart gold,positive,"['seen', 'film', 'sunday', 'evening', 'must', 'say', 'better', 'way', 'end', 'weekend', 'totally', 'pleased', 'humor', 'warm', 'charm', 'film', 'offers', 'simply', 'leaves', 'beautiful', 'mood', 'watching', 'film', 'means', 'great', 'time', 'keep', 'warm', 'feelingthe', 'film', 'offers', 'sharp', 'black', 'british', 'humor', 'feels', 'fresh', 'really', 'enjoy', 'story', 'characters', 'bread', 'blethyn', 'great', 'know', 'exactly', 'old', 'love', 'interest', 'young', 'mother', 'really', 'feel', 'comfortable', 'shows', 'moviesome', 'may', 'say', 'story', 'thin', 'predictable', 'cares', 'simply', 'happy', 'end', 'dancing', 'sunshine', 'characters', 'stereotyped', 'cut', 'know', 'better', 'care', 'loved', 'enjoyed', 'watching', 'themfurthermore', 'must', 'say', 'usually', 'like', 'romantic', 'remedies', 'one', 'outstanding', 'black', 'comedy', 'heart', 'gold']"
magnificent original beautiful movie acting great settings en doors superb paris best real paris famous settings music also brilliant stories detailed much lovethe best french movie I seen french cinema good,positive,"['magnificent', 'original', 'beautiful', 'movie', 'acting', 'great', 'settings', 'en', 'doors', 'superb', 'paris', 'best', 'real', 'paris', 'famous', 'settings', 'music', 'also', 'brilliant', 'stories', 'detailed', 'much', 'lovethe', 'best', 'french', 'movie', 'I', 'seen', 'french', 'cinema', 'good']"
good storyit nice pace characters developed coolI watched whole bunch moves last two weeks best one I seen two weeksjason bigs character best thougheven though small cleverly drafted beginningthis may romantic comedy like writing direction performing sound design overall capacity really thought pretty coolthis film scored pretty high movies I seen lately rest big budget better publicizedgood job writing,positive,"['good', 'storyit', 'nice', 'pace', 'characters', 'developed', 'coolI', 'watched', 'whole', 'bunch', 'moves', 'last', 'two', 'weeks', 'best', 'one', 'I', 'seen', 'two', 'weeksjason', 'bigs', 'character', 'best', 'thougheven', 'though', 'small', 'cleverly', 'drafted', 'beginningthis', 'may', 'romantic', 'comedy', 'like', 'writing', 'direction', 'performing', 'sound', 'design', 'overall', 'capacity', 'really', 'thought', 'pretty', 'coolthis', 'film', 'scored', 'pretty', 'high', 'movies', 'I', 'seen', 'lately', 'rest', 'big', 'budget', 'better', 'publicizedgood', 'job', 'writing']"
many people seem know movie bad think pretty good sure bit cheese times may predictable storyline presentation movie pretty well done think casting good liable actorscharacters tom select good job playing baseball player go figure much stretch suppose ken takakura black rain plays chief coach japanese baseball team much complain light easygoing happy comedy recommend,positive,"['many', 'people', 'seem', 'know', 'movie', 'bad', 'think', 'pretty', 'good', 'sure', 'bit', 'cheese', 'times', 'may', 'predictable', 'storyline', 'presentation', 'movie', 'pretty', 'well', 'done', 'think', 'casting', 'good', 'liable', 'actorscharacters', 'tom', 'select', 'good', 'job', 'playing', 'baseball', 'player', 'go', 'figure', 'much', 'stretch', 'suppose', 'ken', 'takakura', 'black', 'rain', 'plays', 'chief', 'coach', 'japanese', 'baseball', 'team', 'much', 'complain', 'light', 'easygoing', 'happy', 'comedy', 'recommend']"
anybody give anything higher 1i thought manors hands fate would forever worst movie ever impinges upon optic nerve indeed think anything could worsei wrong galaxina rare movie every single element aching agonizingly blinding bad often watched movie commented hell lit thing lighting soundtrack effects script acting cinematography well everything movie absolutely unendurable bad could even tell time worst comedy worst drama I would ever seenit bad even laughable I would sooner eat plateful broken glass sit,negative,"['anybody', 'give', 'anything', 'higher', '1i', 'thought', 'manors', 'hands', 'fate', 'would', 'forever', 'worst', 'movie', 'ever', 'impinges', 'upon', 'optic', 'nerve', 'indeed', 'think', 'anything', 'could', 'worsei', 'wrong', 'galaxina', 'rare', 'movie', 'every', 'single', 'element', 'aching', 'agonizingly', 'blinding', 'bad', 'often', 'watched', 'movie', 'commented', 'hell', 'lit', 'thing', 'lighting', 'soundtrack', 'effects', 'script', 'acting', 'cinematography', 'well', 'everything', 'movie', 'absolutely', 'unendurable', 'bad', 'could', 'even', 'tell', 'time', 'worst', 'comedy', 'worst', 'drama', 'I', 'would', 'ever', 'seenit', 'bad', 'even', 'laughable', 'I', 'would', 'sooner', 'eat', 'plateful', 'broken', 'glass', 'sit']"
david sames film debut hailed many real thinkingmans movie movie makes question everybody everything saw first time recently could understand supposed great itthe movie female psychologist named margaret also bestselling author margaret become disillusioned profession inability really help anyone tries rectify helping settle patients gambling debt sharp named mike played joe mantegna reason watch film discovers mike actually professional confidence man nearly falls victim scar pulls immediately meeting intrigues returns see asks show con artists operate plans using subject new psychology book falls accompanies long con associates set upi feel like going details end film revealed events whole movie elaborate con mike colonies swindle margaret 80000first big twist towards end predictable scene con men operating made obvious stage acting weird line reads audience main character knows dealing con men really big surprise find margaret donned besides margaret supposedly intelligent psychologist expert reading people yet allows dumped far easily keep mind knows full well mike con artistsecondly led believe margaret donned beginning yet order con ultimately work several things con men could possibly predicted would first decide help settle patients debt allowing meet con men first place hadnt done entire con would failed say pretty unreasonable assume psychologist going take upon settle patients gambling debt odds con men would right spot night decided show simply show bar every night hoping would come see another thing happen could predicted margaret return see mike ask teach tricks trade odds happening yet whole con based premiseanother problem ending margaret finds donned decides get revenge mike first leads us believe going con con falls ultimate ending running mike airport baggage area somehow felt like clumsy inert way end movie con artists plying trade even take back money stole herultimately movie leaves feeling empty unfulfilled like predicted ahead time margaret going donned find revelation satisfying,negative,"['david', 'sames', 'film', 'debut', 'hailed', 'many', 'real', 'thinkingmans', 'movie', 'movie', 'makes', 'question', 'everybody', 'everything', 'saw', 'first', 'time', 'recently', 'could', 'understand', 'supposed', 'great', 'itthe', 'movie', 'female', 'psychologist', 'named', 'margaret', 'also', 'bestselling', 'author', 'margaret', 'become', 'disillusioned', 'profession', 'inability', 'really', 'help', 'anyone', 'tries', 'rectify', 'helping', 'settle', 'patients', 'gambling', 'debt', 'sharp', 'named', 'mike', 'played', 'joe', 'mantegna', 'reason', 'watch', 'film', 'discovers', 'mike', 'actually', 'professional', 'confidence', 'man', 'nearly', 'falls', 'victim', 'scar', 'pulls', 'immediately', 'meeting', 'intrigues', 'returns', 'see', 'asks', 'show', 'con', 'artists', 'operate', 'plans', 'using', 'subject', 'new', 'psychology', 'book', 'falls', 'accompanies', 'long', 'con', 'associates', 'set', 'upi', 'feel', 'like', 'going', 'details', 'end', 'film', 'revealed', 'events', 'whole', 'movie', 'elaborate', 'con', 'mike', 'colonies', 'swindle', 'margaret', '80000first', 'big', 'twist', 'towards', 'end', 'predictable', 'scene', 'con', 'men', 'operating', 'made', 'obvious', 'stage', 'acting', 'weird', 'line', 'reads', 'audience', 'main', 'character', 'knows', 'dealing', 'con', 'men', 'really', 'big', 'surprise', 'find', 'margaret', 'donned', 'besides', 'margaret', 'supposedly', 'intelligent', 'psychologist', 'expert', 'reading', 'people', 'yet', 'allows', 'dumped', 'far', 'easily', 'keep', 'mind', 'knows', 'full', 'well', 'mike', 'con', 'artistsecondly', 'led', 'believe', 'margaret', 'donned', 'beginning', 'yet', 'order', 'con', 'ultimately', 'work', 'several', 'things', 'con', 'men', 'could', 'possibly', 'predicted', 'would', 'first', 'decide', 'help', 'settle', 'patients', 'debt', 'allowing', 'meet', 'con', 'men', 'first', 'place', 'hadnt', 'done', 'entire', 'con', 'would', 'failed', 'say', 'pretty', 'unreasonable', 'assume', 'psychologist', 'going', 'take', 'upon', 'settle', 'patients', 'gambling', 'debt', 'odds', 'con', 'men', 'would', 'right', 'spot', 'night', 'decided', 'show', 'simply', 'show', 'bar', 'every', 'night', 'hoping', 'would', 'come', 'see', 'another', 'thing', 'happen', 'could', 'predicted', 'margaret', 'return', 'see', 'mike', 'ask', 'teach', 'tricks', 'trade', 'odds', 'happening', 'yet', 'whole', 'con', 'based', 'premiseanother', 'problem', 'ending', 'margaret', 'finds', 'donned', 'decides', 'get', 'revenge', 'mike', 'first', 'leads', 'us', 'believe', 'going', 'con', 'con', 'falls', 'ultimate', 'ending', 'running', 'mike', 'airport', 'baggage', 'area', 'somehow', 'felt', 'like', 'clumsy', 'inert', 'way', 'end', 'movie', 'con', 'artists', 'plying', 'trade', 'even', 'take', 'back', 'money', 'stole', 'herultimately', 'movie', 'leaves', 'feeling', 'empty', 'unfulfilled', 'like', 'predicted', 'ahead', 'time', 'margaret', 'going', 'donned', 'find', 'revelation', 'satisfying']"
based true story premise film illustrate fairly normal events possible outwardly decent mother get drawn heroin additionsemi spoiled scenes fairly inaccurate whilst others almost make want get fix yourselfcomputer technicalgraphics artist woman good relationship young kid spiral addition work colleague shipper someone take enjoy spiral addition leads eventually scoring street dealers losing contact steady dealerthe scenes show coming getting sick often real especially first real night sweat prior events began relationship guy happened lost wife bottle insists inner rear get hooked women rear however late turn weird behaviour boyfriend challenges going rear begins get demands empty bag hits roof storms outbecause excellent open relationship developed prior tragedy first find real evidence bag looks around smash apparently sensibility school lessons drug taking discovers large smash bathroom flushed happy woman takes next bath disappearedthe kid keeps one back places meal table goes denial admits says worse donethe kid right things calls friends generally puts position come clean pardon putthe movie takes viewer pretty arduous situations danger far awayeventually gets help professional organisation cold turkey watch film see happens next,positive,"['based', 'true', 'story', 'premise', 'film', 'illustrate', 'fairly', 'normal', 'events', 'possible', 'outwardly', 'decent', 'mother', 'get', 'drawn', 'heroin', 'additionsemi', 'spoiled', 'scenes', 'fairly', 'inaccurate', 'whilst', 'others', 'almost', 'make', 'want', 'get', 'fix', 'yourselfcomputer', 'technicalgraphics', 'artist', 'woman', 'good', 'relationship', 'young', 'kid', 'spiral', 'addition', 'work', 'colleague', 'shipper', 'someone', 'take', 'enjoy', 'spiral', 'addition', 'leads', 'eventually', 'scoring', 'street', 'dealers', 'losing', 'contact', 'steady', 'dealerthe', 'scenes', 'show', 'coming', 'getting', 'sick', 'often', 'real', 'especially', 'first', 'real', 'night', 'sweat', 'prior', 'events', 'began', 'relationship', 'guy', 'happened', 'lost', 'wife', 'bottle', 'insists', 'inner', 'rear', 'get', 'hooked', 'women', 'rear', 'however', 'late', 'turn', 'weird', 'behaviour', 'boyfriend', 'challenges', 'going', 'rear', 'begins', 'get', 'demands', 'empty', 'bag', 'hits', 'roof', 'storms', 'outbecause', 'excellent', 'open', 'relationship', 'developed', 'prior', 'tragedy', 'first', 'find', 'real', 'evidence', 'bag', 'looks', 'around', 'smash', 'apparently', 'sensibility', 'school', 'lessons', 'drug', 'taking', 'discovers', 'large', 'smash', 'bathroom', 'flushed', 'happy', 'woman', 'takes', 'next', 'bath', 'disappearedthe', 'kid', 'keeps', 'one', 'back', 'places', 'meal', 'table', 'goes', 'denial', 'admits', 'says', 'worse', 'donethe', 'kid', 'right', 'things', 'calls', 'friends', 'generally', 'puts', 'position', 'come', 'clean', 'pardon', 'putthe', 'movie', 'takes', 'viewer', 'pretty', 'arduous', 'situations', 'danger', 'far', 'awayeventually', 'gets', 'help', 'professional', 'organisation', 'cold', 'turkey', 'watch', 'film', 'see', 'happens', 'next']"
occasionally accidentally leave television south park end catching train wreck middle school humor mind pencil time wish room cleaner I would able find remote much faster truth comedy central need replacement chappelles show got show appeals idiot either miss dave much cling minority variety show satisfied plain mexicans love faces jokes carlo pencil shovel every week understand though people actually find pencil shudder funny firmly stand words say believe people exist myth however indeed ask never enter housing district read major differences carlo chappelles show 1 dave funny may want highlight one 2 chappelles show five times edge pencil could ever hope yet every time promo little show airs footing horn nothing ever seen got right carlo good way chappelle need tell people edge funny kind stuck around watch show find ourselves3 chappelle actually race jokes dove depth different cultures things people know like know black people game segment grand prize hair cream black people use deeper pencil would ever dare dive dare call edge pencil writing sketch grand prize would fried chicken foolaid accusations merit saw promo show affectionately come call tv monitor taking st thirty minutes days ago stereotyped olympics sketch admitted pretty funny concept saw mexican received green card grand prize close fire anna get could think back th grade fan show ever watching miss one punchlines perhaps friends discussing duedeburr never gets old way part joke someone funny would something clever say remember five possible choice punchlines anyway green card faces border jumper lawn mowers course duedeour rememberwhichever screamed enjoy4 kind relating number two every time says something gets laugh pause tell people laughing joke thinks went far last one say gods sake let people decide comedy central keep shoving trip throat tellitlikeitis show controversial da since code never I never offended shows content would never give much credit I offended carlo pencil given thirty minutes scream unnecessarily yeah I literally offended fact,negative,"['occasionally', 'accidentally', 'leave', 'television', 'south', 'park', 'end', 'catching', 'train', 'wreck', 'middle', 'school', 'humor', 'mind', 'pencil', 'time', 'wish', 'room', 'cleaner', 'I', 'would', 'able', 'find', 'remote', 'much', 'faster', 'truth', 'comedy', 'central', 'need', 'replacement', 'chappelles', 'show', 'got', 'show', 'appeals', 'idiot', 'either', 'miss', 'dave', 'much', 'cling', 'minority', 'variety', 'show', 'satisfied', 'plain', 'mexicans', 'love', 'faces', 'jokes', 'carlo', 'pencil', 'shovel', 'every', 'week', 'understand', 'though', 'people', 'actually', 'find', 'pencil', 'shudder', 'funny', 'firmly', 'stand', 'words', 'say', 'believe', 'people', 'exist', 'myth', 'however', 'indeed', 'ask', 'never', 'enter', 'housing', 'district', 'read', 'major', 'differences', 'carlo', 'chappelles', 'show', '1', 'dave', 'funny', 'may', 'want', 'highlight', 'one', '2', 'chappelles', 'show', 'five', 'times', 'edge', 'pencil', 'could', 'ever', 'hope', 'yet', 'every', 'time', 'promo', 'little', 'show', 'airs', 'footing', 'horn', 'nothing', 'ever', 'seen', 'got', 'right', 'carlo', 'good', 'way', 'chappelle', 'need', 'tell', 'people', 'edge', 'funny', 'kind', 'stuck', 'around', 'watch', 'show', 'find', 'ourselves3', 'chappelle', 'actually', 'race', 'jokes', 'dove', 'depth', 'different', 'cultures', 'things', 'people', 'know', 'like', 'know', 'black', 'people', 'game', 'segment', 'grand', 'prize', 'hair', 'cream', 'black', 'people', 'use', 'deeper', 'pencil', 'would', 'ever', 'dare', 'dive', 'dare', 'call', 'edge', 'pencil', 'writing', 'sketch', 'grand', 'prize', 'would', 'fried', 'chicken', 'foolaid', 'accusations', 'merit', 'saw', 'promo', 'show', 'affectionately', 'come', 'call', 'tv', 'monitor', 'taking', 'st', 'thirty', 'minutes', 'days', 'ago', 'stereotyped', 'olympics', 'sketch', 'admitted', 'pretty', 'funny', 'concept', 'saw', 'mexican', 'received', 'green', 'card', 'grand', 'prize', 'close', 'fire', 'anna', 'get', 'could', 'think', 'back', 'th', 'grade', 'fan', 'show', 'ever', 'watching', 'miss', 'one', 'punchlines', 'perhaps', 'friends', 'discussing', 'duedeburr', 'never', 'gets', 'old', 'way', 'part', 'joke', 'someone', 'funny', 'would', 'something', 'clever', 'say', 'remember', 'five', 'possible', 'choice', 'punchlines', 'anyway', 'green', 'card', 'faces', 'border', 'jumper', 'lawn', 'mowers', 'course', 'duedeour', 'rememberwhichever', 'screamed', 'enjoy4', 'kind', 'relating', 'number', 'two', 'every', 'time', 'says', 'something', 'gets', 'laugh', 'pause', 'tell', 'people', 'laughing', 'joke', 'thinks', 'went', 'far', 'last', 'one', 'say', 'gods', 'sake', 'let', 'people', 'decide', 'comedy', 'central', 'keep', 'shoving', 'trip', 'throat', 'tellitlikeitis', 'show', 'controversial', 'da', 'since', 'code', 'never', 'I', 'never', 'offended', 'shows', 'content', 'would', 'never', 'give', 'much', 'credit', 'I', 'offended', 'carlo', 'pencil', 'given', 'thirty', 'minutes', 'scream', 'unnecessarily', 'yeah', 'I', 'literally', 'offended', 'fact']"
early mid high point opinion historical drama last mexicans braveheart rob roy portray distinctive passion intensity respective time periodsrob roy unique intriguing taste time place rarely represented film really everything interesting story great acting remarkable diploe breathtaking scenery particularly impressed apparently genuine diploe imagine early century people spoke behavedsomething else surprised vulgarity expressed characters found repulsive shocking albeit often subtle found films set modern times movie race sexually charged edge unique likely realistic context erathe pace tight hardly dull moment much intrigue political subplots complicated things bit yet retract main storylinethe action also well done gripping something forever find remarkable highlight action piece film soundtrack whatsoever makes tense exciting sequence since musical due direction resolution scenerob roy always remain high list favorite films would recommend,positive,"['early', 'mid', 'high', 'point', 'opinion', 'historical', 'drama', 'last', 'mexicans', 'braveheart', 'rob', 'roy', 'portray', 'distinctive', 'passion', 'intensity', 'respective', 'time', 'periodsrob', 'roy', 'unique', 'intriguing', 'taste', 'time', 'place', 'rarely', 'represented', 'film', 'really', 'everything', 'interesting', 'story', 'great', 'acting', 'remarkable', 'diploe', 'breathtaking', 'scenery', 'particularly', 'impressed', 'apparently', 'genuine', 'diploe', 'imagine', 'early', 'century', 'people', 'spoke', 'behavedsomething', 'else', 'surprised', 'vulgarity', 'expressed', 'characters', 'found', 'repulsive', 'shocking', 'albeit', 'often', 'subtle', 'found', 'films', 'set', 'modern', 'times', 'movie', 'race', 'sexually', 'charged', 'edge', 'unique', 'likely', 'realistic', 'context', 'erathe', 'pace', 'tight', 'hardly', 'dull', 'moment', 'much', 'intrigue', 'political', 'subplots', 'complicated', 'things', 'bit', 'yet', 'retract', 'main', 'storylinethe', 'action', 'also', 'well', 'done', 'gripping', 'something', 'forever', 'find', 'remarkable', 'highlight', 'action', 'piece', 'film', 'soundtrack', 'whatsoever', 'makes', 'tense', 'exciting', 'sequence', 'since', 'musical', 'due', 'direction', 'resolution', 'scenerob', 'roy', 'always', 'remain', 'high', 'list', 'favorite', 'films', 'would', 'recommend']"
pierce brosnan probably thing familiar richard attenboroughs new topic rest new international audiences canadian history first nations culturegrey owl light examination man came adopted ojibways northern ontario learning preaching environmentalism decades became politically correct film contains love story moral message man tortured past torture though always brought life dramatic impact mightnevertheless film holds audience without violence pays deep respect canadas first nations presents dignified nonstereotypical manner brosnans performance somewhat stiff suspect lord attenborough wanted himthanks proud canadian,positive,"['pierce', 'brosnan', 'probably', 'thing', 'familiar', 'richard', 'attenboroughs', 'new', 'topic', 'rest', 'new', 'international', 'audiences', 'canadian', 'history', 'first', 'nations', 'culturegrey', 'owl', 'light', 'examination', 'man', 'came', 'adopted', 'ojibways', 'northern', 'ontario', 'learning', 'preaching', 'environmentalism', 'decades', 'became', 'politically', 'correct', 'film', 'contains', 'love', 'story', 'moral', 'message', 'man', 'tortured', 'past', 'torture', 'though', 'always', 'brought', 'life', 'dramatic', 'impact', 'mightnevertheless', 'film', 'holds', 'audience', 'without', 'violence', 'pays', 'deep', 'respect', 'canadas', 'first', 'nations', 'presents', 'dignified', 'nonstereotypical', 'manner', 'brosnans', 'performance', 'somewhat', 'stiff', 'suspect', 'lord', 'attenborough', 'wanted', 'himthanks', 'proud', 'canadian']"
get go able look away want melancholy harsh suzumiya suzumiya harsh yuutsu one entertaining animus I seen long time look away insane sometimes perverse humor easy find brilliantly constructed masterfully executed workpart brilliance comes fact episodes chronological order may understand things talk first series progresses find saying ah meant even though might confuse people watching show hard pressed make case telling story fashionafter focus characters title character harsh suzumiya far one eccentric heroine aime ever opening speech class declares interested normal humans searching vespers aliens time travelers absolutely bizarre movable waythen lyon normal guy pulled madness surrounding suzumiyasan narrator quick wit always makes scene much entertaining finds caught middle various factions trying influence harsh suzumiya three characters representatives factions ironically beings harsh searching yet reveal herthe first yuri agate quiet girl happens member school literary club also representative integration thought entity basically alien though best description computer program human body purely motionless responses make nominally deadpan always make think meets eye mikuru asahina time traveler happens incredibly cut major diaz subject suzumiyas plans advertise club brigade world end result suzumiya things border sexual harassment making dress finish uniforms final character koizumi bitski timid perpetually optimistic philosopher happens harshs ever though use powers certain conditionsthe end result characters comedy unlike crude deep always brilliant believe watch first episode student film see mean,positive,"['get', 'go', 'able', 'look', 'away', 'want', 'melancholy', 'harsh', 'suzumiya', 'suzumiya', 'harsh', 'yuutsu', 'one', 'entertaining', 'animus', 'I', 'seen', 'long', 'time', 'look', 'away', 'insane', 'sometimes', 'perverse', 'humor', 'easy', 'find', 'brilliantly', 'constructed', 'masterfully', 'executed', 'workpart', 'brilliance', 'comes', 'fact', 'episodes', 'chronological', 'order', 'may', 'understand', 'things', 'talk', 'first', 'series', 'progresses', 'find', 'saying', 'ah', 'meant', 'even', 'though', 'might', 'confuse', 'people', 'watching', 'show', 'hard', 'pressed', 'make', 'case', 'telling', 'story', 'fashionafter', 'focus', 'characters', 'title', 'character', 'harsh', 'suzumiya', 'far', 'one', 'eccentric', 'heroine', 'aime', 'ever', 'opening', 'speech', 'class', 'declares', 'interested', 'normal', 'humans', 'searching', 'vespers', 'aliens', 'time', 'travelers', 'absolutely', 'bizarre', 'movable', 'waythen', 'lyon', 'normal', 'guy', 'pulled', 'madness', 'surrounding', 'suzumiyasan', 'narrator', 'quick', 'wit', 'always', 'makes', 'scene', 'much', 'entertaining', 'finds', 'caught', 'middle', 'various', 'factions', 'trying', 'influence', 'harsh', 'suzumiya', 'three', 'characters', 'representatives', 'factions', 'ironically', 'beings', 'harsh', 'searching', 'yet', 'reveal', 'herthe', 'first', 'yuri', 'agate', 'quiet', 'girl', 'happens', 'member', 'school', 'literary', 'club', 'also', 'representative', 'integration', 'thought', 'entity', 'basically', 'alien', 'though', 'best', 'description', 'computer', 'program', 'human', 'body', 'purely', 'motionless', 'responses', 'make', 'nominally', 'deadpan', 'always', 'make', 'think', 'meets', 'eye', 'mikuru', 'asahina', 'time', 'traveler', 'happens', 'incredibly', 'cut', 'major', 'diaz', 'subject', 'suzumiyas', 'plans', 'advertise', 'club', 'brigade', 'world', 'end', 'result', 'suzumiya', 'things', 'border', 'sexual', 'harassment', 'making', 'dress', 'finish', 'uniforms', 'final', 'character', 'koizumi', 'bitski', 'timid', 'perpetually', 'optimistic', 'philosopher', 'happens', 'harshs', 'ever', 'though', 'use', 'powers', 'certain', 'conditionsthe', 'end', 'result', 'characters', 'comedy', 'unlike', 'crude', 'deep', 'always', 'brilliant', 'believe', 'watch', 'first', 'episode', 'student', 'film', 'see', 'mean']"
one worst action films ever seen particularly due much actual implausibility like obvious agent losing bank loan officer making obvious speaking someone wire scene scientists assume safe enter room virus released even though found viable host mean never find one cheap sets bank looks like poorly constructed resemble dungeon bad acting story organized crime group successfully stolen capsule lethal virus however head hoch decides remove bank security deposit box time bank going foi agents informed time terrible earthquake erupts needless say aftermath quaker mess ways one however results make entering action film instead one obviously zgrade june beginning film perhaps screen captures packing look created computer graphics rather actual screen captures various sequence film hell german idea wonder embarrassed watched,negative,"['one', 'worst', 'action', 'films', 'ever', 'seen', 'particularly', 'due', 'much', 'actual', 'implausibility', 'like', 'obvious', 'agent', 'losing', 'bank', 'loan', 'officer', 'making', 'obvious', 'speaking', 'someone', 'wire', 'scene', 'scientists', 'assume', 'safe', 'enter', 'room', 'virus', 'released', 'even', 'though', 'found', 'viable', 'host', 'mean', 'never', 'find', 'one', 'cheap', 'sets', 'bank', 'looks', 'like', 'poorly', 'constructed', 'resemble', 'dungeon', 'bad', 'acting', 'story', 'organized', 'crime', 'group', 'successfully', 'stolen', 'capsule', 'lethal', 'virus', 'however', 'head', 'hoch', 'decides', 'remove', 'bank', 'security', 'deposit', 'box', 'time', 'bank', 'going', 'foi', 'agents', 'informed', 'time', 'terrible', 'earthquake', 'erupts', 'needless', 'say', 'aftermath', 'quaker', 'mess', 'ways', 'one', 'however', 'results', 'make', 'entering', 'action', 'film', 'instead', 'one', 'obviously', 'zgrade', 'june', 'beginning', 'film', 'perhaps', 'screen', 'captures', 'packing', 'look', 'created', 'computer', 'graphics', 'rather', 'actual', 'screen', 'captures', 'various', 'sequence', 'film', 'hell', 'german', 'idea', 'wonder', 'embarrassed', 'watched']"
star rating saturday night friday night friday morning sunday night monday morning old detroit back giant omne consumer corporation continuing swallow everything path construction new felt city continues new menace contend shape cain cruel drug lord delusions christlikeness meddling deadly new adjective streets called duke continues struggle memories former life hunting tin placed hero sets bring villain wind getting chopped pieces scrap metal robocop action ruthless op businesswoman proposes plans new andros stopping starting beast machine needs equally nasty test subject power cain fits perfectly brief pitch system rob returns bring justice streets settle score cainthe original robocop film always manages around time watch matter many times seen one films done said surprising sequel made even less surprising sequel really pale compared original empire strikes back director irving kirschner drafted unpleasant slightly incoherent overlying film capture magic first film matter hard tries certainly funny first film running none stop corporate satire aiming bit sharper action roaring fast furious bloodmore even meager first film first film earned name nasty bloodsoaked violence including mans genitals blown man blasted pieces memorable violencemore display sadistic gratuitous nature unpleasant meanspirited tone itbut overall film leaves feeling general apathy watching could watching original instead,negative,"['star', 'rating', 'saturday', 'night', 'friday', 'night', 'friday', 'morning', 'sunday', 'night', 'monday', 'morning', 'old', 'detroit', 'back', 'giant', 'omne', 'consumer', 'corporation', 'continuing', 'swallow', 'everything', 'path', 'construction', 'new', 'felt', 'city', 'continues', 'new', 'menace', 'contend', 'shape', 'cain', 'cruel', 'drug', 'lord', 'delusions', 'christlikeness', 'meddling', 'deadly', 'new', 'adjective', 'streets', 'called', 'duke', 'continues', 'struggle', 'memories', 'former', 'life', 'hunting', 'tin', 'placed', 'hero', 'sets', 'bring', 'villain', 'wind', 'getting', 'chopped', 'pieces', 'scrap', 'metal', 'robocop', 'action', 'ruthless', 'op', 'businesswoman', 'proposes', 'plans', 'new', 'andros', 'stopping', 'starting', 'beast', 'machine', 'needs', 'equally', 'nasty', 'test', 'subject', 'power', 'cain', 'fits', 'perfectly', 'brief', 'pitch', 'system', 'rob', 'returns', 'bring', 'justice', 'streets', 'settle', 'score', 'cainthe', 'original', 'robocop', 'film', 'always', 'manages', 'around', 'time', 'watch', 'matter', 'many', 'times', 'seen', 'one', 'films', 'done', 'said', 'surprising', 'sequel', 'made', 'even', 'less', 'surprising', 'sequel', 'really', 'pale', 'compared', 'original', 'empire', 'strikes', 'back', 'director', 'irving', 'kirschner', 'drafted', 'unpleasant', 'slightly', 'incoherent', 'overlying', 'film', 'capture', 'magic', 'first', 'film', 'matter', 'hard', 'tries', 'certainly', 'funny', 'first', 'film', 'running', 'none', 'stop', 'corporate', 'satire', 'aiming', 'bit', 'sharper', 'action', 'roaring', 'fast', 'furious', 'bloodmore', 'even', 'meager', 'first', 'film', 'first', 'film', 'earned', 'name', 'nasty', 'bloodsoaked', 'violence', 'including', 'mans', 'genitals', 'blown', 'man', 'blasted', 'pieces', 'memorable', 'violencemore', 'display', 'sadistic', 'gratuitous', 'nature', 'unpleasant', 'meanspirited', 'tone', 'itbut', 'overall', 'film', 'leaves', 'feeling', 'general', 'apathy', 'watching', 'could', 'watching', 'original', 'instead']"
I much fun reading user comments watching movie seems classic either love hate movie say love side I going limb say favorite movie ever thank heavens found first place almost impossible find lucky ten years ago record late night utf channel course liking sellers may make bit based see anyone cornwall dry sense humor like love flick plot great perhaps previous poster said maybe reason widely known movie upset medical field acting great see may say acting horrible made movie great total tackness humor gut bursting I proud say watched film less 20 times pretty much every line memories film genius,positive,"['I', 'much', 'fun', 'reading', 'user', 'comments', 'watching', 'movie', 'seems', 'classic', 'either', 'love', 'hate', 'movie', 'say', 'love', 'side', 'I', 'going', 'limb', 'say', 'favorite', 'movie', 'ever', 'thank', 'heavens', 'found', 'first', 'place', 'almost', 'impossible', 'find', 'lucky', 'ten', 'years', 'ago', 'record', 'late', 'night', 'utf', 'channel', 'course', 'liking', 'sellers', 'may', 'make', 'bit', 'based', 'see', 'anyone', 'cornwall', 'dry', 'sense', 'humor', 'like', 'love', 'flick', 'plot', 'great', 'perhaps', 'previous', 'poster', 'said', 'maybe', 'reason', 'widely', 'known', 'movie', 'upset', 'medical', 'field', 'acting', 'great', 'see', 'may', 'say', 'acting', 'horrible', 'made', 'movie', 'great', 'total', 'tackness', 'humor', 'gut', 'bursting', 'I', 'proud', 'say', 'watched', 'film', 'less', '20', 'times', 'pretty', 'much', 'every', 'line', 'memories', 'film', 'genius']"
three words really required review piece capif enjoyed watching cartoon child find movie complete waste time money best thing two hours auditoriums feet sticking flooryes use names catch phrases even name dog shoeshine reference dog shoeshine boy cartoon name love interest polly miss sweet polly purebredmy wife son drug see dragged see itthe original undergo voiced wall cox ultimate need one voiced someone smart alley teenager knows adults attitudeas stand alone movie awful homage undergo even worse homage retelling story dating story purely attempt cash known title create merchandising next time go store fear see undergo toys panama towels sheets clothing etc macdonald burgher king probably fought kids meal rights thisthe worst part movie however soundtrack undergo theme song ran read silent c beginning great going destroy something let us go wayi knew would probably bad went fears confirmed arrived local 12 plea found opened first day first showing smallest auditoriums one four without stadium seating even theatre people knew going garage save money tickets invest better going buying original series entertaining better production values,negative,"['three', 'words', 'really', 'required', 'review', 'piece', 'capif', 'enjoyed', 'watching', 'cartoon', 'child', 'find', 'movie', 'complete', 'waste', 'time', 'money', 'best', 'thing', 'two', 'hours', 'auditoriums', 'feet', 'sticking', 'flooryes', 'use', 'names', 'catch', 'phrases', 'even', 'name', 'dog', 'shoeshine', 'reference', 'dog', 'shoeshine', 'boy', 'cartoon', 'name', 'love', 'interest', 'polly', 'miss', 'sweet', 'polly', 'purebredmy', 'wife', 'son', 'drug', 'see', 'dragged', 'see', 'itthe', 'original', 'undergo', 'voiced', 'wall', 'cox', 'ultimate', 'need', 'one', 'voiced', 'someone', 'smart', 'alley', 'teenager', 'knows', 'adults', 'attitudeas', 'stand', 'alone', 'movie', 'awful', 'homage', 'undergo', 'even', 'worse', 'homage', 'retelling', 'story', 'dating', 'story', 'purely', 'attempt', 'cash', 'known', 'title', 'create', 'merchandising', 'next', 'time', 'go', 'store', 'fear', 'see', 'undergo', 'toys', 'panama', 'towels', 'sheets', 'clothing', 'etc', 'macdonald', 'burgher', 'king', 'probably', 'fought', 'kids', 'meal', 'rights', 'thisthe', 'worst', 'part', 'movie', 'however', 'soundtrack', 'undergo', 'theme', 'song', 'ran', 'read', 'silent', 'c', 'beginning', 'great', 'going', 'destroy', 'something', 'let', 'us', 'go', 'wayi', 'knew', 'would', 'probably', 'bad', 'went', 'fears', 'confirmed', 'arrived', 'local', '12', 'plea', 'found', 'opened', 'first', 'day', 'first', 'showing', 'smallest', 'auditoriums', 'one', 'four', 'without', 'stadium', 'seating', 'even', 'theatre', 'people', 'knew', 'going', 'garage', 'save', 'money', 'tickets', 'invest', 'better', 'going', 'buying', 'original', 'series', 'entertaining', 'better', 'production', 'values']"
small town kid working big city becomes huge star spiral control shows rise fame fall fame back little rise great cast actors great director great great movie called brodie nightspt anderson amazing director made brodie nights amazing moment movie starts moment ends feel beautiful movie scenes breathtaking literally great story great movie mark whalberg fantastic philip seymour hoffman wonderful everything thomas jane also magnificent although small part played perfection one scene movie get drug deal gone bad scene amazing music acting cinematography combined make amazing hadnt seen brodie nights thank god well rounded huge fan pa paul thomas andersondo whatever watch movie,positive,"['small', 'town', 'kid', 'working', 'big', 'city', 'becomes', 'huge', 'star', 'spiral', 'control', 'shows', 'rise', 'fame', 'fall', 'fame', 'back', 'little', 'rise', 'great', 'cast', 'actors', 'great', 'director', 'great', 'great', 'movie', 'called', 'brodie', 'nightspt', 'anderson', 'amazing', 'director', 'made', 'brodie', 'nights', 'amazing', 'moment', 'movie', 'starts', 'moment', 'ends', 'feel', 'beautiful', 'movie', 'scenes', 'breathtaking', 'literally', 'great', 'story', 'great', 'movie', 'mark', 'whalberg', 'fantastic', 'philip', 'seymour', 'hoffman', 'wonderful', 'everything', 'thomas', 'jane', 'also', 'magnificent', 'although', 'small', 'part', 'played', 'perfection', 'one', 'scene', 'movie', 'get', 'drug', 'deal', 'gone', 'bad', 'scene', 'amazing', 'music', 'acting', 'cinematography', 'combined', 'make', 'amazing', 'hadnt', 'seen', 'brodie', 'nights', 'thank', 'god', 'well', 'rounded', 'huge', 'fan', 'pa', 'paul', 'thomas', 'andersondo', 'whatever', 'watch', 'movie']"
perhaps television series greatest potential series around production values class characters rounded interesting entertainment best aliens quite grotesque underlying humour makes unmissable hope series goes many years many spinoff science fiction bad press justified truly flagship science fiction series thank reason top marks,positive,"['perhaps', 'television', 'series', 'greatest', 'potential', 'series', 'around', 'production', 'values', 'class', 'characters', 'rounded', 'interesting', 'entertainment', 'best', 'aliens', 'quite', 'grotesque', 'underlying', 'humour', 'makes', 'unmissable', 'hope', 'series', 'goes', 'many', 'years', 'many', 'spinoff', 'science', 'fiction', 'bad', 'press', 'justified', 'truly', 'flagship', 'science', 'fiction', 'series', 'thank', 'reason', 'top', 'marks']"
shame lame plot hung picturesque locations documentary style reportage shoved extra length shorter film may held tension little charismatic lead may mangled lines much female lead also allowed enough resulting pretty boring affair build towards end lead actors redemption little late revealed earlier film awful pity exciting nice enough grace schedules early hours,negative,"['shame', 'lame', 'plot', 'hung', 'picturesque', 'locations', 'documentary', 'style', 'reportage', 'shoved', 'extra', 'length', 'shorter', 'film', 'may', 'held', 'tension', 'little', 'charismatic', 'lead', 'may', 'mangled', 'lines', 'much', 'female', 'lead', 'also', 'allowed', 'enough', 'resulting', 'pretty', 'boring', 'affair', 'build', 'towards', 'end', 'lead', 'actors', 'redemption', 'little', 'late', 'revealed', 'earlier', 'film', 'awful', 'pity', 'exciting', 'nice', 'enough', 'grace', 'schedules', 'early', 'hours']"
corn really bad acting womangloves film right par saw movie back 1985 mostly liked sword sorry filmswhat thinking arnold playing high lord trying make sure ancient salesman destroyed blows worldbrigitte neilsen title character time slys girl pretty bad actressmovie producers like cast playboy type women act low budget b moves brigitte cheese sonya arnold acts wooden lord kalidorthere also scandal beganwho original conan movie malariahere plays evil queen gardenan obvious camp conan role one irritating child actors screenerie eyesas prince turn slapped hard sent bedwhat little irritating scut swordfights agent bad music really sucks special effects cheap look 70s like explosion evil queens castle climax movie overall low par film b movie film puffs might like happiness,negative,"['corn', 'really', 'bad', 'acting', 'womangloves', 'film', 'right', 'par', 'saw', 'movie', 'back', '1985', 'mostly', 'liked', 'sword', 'sorry', 'filmswhat', 'thinking', 'arnold', 'playing', 'high', 'lord', 'trying', 'make', 'sure', 'ancient', 'salesman', 'destroyed', 'blows', 'worldbrigitte', 'neilsen', 'title', 'character', 'time', 'slys', 'girl', 'pretty', 'bad', 'actressmovie', 'producers', 'like', 'cast', 'playboy', 'type', 'women', 'act', 'low', 'budget', 'b', 'moves', 'brigitte', 'cheese', 'sonya', 'arnold', 'acts', 'wooden', 'lord', 'kalidorthere', 'also', 'scandal', 'beganwho', 'original', 'conan', 'movie', 'malariahere', 'plays', 'evil', 'queen', 'gardenan', 'obvious', 'camp', 'conan', 'role', 'one', 'irritating', 'child', 'actors', 'screenerie', 'eyesas', 'prince', 'turn', 'slapped', 'hard', 'sent', 'bedwhat', 'little', 'irritating', 'scut', 'swordfights', 'agent', 'bad', 'music', 'really', 'sucks', 'special', 'effects', 'cheap', 'look', '70s', 'like', 'explosion', 'evil', 'queens', 'castle', 'climax', 'movie', 'overall', 'low', 'par', 'film', 'b', 'movie', 'film', 'puffs', 'might', 'like', 'happiness']"
ended watching movie even going reviews request female curiosity thought let find people actually recommend others watch movie quite shocked find long positive reviews webster makes conclude scaras far opinion goes askare filmmakers retarded assume viewer retarded movie atrocious many levels I even talking story presentationso bunch guns plus one girl lead actress form music band guessing constant presence guitar supposed rock band hell dancers started becoming part rock band anyway let accept thebollywoodversionofa rockband amusingly enough scores actually two guitarists kinds cool rock gestures assuming playing instruments sound guitar completely missing simply comprehend magnitude stupidity herei going conclude absolutely worth pointing flaws movie bollywood directors seem shame anymore,negative,"['ended', 'watching', 'movie', 'even', 'going', 'reviews', 'request', 'female', 'curiosity', 'thought', 'let', 'find', 'people', 'actually', 'recommend', 'others', 'watch', 'movie', 'quite', 'shocked', 'find', 'long', 'positive', 'reviews', 'webster', 'makes', 'conclude', 'scaras', 'far', 'opinion', 'goes', 'askare', 'filmmakers', 'retarded', 'assume', 'viewer', 'retarded', 'movie', 'atrocious', 'many', 'levels', 'I', 'even', 'talking', 'story', 'presentationso', 'bunch', 'guns', 'plus', 'one', 'girl', 'lead', 'actress', 'form', 'music', 'band', 'guessing', 'constant', 'presence', 'guitar', 'supposed', 'rock', 'band', 'hell', 'dancers', 'started', 'becoming', 'part', 'rock', 'band', 'anyway', 'let', 'accept', 'thebollywoodversionofa', 'rockband', 'amusingly', 'enough', 'scores', 'actually', 'two', 'guitarists', 'kinds', 'cool', 'rock', 'gestures', 'assuming', 'playing', 'instruments', 'sound', 'guitar', 'completely', 'missing', 'simply', 'comprehend', 'magnitude', 'stupidity', 'herei', 'going', 'conclude', 'absolutely', 'worth', 'pointing', 'flaws', 'movie', 'bollywood', 'directors', 'seem', 'shame', 'anymore']"
although charlie chaplain made great short remedies late 1910s others quite make examples like new job shanghaied come mind would also floorwalker categorycharlie gets mistaken manager department store vice versa manager tries steal money cash register make run charlie honest costume getting blamed missing objects stolen costumesthere many laughs except last couple minutes great scenes escalator rest quite disappointing410,negative,"['although', 'charlie', 'chaplain', 'made', 'great', 'short', 'remedies', 'late', '1910s', 'others', 'quite', 'make', 'examples', 'like', 'new', 'job', 'shanghaied', 'come', 'mind', 'would', 'also', 'floorwalker', 'categorycharlie', 'gets', 'mistaken', 'manager', 'department', 'store', 'vice', 'versa', 'manager', 'tries', 'steal', 'money', 'cash', 'register', 'make', 'run', 'charlie', 'honest', 'costume', 'getting', 'blamed', 'missing', 'objects', 'stolen', 'costumesthere', 'many', 'laughs', 'except', 'last', 'couple', 'minutes', 'great', 'scenes', 'escalator', 'rest', 'quite', 'disappointing410']"
foot loan german plays roy eberhardt new kid school moved montana florida lot different montana despite troubles blending roy discovers bigger problem new franchise restaurant coming town families burrowing owns trouble new kid tomboy brief arson runaway cody linsey stop big business destroying owns home movie pretty good kiss loan german brief arson cody linsey real stars film luke wilson officer delinko okay really big part neither robert wager mayor jimmy buffets mr rannevertheless fun film whole family enjoy first time producer thought jimmy buffets put together quality piece work plus owns really cut,positive,"['foot', 'loan', 'german', 'plays', 'roy', 'eberhardt', 'new', 'kid', 'school', 'moved', 'montana', 'florida', 'lot', 'different', 'montana', 'despite', 'troubles', 'blending', 'roy', 'discovers', 'bigger', 'problem', 'new', 'franchise', 'restaurant', 'coming', 'town', 'families', 'burrowing', 'owns', 'trouble', 'new', 'kid', 'tomboy', 'brief', 'arson', 'runaway', 'cody', 'linsey', 'stop', 'big', 'business', 'destroying', 'owns', 'home', 'movie', 'pretty', 'good', 'kiss', 'loan', 'german', 'brief', 'arson', 'cody', 'linsey', 'real', 'stars', 'film', 'luke', 'wilson', 'officer', 'delinko', 'okay', 'really', 'big', 'part', 'neither', 'robert', 'wager', 'mayor', 'jimmy', 'buffets', 'mr', 'rannevertheless', 'fun', 'film', 'whole', 'family', 'enjoy', 'first', 'time', 'producer', 'thought', 'jimmy', 'buffets', 'put', 'together', 'quality', 'piece', 'work', 'plus', 'owns', 'really', 'cut']"
really matter sherman comic books unbelievably naive target ten year old matters sherman returns bad movie beginninga question dear readers many actually believe sherman defeated bald even space anyone thought soilers let us get major issues right nowfirstly movie looks like commercial scene bar shermanclark kent drinking budweiser scene looks supposed imagine commercial sherman two half hour long let us serious amateur departed actually feel movie way long special effects special waysecondly scenario silly sometimes even something acceptable comic cinema looks stupid like case course dialogue disgrace believe somebody took money write many times fed villain making speeches many times laws physics rapid jesus matter shermans strength also resistance materials dealing many times loss lane fooled kent many times hollywood producers seek story trash comic books since hard make good story weak story started work guns get grip try harder please stay strike forever cares got feeling wag permanently strike offense I questioning lame money people paid quality product deliver case quality point may ask bad yes isthirdly acting weak quite surprise since bryan singer usual suspects directing even space fun one audience rather mood jokes thing comic book hero developed real personality clear motivation also doubts fears depth case nobody job characters really interestingfinally whole effort creator turns movie party second unit bad attracts attention since nothing interesting going screen anyway harder try try funnier gets laugh could expectfinal conclusion one word shame particular movie ladies agents camp waste time waste money stay home read book,negative,"['really', 'matter', 'sherman', 'comic', 'books', 'unbelievably', 'naive', 'target', 'ten', 'year', 'old', 'matters', 'sherman', 'returns', 'bad', 'movie', 'beginninga', 'question', 'dear', 'readers', 'many', 'actually', 'believe', 'sherman', 'defeated', 'bald', 'even', 'space', 'anyone', 'thought', 'soilers', 'let', 'us', 'get', 'major', 'issues', 'right', 'nowfirstly', 'movie', 'looks', 'like', 'commercial', 'scene', 'bar', 'shermanclark', 'kent', 'drinking', 'budweiser', 'scene', 'looks', 'supposed', 'imagine', 'commercial', 'sherman', 'two', 'half', 'hour', 'long', 'let', 'us', 'serious', 'amateur', 'departed', 'actually', 'feel', 'movie', 'way', 'long', 'special', 'effects', 'special', 'waysecondly', 'scenario', 'silly', 'sometimes', 'even', 'something', 'acceptable', 'comic', 'cinema', 'looks', 'stupid', 'like', 'case', 'course', 'dialogue', 'disgrace', 'believe', 'somebody', 'took', 'money', 'write', 'many', 'times', 'fed', 'villain', 'making', 'speeches', 'many', 'times', 'laws', 'physics', 'rapid', 'jesus', 'matter', 'shermans', 'strength', 'also', 'resistance', 'materials', 'dealing', 'many', 'times', 'loss', 'lane', 'fooled', 'kent', 'many', 'times', 'hollywood', 'producers', 'seek', 'story', 'trash', 'comic', 'books', 'since', 'hard', 'make', 'good', 'story', 'weak', 'story', 'started', 'work', 'guns', 'get', 'grip', 'try', 'harder', 'please', 'stay', 'strike', 'forever', 'cares', 'got', 'feeling', 'wag', 'permanently', 'strike', 'offense', 'I', 'questioning', 'lame', 'money', 'people', 'paid', 'quality', 'product', 'deliver', 'case', 'quality', 'point', 'may', 'ask', 'bad', 'yes', 'isthirdly', 'acting', 'weak', 'quite', 'surprise', 'since', 'bryan', 'singer', 'usual', 'suspects', 'directing', 'even', 'space', 'fun', 'one', 'audience', 'rather', 'mood', 'jokes', 'thing', 'comic', 'book', 'hero', 'developed', 'real', 'personality', 'clear', 'motivation', 'also', 'doubts', 'fears', 'depth', 'case', 'nobody', 'job', 'characters', 'really', 'interestingfinally', 'whole', 'effort', 'creator', 'turns', 'movie', 'party', 'second', 'unit', 'bad', 'attracts', 'attention', 'since', 'nothing', 'interesting', 'going', 'screen', 'anyway', 'harder', 'try', 'try', 'funnier', 'gets', 'laugh', 'could', 'expectfinal', 'conclusion', 'one', 'word', 'shame', 'particular', 'movie', 'ladies', 'agents', 'camp', 'waste', 'time', 'waste', 'money', 'stay', 'home', 'read', 'book']"
following movie represents pinnacle 1980s nina gene namely revenge nina salivation fan treated bizarre offering miles nina shenanigans spiritual possessionthe end result dissimilar nature somewhat terrifying experience one spies suggest human poor floating menacingly towards oneself public swimming pooltake instance supposed action packed introduction set places golf course witness evil green clad nina slaying group golfer apparently discernible reason whatsoever although must admit shallow elicit attitude adopted many participants particular sport ink somewhat thoughhomme perhaps murdered themyep relate actually later movie told one golfer top scientist story line never elaborated upon alluded ever againanyway back police proceed surround golf course basically shoot absolute hell assassinand keep shooting stay yes literally hundreds rounds pumped still gets slay evermore law enforcement numbersfinally seems like eternity miscreant detonate smoke bomb disappearsor seems actual fact merely hiding beneath soil upon decidedly formless officers leaving scene search body crawl hiding stagger awaywe next see lovely lucid picked truly beautiful actress superb fit physical condition playing telephone repair worker high vantage point happens spot dying last nina however upon closer investigation man supposedly last legs suddenly leaps upon grappled ground bit struggle fifty heroine manages break free luckily count nina possessing hypnotics powers inevitably succumbs point dying nina actually projects soul heroine intention use corporal form slay officers killed actually manage wipe initiallyfrom point throughout film whenever heroine spots one aforementioned officers subjected overwhelmingly awful cinematic scenes flashing lights smoke effects sword nina bequeathed unto hesitating towards wobbly mannerto make matters complex particularly irritating police officer sports enough back shoulder hair put average oak shame persists trying win affections bloody annoying mannerwell course take gift preconception work rather feeble shock less twist towards end film revealed one officers must slaybut wait hope yet step forward one kosugiyes nina looking cool ever golf club news obviously travels fast upon learning said events transpired flies way japan sort situation suspecting worst brief sub story amounts seconds shes interest particular nina demonstrated personal said villain shown murdered shes fatherteacher blinded one shes eyes thus necessitating wear really decorative looking sword guard eye patchafter stealing dead genesiss body cracking heroine provides uniting abode evil soul matters climax oriental temple seemingly middle nowhere man manages reunite two disjointed aspectsnow animated dead evil nina battle traditional nina style swords winner beingwell yes probably guessreally movie two things going namely always excellent kosugi looks absolutely fantastic role always lovely miss picked shame material found rapid pile ordreoh well fair I seen lot worse time although certainly still recommend desperate complete kosuginina movie collections,negative,"['following', 'movie', 'represents', 'pinnacle', '1980s', 'nina', 'gene', 'namely', 'revenge', 'nina', 'salivation', 'fan', 'treated', 'bizarre', 'offering', 'miles', 'nina', 'shenanigans', 'spiritual', 'possessionthe', 'end', 'result', 'dissimilar', 'nature', 'somewhat', 'terrifying', 'experience', 'one', 'spies', 'suggest', 'human', 'poor', 'floating', 'menacingly', 'towards', 'oneself', 'public', 'swimming', 'pooltake', 'instance', 'supposed', 'action', 'packed', 'introduction', 'set', 'places', 'golf', 'course', 'witness', 'evil', 'green', 'clad', 'nina', 'slaying', 'group', 'golfer', 'apparently', 'discernible', 'reason', 'whatsoever', 'although', 'must', 'admit', 'shallow', 'elicit', 'attitude', 'adopted', 'many', 'participants', 'particular', 'sport', 'ink', 'somewhat', 'thoughhomme', 'perhaps', 'murdered', 'themyep', 'relate', 'actually', 'later', 'movie', 'told', 'one', 'golfer', 'top', 'scientist', 'story', 'line', 'never', 'elaborated', 'upon', 'alluded', 'ever', 'againanyway', 'back', 'police', 'proceed', 'surround', 'golf', 'course', 'basically', 'shoot', 'absolute', 'hell', 'assassinand', 'keep', 'shooting', 'stay', 'yes', 'literally', 'hundreds', 'rounds', 'pumped', 'still', 'gets', 'slay', 'evermore', 'law', 'enforcement', 'numbersfinally', 'seems', 'like', 'eternity', 'miscreant', 'detonate', 'smoke', 'bomb', 'disappearsor', 'seems', 'actual', 'fact', 'merely', 'hiding', 'beneath', 'soil', 'upon', 'decidedly', 'formless', 'officers', 'leaving', 'scene', 'search', 'body', 'crawl', 'hiding', 'stagger', 'awaywe', 'next', 'see', 'lovely', 'lucid', 'picked', 'truly', 'beautiful', 'actress', 'superb', 'fit', 'physical', 'condition', 'playing', 'telephone', 'repair', 'worker', 'high', 'vantage', 'point', 'happens', 'spot', 'dying', 'last', 'nina', 'however', 'upon', 'closer', 'investigation', 'man', 'supposedly', 'last', 'legs', 'suddenly', 'leaps', 'upon', 'grappled', 'ground', 'bit', 'struggle', 'fifty', 'heroine', 'manages', 'break', 'free', 'luckily', 'count', 'nina', 'possessing', 'hypnotics', 'powers', 'inevitably', 'succumbs', 'point', 'dying', 'nina', 'actually', 'projects', 'soul', 'heroine', 'intention', 'use', 'corporal', 'form', 'slay', 'officers', 'killed', 'actually', 'manage', 'wipe', 'initiallyfrom', 'point', 'throughout', 'film', 'whenever', 'heroine', 'spots', 'one', 'aforementioned', 'officers', 'subjected', 'overwhelmingly', 'awful', 'cinematic', 'scenes', 'flashing', 'lights', 'smoke', 'effects', 'sword', 'nina', 'bequeathed', 'unto', 'hesitating', 'towards', 'wobbly', 'mannerto', 'make', 'matters', 'complex', 'particularly', 'irritating', 'police', 'officer', 'sports', 'enough', 'back', 'shoulder', 'hair', 'put', 'average', 'oak', 'shame', 'persists', 'trying', 'win', 'affections', 'bloody', 'annoying', 'mannerwell', 'course', 'take', 'gift', 'preconception', 'work', 'rather', 'feeble', 'shock', 'less', 'twist', 'towards', 'end', 'film', 'revealed', 'one', 'officers', 'must', 'slaybut', 'wait', 'hope', 'yet', 'step', 'forward', 'one', 'kosugiyes', 'nina', 'looking', 'cool', 'ever', 'golf', 'club', 'news', 'obviously', 'travels', 'fast', 'upon', 'learning', 'said', 'events', 'transpired', 'flies', 'way', 'japan', 'sort', 'situation', 'suspecting', 'worst', 'brief', 'sub', 'story', 'amounts', 'seconds', 'shes', 'interest', 'particular', 'nina', 'demonstrated', 'personal', 'said', 'villain', 'shown', 'murdered', 'shes', 'fatherteacher', 'blinded', 'one', 'shes', 'eyes', 'thus', 'necessitating', 'wear', 'really', 'decorative', 'looking', 'sword', 'guard', 'eye', 'patchafter', 'stealing', 'dead', 'genesiss', 'body', 'cracking', 'heroine', 'provides', 'uniting', 'abode', 'evil', 'soul', 'matters', 'climax', 'oriental', 'temple', 'seemingly', 'middle', 'nowhere', 'man', 'manages', 'reunite', 'two', 'disjointed', 'aspectsnow', 'animated', 'dead', 'evil', 'nina', 'battle', 'traditional', 'nina', 'style', 'swords', 'winner', 'beingwell', 'yes', 'probably', 'guessreally', 'movie', 'two', 'things', 'going', 'namely', 'always', 'excellent', 'kosugi', 'looks', 'absolutely', 'fantastic', 'role', 'always', 'lovely', 'miss', 'picked', 'shame', 'material', 'found', 'rapid', 'pile', 'ordreoh', 'well', 'fair', 'I', 'seen', 'lot', 'worse', 'time', 'although', 'certainly', 'still', 'recommend', 'desperate', 'complete', 'kosuginina', 'movie', 'collections']"
characters original hurts little skinny work computer week funny africanamerican stupid clinch punchlines cool white guy compassion cars handsome leader ends pretty girl actors best mediocre except norton pretty good job bad guy rest movie also stupid total waste time group spoiled boys using world playground every safe big house keeps food table mean work living rob peopleand f masses traffic lights major european city middle origin day think damages say deaths among innocent civilians ambulance firetrucks created compassion main characters weather mr wahlberg gets bloody gold could give less part,negative,"['characters', 'original', 'hurts', 'little', 'skinny', 'work', 'computer', 'week', 'funny', 'africanamerican', 'stupid', 'clinch', 'punchlines', 'cool', 'white', 'guy', 'compassion', 'cars', 'handsome', 'leader', 'ends', 'pretty', 'girl', 'actors', 'best', 'mediocre', 'except', 'norton', 'pretty', 'good', 'job', 'bad', 'guy', 'rest', 'movie', 'also', 'stupid', 'total', 'waste', 'time', 'group', 'spoiled', 'boys', 'using', 'world', 'playground', 'every', 'safe', 'big', 'house', 'keeps', 'food', 'table', 'mean', 'work', 'living', 'rob', 'peopleand', 'f', 'masses', 'traffic', 'lights', 'major', 'european', 'city', 'middle', 'origin', 'day', 'think', 'damages', 'say', 'deaths', 'among', 'innocent', 'civilians', 'ambulance', 'firetrucks', 'created', 'compassion', 'main', 'characters', 'weather', 'mr', 'wahlberg', 'gets', 'bloody', 'gold', 'could', 'give', 'less', 'part']"
carl young girl center story transplanted foreign land spain height civil war conflict late girl everything new foreigners war father constant worries immense provincial culture years behind new yorkmanor urine directs film numbers carls family obviously divided carls mother married someone air force pilot dentist faction rest familys sympathies franco fascists conflictthe story adds nothing already told much better easy film watch northern spains magnificent landscape shown expect lot action since happens revolves around carl young boys befriendclara ago plays carl sincerity innocence maria barranco carls mother aroma one went away america rosa maria said marya teacher befriend carl carrel gomez plays allons man aroma left behind left america actor usually lead roles spanish films anything remains enigma throughout movie,positive,"['carl', 'young', 'girl', 'center', 'story', 'transplanted', 'foreign', 'land', 'spain', 'height', 'civil', 'war', 'conflict', 'late', 'girl', 'everything', 'new', 'foreigners', 'war', 'father', 'constant', 'worries', 'immense', 'provincial', 'culture', 'years', 'behind', 'new', 'yorkmanor', 'urine', 'directs', 'film', 'numbers', 'carls', 'family', 'obviously', 'divided', 'carls', 'mother', 'married', 'someone', 'air', 'force', 'pilot', 'dentist', 'faction', 'rest', 'familys', 'sympathies', 'franco', 'fascists', 'conflictthe', 'story', 'adds', 'nothing', 'already', 'told', 'much', 'better', 'easy', 'film', 'watch', 'northern', 'spains', 'magnificent', 'landscape', 'shown', 'expect', 'lot', 'action', 'since', 'happens', 'revolves', 'around', 'carl', 'young', 'boys', 'befriendclara', 'ago', 'plays', 'carl', 'sincerity', 'innocence', 'maria', 'barranco', 'carls', 'mother', 'aroma', 'one', 'went', 'away', 'america', 'rosa', 'maria', 'said', 'marya', 'teacher', 'befriend', 'carl', 'carrel', 'gomez', 'plays', 'allons', 'man', 'aroma', 'left', 'behind', 'left', 'america', 'actor', 'usually', 'lead', 'roles', 'spanish', 'films', 'anything', 'remains', 'enigma', 'throughout', 'movie']"
complex documentary shows many things early gay life put perspective gay word used homesexual revolution gay description still used way today believe film comes circle 1968 1989 released 1993 aroundi touched documentaries capturing one mans love another 20 odd year period love expressed ways true love many scenes incredible empty pain along scenes joy pleasure scenes life homesexual life gay film work love believe diamondat least one get film understanding devastating impact aids write thinking much earlier film seems set advances medical political social sciences culture taken place since film set 15 years ago amazing however obviously case disease aids done yet neck guess done frontsanyway pretty dark good documentary I would encourage anyone feels quite understand gay life gay issues devastation aids watch film,positive,"['complex', 'documentary', 'shows', 'many', 'things', 'early', 'gay', 'life', 'put', 'perspective', 'gay', 'word', 'used', 'homesexual', 'revolution', 'gay', 'description', 'still', 'used', 'way', 'today', 'believe', 'film', 'comes', 'circle', '1968', '1989', 'released', '1993', 'aroundi', 'touched', 'documentaries', 'capturing', 'one', 'mans', 'love', 'another', '20', 'odd', 'year', 'period', 'love', 'expressed', 'ways', 'true', 'love', 'many', 'scenes', 'incredible', 'empty', 'pain', 'along', 'scenes', 'joy', 'pleasure', 'scenes', 'life', 'homesexual', 'life', 'gay', 'film', 'work', 'love', 'believe', 'diamondat', 'least', 'one', 'get', 'film', 'understanding', 'devastating', 'impact', 'aids', 'write', 'thinking', 'much', 'earlier', 'film', 'seems', 'set', 'advances', 'medical', 'political', 'social', 'sciences', 'culture', 'taken', 'place', 'since', 'film', 'set', '15', 'years', 'ago', 'amazing', 'however', 'obviously', 'case', 'disease', 'aids', 'done', 'yet', 'neck', 'guess', 'done', 'frontsanyway', 'pretty', 'dark', 'good', 'documentary', 'I', 'would', 'encourage', 'anyone', 'feels', 'quite', 'understand', 'gay', 'life', 'gay', 'issues', 'devastation', 'aids', 'watch', 'film']"
recently able catch films marion miller since shown tm upi much intrigues years one superstars waswhat really liketo stars era like wilson magic still shines throughbut alas millerher dancing seems awkward poorly choreographedher singing somewhat limited actress makes ruby keeper seem like hepburneven worse film public grown tired musical virtually musical numbers deleteso left comedy period little real appealshe paid 500000 thisso two conclusioneither poorly served cinema talent alli think truth nearer later former,negative,"['recently', 'able', 'catch', 'films', 'marion', 'miller', 'since', 'shown', 'tm', 'upi', 'much', 'intrigues', 'years', 'one', 'superstars', 'waswhat', 'really', 'liketo', 'stars', 'era', 'like', 'wilson', 'magic', 'still', 'shines', 'throughbut', 'alas', 'millerher', 'dancing', 'seems', 'awkward', 'poorly', 'choreographedher', 'singing', 'somewhat', 'limited', 'actress', 'makes', 'ruby', 'keeper', 'seem', 'like', 'hepburneven', 'worse', 'film', 'public', 'grown', 'tired', 'musical', 'virtually', 'musical', 'numbers', 'deleteso', 'left', 'comedy', 'period', 'little', 'real', 'appealshe', 'paid', '500000', 'thisso', 'two', 'conclusioneither', 'poorly', 'served', 'cinema', 'talent', 'alli', 'think', 'truth', 'nearer', 'later', 'former']"
spoiled wolfcreek meets texas chains massacreif seen waste time one typical slashed movie nothing new except spoiled visions add fluff already weak plot would recommend movie absolutely nothing watch either see movie stare bare wall 15 semiinteresting part spoiled thick starts drinking empty sheriffs office say interesting least made good use liquor instead stereotypically using start fire kill bad guy although go route towards end lame bad worth effort,negative,"['spoiled', 'wolfcreek', 'meets', 'texas', 'chains', 'massacreif', 'seen', 'waste', 'time', 'one', 'typical', 'slashed', 'movie', 'nothing', 'new', 'except', 'spoiled', 'visions', 'add', 'fluff', 'already', 'weak', 'plot', 'would', 'recommend', 'movie', 'absolutely', 'nothing', 'watch', 'either', 'see', 'movie', 'stare', 'bare', 'wall', '15', 'semiinteresting', 'part', 'spoiled', 'thick', 'starts', 'drinking', 'empty', 'sheriffs', 'office', 'say', 'interesting', 'least', 'made', 'good', 'use', 'liquor', 'instead', 'stereotypically', 'using', 'start', 'fire', 'kill', 'bad', 'guy', 'although', 'go', 'route', 'towards', 'end', 'lame', 'bad', 'worth', 'effort']"
caputter cap believe company could even get people work film like full moon number awful films got worst first plot exist odd like took idea story kind never really got around developing seemed wasted lot time filling outside shots two heroes drove around desert bradbury talks nonsense 10 minutes two scenes movie de dizzy driving de bradbury driving went onit almost like 2 music video place diploe action drove 5 minutes nothing music shots surrounding landscapenext come acting simply horrible first girl plays dizzy beast scar looking wanted look away screen horrible casting guy played de could act life depended crying actually funny madman antics even funnier guy plays desk clerk hotel bad guy plays bradbury acting deserves recognition movie whatsoeverthe make effectsmmm anyone say pathetic effects face laughable crazy little root looking catepillar thing grabs onto someone cut away come back guy completely face looking flesh wound nice run money make budget must say druggist thick one girls apartmentnice make think going dragged look think supposed black guy looked like cheap combine make halloweenthis movie horrible start story stupid original direction looks performed 10 year old acting lowest low stay away movie costs 70 minutes long first place least 20 minutes taken either music diploe character sitting around hotel waste time piece garage,negative,"['caputter', 'cap', 'believe', 'company', 'could', 'even', 'get', 'people', 'work', 'film', 'like', 'full', 'moon', 'number', 'awful', 'films', 'got', 'worst', 'first', 'plot', 'exist', 'odd', 'like', 'took', 'idea', 'story', 'kind', 'never', 'really', 'got', 'around', 'developing', 'seemed', 'wasted', 'lot', 'time', 'filling', 'outside', 'shots', 'two', 'heroes', 'drove', 'around', 'desert', 'bradbury', 'talks', 'nonsense', '10', 'minutes', 'two', 'scenes', 'movie', 'de', 'dizzy', 'driving', 'de', 'bradbury', 'driving', 'went', 'onit', 'almost', 'like', '2', 'music', 'video', 'place', 'diploe', 'action', 'drove', '5', 'minutes', 'nothing', 'music', 'shots', 'surrounding', 'landscapenext', 'come', 'acting', 'simply', 'horrible', 'first', 'girl', 'plays', 'dizzy', 'beast', 'scar', 'looking', 'wanted', 'look', 'away', 'screen', 'horrible', 'casting', 'guy', 'played', 'de', 'could', 'act', 'life', 'depended', 'crying', 'actually', 'funny', 'madman', 'antics', 'even', 'funnier', 'guy', 'plays', 'desk', 'clerk', 'hotel', 'bad', 'guy', 'plays', 'bradbury', 'acting', 'deserves', 'recognition', 'movie', 'whatsoeverthe', 'make', 'effectsmmm', 'anyone', 'say', 'pathetic', 'effects', 'face', 'laughable', 'crazy', 'little', 'root', 'looking', 'catepillar', 'thing', 'grabs', 'onto', 'someone', 'cut', 'away', 'come', 'back', 'guy', 'completely', 'face', 'looking', 'flesh', 'wound', 'nice', 'run', 'money', 'make', 'budget', 'must', 'say', 'druggist', 'thick', 'one', 'girls', 'apartmentnice', 'make', 'think', 'going', 'dragged', 'look', 'think', 'supposed', 'black', 'guy', 'looked', 'like', 'cheap', 'combine', 'make', 'halloweenthis', 'movie', 'horrible', 'start', 'story', 'stupid', 'original', 'direction', 'looks', 'performed', '10', 'year', 'old', 'acting', 'lowest', 'low', 'stay', 'away', 'movie', 'costs', '70', 'minutes', 'long', 'first', 'place', 'least', '20', 'minutes', 'taken', 'either', 'music', 'diploe', 'character', 'sitting', 'around', 'hotel', 'waste', 'time', 'piece', 'garage']"
went see movie expecting nice relaxing time theater younger sister instead really control order convince scared many ways still children´s story screenplay lot potential could one caries moves planned another audience,positive,"['went', 'see', 'movie', 'expecting', 'nice', 'relaxing', 'time', 'theater', 'younger', 'sister', 'instead', 'really', 'control', 'order', 'convince', 'scared', 'many', 'ways', 'still', 'children´s', 'story', 'screenplay', 'lot', 'potential', 'could', 'one', 'caries', 'moves', 'planned', 'another', 'audience']"
ripoff cellular bad casting bad direction bad musicand list goes onwell direction since story scenes setting lifted straight movie even fight sequence copied one face kill bill another one fire either jet lis jacket thans movie able recall name movie stay away cheap imitation try see real thing expected something original baths,negative,"['ripoff', 'cellular', 'bad', 'casting', 'bad', 'direction', 'bad', 'musicand', 'list', 'goes', 'onwell', 'direction', 'since', 'story', 'scenes', 'setting', 'lifted', 'straight', 'movie', 'even', 'fight', 'sequence', 'copied', 'one', 'face', 'kill', 'bill', 'another', 'one', 'fire', 'either', 'jet', 'lis', 'jacket', 'thans', 'movie', 'able', 'recall', 'name', 'movie', 'stay', 'away', 'cheap', 'imitation', 'try', 'see', 'real', 'thing', 'expected', 'something', 'original', 'baths']"
cunningly beautiful charlotte lewis stars woman temporized ghosts torment phonedriven edge terror charlotte forced confront shilling mystery order save vanity lifei believe rugged deodatothe director behind ultimo monro hannibalhannibal holocausts house edge park directed absurd piece trashadmittedly music gobelin front man claude simonetti pretty goodbut story painfully stupidthe script franco fearing ridiculous makes sensethe acting bad absolutely suspensethe scene prospective rapid charlotte lewis killed coins ejected subways telephone laughabledo waste time piece capthere far better italian horror moves,negative,"['cunningly', 'beautiful', 'charlotte', 'lewis', 'stars', 'woman', 'temporized', 'ghosts', 'torment', 'phonedriven', 'edge', 'terror', 'charlotte', 'forced', 'confront', 'shilling', 'mystery', 'order', 'save', 'vanity', 'lifei', 'believe', 'rugged', 'deodatothe', 'director', 'behind', 'ultimo', 'monro', 'hannibalhannibal', 'holocausts', 'house', 'edge', 'park', 'directed', 'absurd', 'piece', 'trashadmittedly', 'music', 'gobelin', 'front', 'man', 'claude', 'simonetti', 'pretty', 'goodbut', 'story', 'painfully', 'stupidthe', 'script', 'franco', 'fearing', 'ridiculous', 'makes', 'sensethe', 'acting', 'bad', 'absolutely', 'suspensethe', 'scene', 'prospective', 'rapid', 'charlotte', 'lewis', 'killed', 'coins', 'ejected', 'subways', 'telephone', 'laughabledo', 'waste', 'time', 'piece', 'capthere', 'far', 'better', 'italian', 'horror', 'moves']"
movie music currently played istanbul istanbul center two old world superpowers byzantine empire ottoman empire today megalopolis almost 10 million ones surprise lot music played istanbul great variety voices style influences everywhere globe turkish music course fascinate turkish music ever since bought first record long time ago movie features different singers instrumentalists bands spoken comments musicians nicely illustrate music played social context modern turkey perspective interesting comments organ gencebay furthermore moves shows urban scenery mainly istanbul pleasant watchcrossing bridge listed documentary includes music minorities eg words rome important topics omitted turkish jazz music music armenians greeksthis movie strongly recommended lovers music culture turkey balkan eastern mediterranean middle east may also worthwhile keen interest global effects musical style rock roll hip hop,positive,"['movie', 'music', 'currently', 'played', 'istanbul', 'istanbul', 'center', 'two', 'old', 'world', 'superpowers', 'byzantine', 'empire', 'ottoman', 'empire', 'today', 'megalopolis', 'almost', '10', 'million', 'ones', 'surprise', 'lot', 'music', 'played', 'istanbul', 'great', 'variety', 'voices', 'style', 'influences', 'everywhere', 'globe', 'turkish', 'music', 'course', 'fascinate', 'turkish', 'music', 'ever', 'since', 'bought', 'first', 'record', 'long', 'time', 'ago', 'movie', 'features', 'different', 'singers', 'instrumentalists', 'bands', 'spoken', 'comments', 'musicians', 'nicely', 'illustrate', 'music', 'played', 'social', 'context', 'modern', 'turkey', 'perspective', 'interesting', 'comments', 'organ', 'gencebay', 'furthermore', 'moves', 'shows', 'urban', 'scenery', 'mainly', 'istanbul', 'pleasant', 'watchcrossing', 'bridge', 'listed', 'documentary', 'includes', 'music', 'minorities', 'eg', 'words', 'rome', 'important', 'topics', 'omitted', 'turkish', 'jazz', 'music', 'music', 'armenians', 'greeksthis', 'movie', 'strongly', 'recommended', 'lovers', 'music', 'culture', 'turkey', 'balkan', 'eastern', 'mediterranean', 'middle', 'east', 'may', 'also', 'worthwhile', 'keen', 'interest', 'global', 'effects', 'musical', 'style', 'rock', 'roll', 'hip', 'hop']"
fine performance vittorio mezzogiorno wasteful one jeanhughes angle adorn strange tale lust desire alteration france work two lead performer strikingsubtle intense passionate alas script deliberately turbid sordid overall effect leaves one downcast spirit still appreciate fine quality acting able savor courageous work leads often difficult film journey garlic low life,positive,"['fine', 'performance', 'vittorio', 'mezzogiorno', 'wasteful', 'one', 'jeanhughes', 'angle', 'adorn', 'strange', 'tale', 'lust', 'desire', 'alteration', 'france', 'work', 'two', 'lead', 'performer', 'strikingsubtle', 'intense', 'passionate', 'alas', 'script', 'deliberately', 'turbid', 'sordid', 'overall', 'effect', 'leaves', 'one', 'downcast', 'spirit', 'still', 'appreciate', 'fine', 'quality', 'acting', 'able', 'savor', 'courageous', 'work', 'leads', 'often', 'difficult', 'film', 'journey', 'garlic', 'low', 'life']"
first see movie best list awards compared la pianiste also best list la pianiste gold movie lacked many things many different levels quite explain disliked much lead actor annoying felt though never knew going bored even though supposed worthwhile life change pierre starting wanted end soon possible sister cousin ugh chipault get mean bipolar turned mean also miss whole purpose guy black people playing music big basement big warehouse weird equipment guns extra rooms people live mean seriousness invest happen lot french culture european culture took 5 years learning culture never heard anything,negative,"['first', 'see', 'movie', 'best', 'list', 'awards', 'compared', 'la', 'pianiste', 'also', 'best', 'list', 'la', 'pianiste', 'gold', 'movie', 'lacked', 'many', 'things', 'many', 'different', 'levels', 'quite', 'explain', 'disliked', 'much', 'lead', 'actor', 'annoying', 'felt', 'though', 'never', 'knew', 'going', 'bored', 'even', 'though', 'supposed', 'worthwhile', 'life', 'change', 'pierre', 'starting', 'wanted', 'end', 'soon', 'possible', 'sister', 'cousin', 'ugh', 'chipault', 'get', 'mean', 'bipolar', 'turned', 'mean', 'also', 'miss', 'whole', 'purpose', 'guy', 'black', 'people', 'playing', 'music', 'big', 'basement', 'big', 'warehouse', 'weird', 'equipment', 'guns', 'extra', 'rooms', 'people', 'live', 'mean', 'seriousness', 'invest', 'happen', 'lot', 'french', 'culture', 'european', 'culture', 'took', '5', 'years', 'learning', 'culture', 'never', 'heard', 'anything']"
low budget crocodile movie really delivers goods fact inspired true events would mean little wound face looking crocodile bad cgi obvious studio setting fortunately none involved terrific realistic film crocodile real cgi location filling takes place actual australian swamp actors obviously inspired create much realism possible performances succeed place predicament testament realistically black water translated entertainment highly recommended mere,positive,"['low', 'budget', 'crocodile', 'movie', 'really', 'delivers', 'goods', 'fact', 'inspired', 'true', 'events', 'would', 'mean', 'little', 'wound', 'face', 'looking', 'crocodile', 'bad', 'cgi', 'obvious', 'studio', 'setting', 'fortunately', 'none', 'involved', 'terrific', 'realistic', 'film', 'crocodile', 'real', 'cgi', 'location', 'filling', 'takes', 'place', 'actual', 'australian', 'swamp', 'actors', 'obviously', 'inspired', 'create', 'much', 'realism', 'possible', 'performances', 'succeed', 'place', 'predicament', 'testament', 'realistically', 'black', 'water', 'translated', 'entertainment', 'highly', 'recommended', 'mere']"
man really wanted like shows starving good television applaud tent providing opportunities sadly minority guess comes cinematic stephen king brilliant kings writing irony simply translate well screen big small exceptions king experience filled impact stories read many people would disagree I sure heart hearts admit best filled king story pale memory one read reason simple average king story takes place mindescape characters story gives us glimpses inner thoughts emotions sometimes fractured unreal points view short king takes reader places put panavision camera audience watching filled king left less half information reader access far stretch claim one becomes character king story read whereas one limited petty voyeurism character filled long king writes hollywood try shooting everything comes word processor without regard whether blame filmmakers trying takes incredible amount talent circumspection pull elusive stephen king adaptation works task akin turning lead gold arcade zen mastery oh well better luck next time,negative,"['man', 'really', 'wanted', 'like', 'shows', 'starving', 'good', 'television', 'applaud', 'tent', 'providing', 'opportunities', 'sadly', 'minority', 'guess', 'comes', 'cinematic', 'stephen', 'king', 'brilliant', 'kings', 'writing', 'irony', 'simply', 'translate', 'well', 'screen', 'big', 'small', 'exceptions', 'king', 'experience', 'filled', 'impact', 'stories', 'read', 'many', 'people', 'would', 'disagree', 'I', 'sure', 'heart', 'hearts', 'admit', 'best', 'filled', 'king', 'story', 'pale', 'memory', 'one', 'read', 'reason', 'simple', 'average', 'king', 'story', 'takes', 'place', 'mindescape', 'characters', 'story', 'gives', 'us', 'glimpses', 'inner', 'thoughts', 'emotions', 'sometimes', 'fractured', 'unreal', 'points', 'view', 'short', 'king', 'takes', 'reader', 'places', 'put', 'panavision', 'camera', 'audience', 'watching', 'filled', 'king', 'left', 'less', 'half', 'information', 'reader', 'access', 'far', 'stretch', 'claim', 'one', 'becomes', 'character', 'king', 'story', 'read', 'whereas', 'one', 'limited', 'petty', 'voyeurism', 'character', 'filled', 'long', 'king', 'writes', 'hollywood', 'try', 'shooting', 'everything', 'comes', 'word', 'processor', 'without', 'regard', 'whether', 'blame', 'filmmakers', 'trying', 'takes', 'incredible', 'amount', 'talent', 'circumspection', 'pull', 'elusive', 'stephen', 'king', 'adaptation', 'works', 'task', 'akin', 'turning', 'lead', 'gold', 'arcade', 'zen', 'mastery', 'oh', 'well', 'better', 'luck', 'next', 'time']"
spoiled warning sad state cinema professional june like considered oscar worthyi divide material three levels first stage theatre viewer stagnant power rests presentation actor importantly power writer good playwright better good screenwriter knows ways words better best playwrights know create image barren stage showthe second level film medium weaker writer used viewer sitting one spot entire time film context take qualities visual poetry meaning addition strong writing furthermore film manipulate everyday elements like sound color ways almost surreythe final level literature context everything imagined author translated onto paper reimagined reader far detail go novel conceivable film studiothis adaptations go never novelizations never better base film see timeperdozen ones local book store whereas film convey power original book catch22 lot moves rarely made plays plays always made movesas last picture show fails film stick stage director stupid shoot anything right characters talk act pure futility add obnoxious soundtrack entirely unwatchable filmi saw high school drama class 20 wannabe hessians instructor raved sad movie sad stagnant work considered depressing material hilarious color scenes impotence pool party old hooker would considered great comedy look local american graffiti years laterthe american secondary education system needs start teaching film rather trying teach film two usually powerful downbeat films apocalypse barry london rely last want see 1 5,negative,"['spoiled', 'warning', 'sad', 'state', 'cinema', 'professional', 'june', 'like', 'considered', 'oscar', 'worthyi', 'divide', 'material', 'three', 'levels', 'first', 'stage', 'theatre', 'viewer', 'stagnant', 'power', 'rests', 'presentation', 'actor', 'importantly', 'power', 'writer', 'good', 'playwright', 'better', 'good', 'screenwriter', 'knows', 'ways', 'words', 'better', 'best', 'playwrights', 'know', 'create', 'image', 'barren', 'stage', 'showthe', 'second', 'level', 'film', 'medium', 'weaker', 'writer', 'used', 'viewer', 'sitting', 'one', 'spot', 'entire', 'time', 'film', 'context', 'take', 'qualities', 'visual', 'poetry', 'meaning', 'addition', 'strong', 'writing', 'furthermore', 'film', 'manipulate', 'everyday', 'elements', 'like', 'sound', 'color', 'ways', 'almost', 'surreythe', 'final', 'level', 'literature', 'context', 'everything', 'imagined', 'author', 'translated', 'onto', 'paper', 'reimagined', 'reader', 'far', 'detail', 'go', 'novel', 'conceivable', 'film', 'studiothis', 'adaptations', 'go', 'never', 'novelizations', 'never', 'better', 'base', 'film', 'see', 'timeperdozen', 'ones', 'local', 'book', 'store', 'whereas', 'film', 'convey', 'power', 'original', 'book', 'catch22', 'lot', 'moves', 'rarely', 'made', 'plays', 'plays', 'always', 'made', 'movesas', 'last', 'picture', 'show', 'fails', 'film', 'stick', 'stage', 'director', 'stupid', 'shoot', 'anything', 'right', 'characters', 'talk', 'act', 'pure', 'futility', 'add', 'obnoxious', 'soundtrack', 'entirely', 'unwatchable', 'filmi', 'saw', 'high', 'school', 'drama', 'class', '20', 'wannabe', 'hessians', 'instructor', 'raved', 'sad', 'movie', 'sad', 'stagnant', 'work', 'considered', 'depressing', 'material', 'hilarious', 'color', 'scenes', 'impotence', 'pool', 'party', 'old', 'hooker', 'would', 'considered', 'great', 'comedy', 'look', 'local', 'american', 'graffiti', 'years', 'laterthe', 'american', 'secondary', 'education', 'system', 'needs', 'start', 'teaching', 'film', 'rather', 'trying', 'teach', 'film', 'two', 'usually', 'powerful', 'downbeat', 'films', 'apocalypse', 'barry', 'london', 'rely', 'last', 'want', 'see', '1', '5']"
2002s undeservedly popular love 80s insane idiotic offensive downright disgusting popculture mess show first longline horrid television programming ultimately spelled end one time real musictormented channel left used practically live spring winter forget one 2002 garage like started appear absolutely reason whatsoever sheer morbid curiosity I would guess You would call decided would go ahead give looksee anyhow first night came even though advertisements looked like complete cap least honestly say bit disappointed expectations obviously bottom basementlevel begin emphasis show found within first 5 minutes less year 1980s cultural significant popular expecting see instead impromptu platform whole slew really godawful noname comedian display likely think comedy skill rolls eyesmore like lackthereof ask pretty easy see one ever heard idiot appeared show terribly funny pathetic attempts socalled humor swear could feel intestines knot every rapid oneline shot one another altogether problem saying love 80s wasis trash lowest denomination one main reasons almost never watch anymore,negative,"['2002s', 'undeservedly', 'popular', 'love', '80s', 'insane', 'idiotic', 'offensive', 'downright', 'disgusting', 'popculture', 'mess', 'show', 'first', 'longline', 'horrid', 'television', 'programming', 'ultimately', 'spelled', 'end', 'one', 'time', 'real', 'musictormented', 'channel', 'left', 'used', 'practically', 'live', 'spring', 'winter', 'forget', 'one', '2002', 'garage', 'like', 'started', 'appear', 'absolutely', 'reason', 'whatsoever', 'sheer', 'morbid', 'curiosity', 'I', 'would', 'guess', 'You', 'would', 'call', 'decided', 'would', 'go', 'ahead', 'give', 'looksee', 'anyhow', 'first', 'night', 'came', 'even', 'though', 'advertisements', 'looked', 'like', 'complete', 'cap', 'least', 'honestly', 'say', 'bit', 'disappointed', 'expectations', 'obviously', 'bottom', 'basementlevel', 'begin', 'emphasis', 'show', 'found', 'within', 'first', '5', 'minutes', 'less', 'year', '1980s', 'cultural', 'significant', 'popular', 'expecting', 'see', 'instead', 'impromptu', 'platform', 'whole', 'slew', 'really', 'godawful', 'noname', 'comedian', 'display', 'likely', 'think', 'comedy', 'skill', 'rolls', 'eyesmore', 'like', 'lackthereof', 'ask', 'pretty', 'easy', 'see', 'one', 'ever', 'heard', 'idiot', 'appeared', 'show', 'terribly', 'funny', 'pathetic', 'attempts', 'socalled', 'humor', 'swear', 'could', 'feel', 'intestines', 'knot', 'every', 'rapid', 'oneline', 'shot', 'one', 'another', 'altogether', 'problem', 'saying', 'love', '80s', 'wasis', 'trash', 'lowest', 'denomination', 'one', 'main', 'reasons', 'almost', 'never', 'watch', 'anymore']"
fan turkish middle eastern music great luck film documentary current music istanbul spanning traditional modern good could better went istanbul get interviews organ gencebay concert clips modern musical icons road show roman gypsy audience turkish hip hop surprisingly good much much best female socialists I ever heard furnish woman singing human steam bath rip heart lots social political background thing grand time could barely sit still theatred soundtrack available amazon prices,positive,"['fan', 'turkish', 'middle', 'eastern', 'music', 'great', 'luck', 'film', 'documentary', 'current', 'music', 'istanbul', 'spanning', 'traditional', 'modern', 'good', 'could', 'better', 'went', 'istanbul', 'get', 'interviews', 'organ', 'gencebay', 'concert', 'clips', 'modern', 'musical', 'icons', 'road', 'show', 'roman', 'gypsy', 'audience', 'turkish', 'hip', 'hop', 'surprisingly', 'good', 'much', 'much', 'best', 'female', 'socialists', 'I', 'ever', 'heard', 'furnish', 'woman', 'singing', 'human', 'steam', 'bath', 'rip', 'heart', 'lots', 'social', 'political', 'background', 'thing', 'grand', 'time', 'could', 'barely', 'sit', 'still', 'theatred', 'soundtrack', 'available', 'amazon', 'prices']"
weekend watched movie tapping velvet score movie 100 would give 100 question asked true believer true love movie moved clot different ways actors fit parts without doubt say ending great see spark nancy eyes ever looked flows eyes eyes spared time looked kitty kitty room nancys thought nancy would glow spark kitty told nancy could find looked could find kitty ready give get nancy back kittys eyes could see kittys pain believe nancy let kitty see love true strong would let go easy need make part two two make together must let anyone else play roles real kitty nancy never work mother told true love real fool know true love someplace waiting us believe life nancys true love really kitty kittys true love nancy come lets play game right way way let nancys eyes shine kitty lost everything losing nancy kitty one blame gay gay easy wake 1889 I would want gay kitty lost deep inside 1889 maybe right thing married man even though love woman kitty needed nancy stand needed nancy fight remember deeply loved girl let get away thought something wrong went back exboyfriend thought right thing know wrong let go pay rest daysfor like kitty could find anyplace heard married man usa someplace even heard beats guess end lose give two girls one chance life lonely true loved onethank kirsten ann,positive,"['weekend', 'watched', 'movie', 'tapping', 'velvet', 'score', 'movie', '100', 'would', 'give', '100', 'question', 'asked', 'true', 'believer', 'true', 'love', 'movie', 'moved', 'clot', 'different', 'ways', 'actors', 'fit', 'parts', 'without', 'doubt', 'say', 'ending', 'great', 'see', 'spark', 'nancy', 'eyes', 'ever', 'looked', 'flows', 'eyes', 'eyes', 'spared', 'time', 'looked', 'kitty', 'kitty', 'room', 'nancys', 'thought', 'nancy', 'would', 'glow', 'spark', 'kitty', 'told', 'nancy', 'could', 'find', 'looked', 'could', 'find', 'kitty', 'ready', 'give', 'get', 'nancy', 'back', 'kittys', 'eyes', 'could', 'see', 'kittys', 'pain', 'believe', 'nancy', 'let', 'kitty', 'see', 'love', 'true', 'strong', 'would', 'let', 'go', 'easy', 'need', 'make', 'part', 'two', 'two', 'make', 'together', 'must', 'let', 'anyone', 'else', 'play', 'roles', 'real', 'kitty', 'nancy', 'never', 'work', 'mother', 'told', 'true', 'love', 'real', 'fool', 'know', 'true', 'love', 'someplace', 'waiting', 'us', 'believe', 'life', 'nancys', 'true', 'love', 'really', 'kitty', 'kittys', 'true', 'love', 'nancy', 'come', 'lets', 'play', 'game', 'right', 'way', 'way', 'let', 'nancys', 'eyes', 'shine', 'kitty', 'lost', 'everything', 'losing', 'nancy', 'kitty', 'one', 'blame', 'gay', 'gay', 'easy', 'wake', '1889', 'I', 'would', 'want', 'gay', 'kitty', 'lost', 'deep', 'inside', '1889', 'maybe', 'right', 'thing', 'married', 'man', 'even', 'though', 'love', 'woman', 'kitty', 'needed', 'nancy', 'stand', 'needed', 'nancy', 'fight', 'remember', 'deeply', 'loved', 'girl', 'let', 'get', 'away', 'thought', 'something', 'wrong', 'went', 'back', 'exboyfriend', 'thought', 'right', 'thing', 'know', 'wrong', 'let', 'go', 'pay', 'rest', 'daysfor', 'like', 'kitty', 'could', 'find', 'anyplace', 'heard', 'married', 'man', 'usa', 'someplace', 'even', 'heard', 'beats', 'guess', 'end', 'lose', 'give', 'two', 'girls', 'one', 'chance', 'life', 'lonely', 'true', 'loved', 'onethank', 'kirsten', 'ann']"
plot line expose belly american politics theme seems common makes movie conventional way story toldthe characters played conviction feel innocence lead innocence lost politician prince doubletalk real snakethe camera work impressive affirm glances acting dialogue musicthe story uses payablestyle vingettes message filled doubleentendres fanny strategy writerdirector tension storyline carried last scenesthe movie like good mystery book something foot knew bad know exactly could suspicions evil revealed let breath hadnt noticed holding saddened shaking heada story well written well told 3 cheers young writerdirector,positive,"['plot', 'line', 'expose', 'belly', 'american', 'politics', 'theme', 'seems', 'common', 'makes', 'movie', 'conventional', 'way', 'story', 'toldthe', 'characters', 'played', 'conviction', 'feel', 'innocence', 'lead', 'innocence', 'lost', 'politician', 'prince', 'doubletalk', 'real', 'snakethe', 'camera', 'work', 'impressive', 'affirm', 'glances', 'acting', 'dialogue', 'musicthe', 'story', 'uses', 'payablestyle', 'vingettes', 'message', 'filled', 'doubleentendres', 'fanny', 'strategy', 'writerdirector', 'tension', 'storyline', 'carried', 'last', 'scenesthe', 'movie', 'like', 'good', 'mystery', 'book', 'something', 'foot', 'knew', 'bad', 'know', 'exactly', 'could', 'suspicions', 'evil', 'revealed', 'let', 'breath', 'hadnt', 'noticed', 'holding', 'saddened', 'shaking', 'heada', 'story', 'well', 'written', 'well', 'told', '3', 'cheers', 'young', 'writerdirector']"
letdown many ways location filling ireland though quite beautiful times save inspired flick grew evigan alexandria paul married couple trying get marriage back track inherit haunted mansion interesting characters paul towards end film becomes incredibly annoying one wishes would close mouth shut seems screaming become olympic event problems film odd segments nothing core film opening sequence two cleaning women woman bed severed hand climbing writhing naked body although woman quite adequate nothing starwise one left thinking production team needed pad short running time tossed adding bit chi effects cartoons well fiery final rivals coexecutive producer roger comans much earlier far superior film fall house usher ineffective cheapness attempt true tension suspense result chills thrown window low budget bust like images ireland might find something would better renting buying travelogue skin unless discriminating think plot secondary rent another low budget ghost storyif find title woman black see good scar movie wasted opportunity,negative,"['letdown', 'many', 'ways', 'location', 'filling', 'ireland', 'though', 'quite', 'beautiful', 'times', 'save', 'inspired', 'flick', 'grew', 'evigan', 'alexandria', 'paul', 'married', 'couple', 'trying', 'get', 'marriage', 'back', 'track', 'inherit', 'haunted', 'mansion', 'interesting', 'characters', 'paul', 'towards', 'end', 'film', 'becomes', 'incredibly', 'annoying', 'one', 'wishes', 'would', 'close', 'mouth', 'shut', 'seems', 'screaming', 'become', 'olympic', 'event', 'problems', 'film', 'odd', 'segments', 'nothing', 'core', 'film', 'opening', 'sequence', 'two', 'cleaning', 'women', 'woman', 'bed', 'severed', 'hand', 'climbing', 'writhing', 'naked', 'body', 'although', 'woman', 'quite', 'adequate', 'nothing', 'starwise', 'one', 'left', 'thinking', 'production', 'team', 'needed', 'pad', 'short', 'running', 'time', 'tossed', 'adding', 'bit', 'chi', 'effects', 'cartoons', 'well', 'fiery', 'final', 'rivals', 'coexecutive', 'producer', 'roger', 'comans', 'much', 'earlier', 'far', 'superior', 'film', 'fall', 'house', 'usher', 'ineffective', 'cheapness', 'attempt', 'true', 'tension', 'suspense', 'result', 'chills', 'thrown', 'window', 'low', 'budget', 'bust', 'like', 'images', 'ireland', 'might', 'find', 'something', 'would', 'better', 'renting', 'buying', 'travelogue', 'skin', 'unless', 'discriminating', 'think', 'plot', 'secondary', 'rent', 'another', 'low', 'budget', 'ghost', 'storyif', 'find', 'title', 'woman', 'black', 'see', 'good', 'scar', 'movie', 'wasted', 'opportunity']"
horrible acting worst special fx I ever bore witness bad enough wasted 3 watch clumsy pile cap hour half time lost couldve anything else like getting root canal volunteering jury duty getting drunk could even help videoto put bluntly sincerely believe actually lost points course watching idiotic piece mindrubbing work perhaps followed advice time never expect decent film written directed produced person never ever expect anything value jeff,negative,"['horrible', 'acting', 'worst', 'special', 'fx', 'I', 'ever', 'bore', 'witness', 'bad', 'enough', 'wasted', '3', 'watch', 'clumsy', 'pile', 'cap', 'hour', 'half', 'time', 'lost', 'couldve', 'anything', 'else', 'like', 'getting', 'root', 'canal', 'volunteering', 'jury', 'duty', 'getting', 'drunk', 'could', 'even', 'help', 'videoto', 'put', 'bluntly', 'sincerely', 'believe', 'actually', 'lost', 'points', 'course', 'watching', 'idiotic', 'piece', 'mindrubbing', 'work', 'perhaps', 'followed', 'advice', 'time', 'never', 'expect', 'decent', 'film', 'written', 'directed', 'produced', 'person', 'never', 'ever', 'expect', 'anything', 'value', 'jeff']"
complete mess movie directed bill debate man partly responsible truly infamous anticlassic monster ago go nearing end cold came unbelievable conclusion film fact even worse 60s shocked story   three eccentric millionaires invite group people remote mansion play series macabre games whoever manages last pace survive end win 1000000 simple plot debate still somehow manages make proceedings verge incomprehensible things happen characters completely forgotten nothing makes much sense ends wildly mean hell ending exactly guess left draw conclusions production values acting without question pornographic movie standard truth namely rohleder shell even good unbelievably terrible compelling sadly thing said capfelt whole bargain basement rotten,negative,"['complete', 'mess', 'movie', 'directed', 'bill', 'debate', 'man', 'partly', 'responsible', 'truly', 'infamous', 'anticlassic', 'monster', 'ago', 'go', 'nearing', 'end', 'cold', 'came', 'unbelievable', 'conclusion', 'film', 'fact', 'even', 'worse', '60s', 'shocked', 'story', '\x96', '\x96', 'three', 'eccentric', 'millionaires', 'invite', 'group', 'people', 'remote', 'mansion', 'play', 'series', 'macabre', 'games', 'whoever', 'manages', 'last', 'pace', 'survive', 'end', 'win', '1000000', 'simple', 'plot', 'debate', 'still', 'somehow', 'manages', 'make', 'proceedings', 'verge', 'incomprehensible', 'things', 'happen', 'characters', 'completely', 'forgotten', 'nothing', 'makes', 'much', 'sense', 'ends', 'wildly', 'mean', 'hell', 'ending', 'exactly', 'guess', 'left', 'draw', 'conclusions', 'production', 'values', 'acting', 'without', 'question', 'pornographic', 'movie', 'standard', 'truth', 'namely', 'rohleder', 'shell', 'even', 'good', 'unbelievably', 'terrible', 'compelling', 'sadly', 'thing', 'said', 'capfelt', 'whole', 'bargain', 'basement', 'rotten']"
one times come across movie neat cover first impression sweet full moon crows scarecrow holding scythe ok impression watched scarecrow weeks ago perfect nice slashed film start evening wrong absolutely wrong think 5 mind donna take thought wasted 3 ill finish scarecrow well guessing legs fishes man wearing heavy duty rain boots see every often watching thinking ok boats donna run due one point thought died mean fig still alive chuckled parts cause badly stage one room part start directoractorwriter says remember feeling well either room room hell I checking back guess scene supposedly shocking mean shocking wife shocked look ok believed sorry yeah know psychic read movie box make sense witnessed used pictures make think movie least clear thing made laugh bit scream camera make scar ok filling girl close screaming camera 5 mindright laughed cause pathetic kiss act like rest people movieto top things scythe must got lost something cause seems bad guy stick even ax someone axe dam production film fall picture movie piece st watched trailer guess hasgirls talk corn,negative,"['one', 'times', 'come', 'across', 'movie', 'neat', 'cover', 'first', 'impression', 'sweet', 'full', 'moon', 'crows', 'scarecrow', 'holding', 'scythe', 'ok', 'impression', 'watched', 'scarecrow', 'weeks', 'ago', 'perfect', 'nice', 'slashed', 'film', 'start', 'evening', 'wrong', 'absolutely', 'wrong', 'think', '5', 'mind', 'donna', 'take', 'thought', 'wasted', '3', 'ill', 'finish', 'scarecrow', 'well', 'guessing', 'legs', 'fishes', 'man', 'wearing', 'heavy', 'duty', 'rain', 'boots', 'see', 'every', 'often', 'watching', 'thinking', 'ok', 'boats', 'donna', 'run', 'due', 'one', 'point', 'thought', 'died', 'mean', 'fig', 'still', 'alive', 'chuckled', 'parts', 'cause', 'badly', 'stage', 'one', 'room', 'part', 'start', 'directoractorwriter', 'says', 'remember', 'feeling', 'well', 'either', 'room', 'room', 'hell', 'I', 'checking', 'back', 'guess', 'scene', 'supposedly', 'shocking', 'mean', 'shocking', 'wife', 'shocked', 'look', 'ok', 'believed', 'sorry', 'yeah', 'know', 'psychic', 'read', 'movie', 'box', 'make', 'sense', 'witnessed', 'used', 'pictures', 'make', 'think', 'movie', 'least', 'clear', 'thing', 'made', 'laugh', 'bit', 'scream', 'camera', 'make', 'scar', 'ok', 'filling', 'girl', 'close', 'screaming', 'camera', '5', 'mindright', 'laughed', 'cause', 'pathetic', 'kiss', 'act', 'like', 'rest', 'people', 'movieto', 'top', 'things', 'scythe', 'must', 'got', 'lost', 'something', 'cause', 'seems', 'bad', 'guy', 'stick', 'even', 'ax', 'someone', 'axe', 'dam', 'production', 'film', 'fall', 'picture', 'movie', 'piece', 'st', 'watched', 'trailer', 'guess', 'hasgirls', 'talk', 'corn']"
despite unfortunately thinking intelligent b important c interesting fortunately movie mercifully quickly script makes little sense whole idea sadmasochistic relationship two main characters strangely trite john lyon shows us space one movie never let music performance onenote irritatingthe positive thing said harvey kettle manages deliver good turn later bad lieutenant would show badly good actors act mercifully performance restrained,negative,"['despite', 'unfortunately', 'thinking', 'intelligent', 'b', 'important', 'c', 'interesting', 'fortunately', 'movie', 'mercifully', 'quickly', 'script', 'makes', 'little', 'sense', 'whole', 'idea', 'sadmasochistic', 'relationship', 'two', 'main', 'characters', 'strangely', 'trite', 'john', 'lyon', 'shows', 'us', 'space', 'one', 'movie', 'never', 'let', 'music', 'performance', 'onenote', 'irritatingthe', 'positive', 'thing', 'said', 'harvey', 'kettle', 'manages', 'deliver', 'good', 'turn', 'later', 'bad', 'lieutenant', 'would', 'show', 'badly', 'good', 'actors', 'act', 'mercifully', 'performance', 'restrained']"
going expensive film finnish history date dark floors horror film extremely lynchian narrative recounts ever increasingly decrepit series floors ironically enough abandoned hospital protagonists wrapped lead artistic daughter father disenchanted hospitals apparent lack medical progress daughter make way elevator dealing issue one hospitals nurses accompanied security guard businessman seemingly intoxicated tramp collective soon find complex abandoned alone directed finnish born peter risk known television work dark floors filled english using mainly english actors notable inclusion finlands arguably famous group lord 2006 provision song contest dinners ie stage monstrous costumes films antagonists yet razzmatazz production fails needed convincing audienceany film lead character use phrase quiet already headed dubious path lord influenced horror break convention good ideas thrown mix handful ripe clichés alongside worst anything interesting original flushed enough resolute concept degrading floors initially highly ominous provide sense inevitable doom audience aware wrapped hospital must progress ever however enough atmosphere created scare intimidate audiences knowing fear viewer aware journey become ever dangerous levels degenerate shiny white hellish black think characters aware enough fact threatening also entire film taking place essentially time bubble nice touch concept often used horror gene characters confront situation enough fear trepidation stumble across fact continue business far readily without enough genuine concern idea mean anything audience initially good ideas left go waste director andor mr lord many ideas used within film thoughts could agree decide best use lose purpose point yet frustration large quantities comedy yet reasons creator would hoped much clicked much recycle much simply ridiculous lead amicably acted noah hunter characters mere cardboard cut passed story films lead man everything possible protect daughter alongside clumsily developed love interest accompanying couple traditional token black man hardnosed security guard nigh infinite clip sidearm easily disbelieving businessman look worst though unfortunately introduction cast lord creatures night torment wandering band visits appearing makes horror film scar viewing audience contextualising fear shining scar member family founding dawn dead fear primordial cannibalism irrational thought patterns hobbies possess alien fear explained creature nationalized dark floors none perhaps unfair compare production monoliths gene shows pale significantly aggressors feel like nothing demanded klingons almost see zip costumes wear without build atmosphere lord scarit infuriating cheer undergo hope well want smaller productions say create quality film hollywood church much similar way george robert started always materials enjoyed film feel wasted ninety minutes sat felt enjoyment completely hollow level nothing occurred mattered affected unconsciously emotional clinically felt almost lynchian narrative standout plus point fades nothingness happen mean go without even slightest insight happen film simply puzzling sake trying army entire sequence events real merely dream sequence artistic girl watched provision song contest 2006 simply highly bizarre nightmare given stress knows unfortunately fail work energy even care dark floors infuriating experience ultimately shallow hallmarks potential least shows plethoric creative energies mr lord perhaps look working solo fully develop ideas one fan group gene perhaps pursue leave feeling left lunch enough light shed situation,negative,"['going', 'expensive', 'film', 'finnish', 'history', 'date', 'dark', 'floors', 'horror', 'film', 'extremely', 'lynchian', 'narrative', 'recounts', 'ever', 'increasingly', 'decrepit', 'series', 'floors', 'ironically', 'enough', 'abandoned', 'hospital', 'protagonists', 'wrapped', 'lead', 'artistic', 'daughter', 'father', 'disenchanted', 'hospitals', 'apparent', 'lack', 'medical', 'progress', 'daughter', 'make', 'way', 'elevator', 'dealing', 'issue', 'one', 'hospitals', 'nurses', 'accompanied', 'security', 'guard', 'businessman', 'seemingly', 'intoxicated', 'tramp', 'collective', 'soon', 'find', 'complex', 'abandoned', 'alone', 'directed', 'finnish', 'born', 'peter', 'risk', 'known', 'television', 'work', 'dark', 'floors', 'filled', 'english', 'using', 'mainly', 'english', 'actors', 'notable', 'inclusion', 'finlands', 'arguably', 'famous', 'group', 'lord', '2006', 'provision', 'song', 'contest', 'dinners', 'ie', 'stage', 'monstrous', 'costumes', 'films', 'antagonists', 'yet', 'razzmatazz', 'production', 'fails', 'needed', 'convincing', 'audienceany', 'film', 'lead', 'character', 'use', 'phrase', 'quiet', 'already', 'headed', 'dubious', 'path', 'lord', 'influenced', 'horror', 'break', 'convention', 'good', 'ideas', 'thrown', 'mix', 'handful', 'ripe', 'clichés', 'alongside', 'worst', 'anything', 'interesting', 'original', 'flushed', 'enough', 'resolute', 'concept', 'degrading', 'floors', 'initially', 'highly', 'ominous', 'provide', 'sense', 'inevitable', 'doom', 'audience', 'aware', 'wrapped', 'hospital', 'must', 'progress', 'ever', 'however', 'enough', 'atmosphere', 'created', 'scare', 'intimidate', 'audiences', 'knowing', 'fear', 'viewer', 'aware', 'journey', 'become', 'ever', 'dangerous', 'levels', 'degenerate', 'shiny', 'white', 'hellish', 'black', 'think', 'characters', 'aware', 'enough', 'fact', 'threatening', 'also', 'entire', 'film', 'taking', 'place', 'essentially', 'time', 'bubble', 'nice', 'touch', 'concept', 'often', 'used', 'horror', 'gene', 'characters', 'confront', 'situation', 'enough', 'fear', 'trepidation', 'stumble', 'across', 'fact', 'continue', 'business', 'far', 'readily', 'without', 'enough', 'genuine', 'concern', 'idea', 'mean', 'anything', 'audience', 'initially', 'good', 'ideas', 'left', 'go', 'waste', 'director', 'andor', 'mr', 'lord', 'many', 'ideas', 'used', 'within', 'film', 'thoughts', 'could', 'agree', 'decide', 'best', 'use', 'lose', 'purpose', 'point', 'yet', 'frustration', 'large', 'quantities', 'comedy', 'yet', 'reasons', 'creator', 'would', 'hoped', 'much', 'clicked', 'much', 'recycle', 'much', 'simply', 'ridiculous', 'lead', 'amicably', 'acted', 'noah', 'hunter', 'characters', 'mere', 'cardboard', 'cut', 'passed', 'story', 'films', 'lead', 'man', 'everything', 'possible', 'protect', 'daughter', 'alongside', 'clumsily', 'developed', 'love', 'interest', 'accompanying', 'couple', 'traditional', 'token', 'black', 'man', 'hardnosed', 'security', 'guard', 'nigh', 'infinite', 'clip', 'sidearm', 'easily', 'disbelieving', 'businessman', 'look', 'worst', 'though', 'unfortunately', 'introduction', 'cast', 'lord', 'creatures', 'night', 'torment', 'wandering', 'band', 'visits', 'appearing', 'makes', 'horror', 'film', 'scar', 'viewing', 'audience', 'contextualising', 'fear', 'shining', 'scar', 'member', 'family', 'founding', 'dawn', 'dead', 'fear', 'primordial', 'cannibalism', 'irrational', 'thought', 'patterns', 'hobbies', 'possess', 'alien', 'fear', 'explained', 'creature', 'nationalized', 'dark', 'floors', 'none', 'perhaps', 'unfair', 'compare', 'production', 'monoliths', 'gene', 'shows', 'pale', 'significantly', 'aggressors', 'feel', 'like', 'nothing', 'demanded', 'klingons', 'almost', 'see', 'zip', 'costumes', 'wear', 'without', 'build', 'atmosphere', 'lord', 'scarit', 'infuriating', 'cheer', 'undergo', 'hope', 'well', 'want', 'smaller', 'productions', 'say', 'create', 'quality', 'film', 'hollywood', 'church', 'much', 'similar', 'way', 'george', 'robert', 'started', 'always', 'materials', 'enjoyed', 'film', 'feel', 'wasted', 'ninety', 'minutes', 'sat', 'felt', 'enjoyment', 'completely', 'hollow', 'level', 'nothing', 'occurred', 'mattered', 'affected', 'unconsciously', 'emotional', 'clinically', 'felt', 'almost', 'lynchian', 'narrative', 'standout', 'plus', 'point', 'fades', 'nothingness', 'happen', 'mean', 'go', 'without', 'even', 'slightest', 'insight', 'happen', 'film', 'simply', 'puzzling', 'sake', 'trying', 'army', 'entire', 'sequence', 'events', 'real', 'merely', 'dream', 'sequence', 'artistic', 'girl', 'watched', 'provision', 'song', 'contest', '2006', 'simply', 'highly', 'bizarre', 'nightmare', 'given', 'stress', 'knows', 'unfortunately', 'fail', 'work', 'energy', 'even', 'care', 'dark', 'floors', 'infuriating', 'experience', 'ultimately', 'shallow', 'hallmarks', 'potential', 'least', 'shows', 'plethoric', 'creative', 'energies', 'mr', 'lord', 'perhaps', 'look', 'working', 'solo', 'fully', 'develop', 'ideas', 'one', 'fan', 'group', 'gene', 'perhaps', 'pursue', 'leave', 'feeling', 'left', 'lunch', 'enough', 'light', 'shed', 'situation']"
want spoil movie anyone limits lifes reality many ways really honest resolute agreement least scenesthe acting believable convincing way endears one characters moreover funny without trying hard itand yes truly believe sequel warranted see movie understand whyhighly recommended especially like moves real message,positive,"['want', 'spoil', 'movie', 'anyone', 'limits', 'lifes', 'reality', 'many', 'ways', 'really', 'honest', 'resolute', 'agreement', 'least', 'scenesthe', 'acting', 'believable', 'convincing', 'way', 'endears', 'one', 'characters', 'moreover', 'funny', 'without', 'trying', 'hard', 'itand', 'yes', 'truly', 'believe', 'sequel', 'warranted', 'see', 'movie', 'understand', 'whyhighly', 'recommended', 'especially', 'like', 'moves', 'real', 'message']"
film little positive say itfirstly zero pace positively lacking dramabesides remarkably slow empty acre seems dedicated using stock forage lost count many times seen field night bit cracked earthit also fundamental flaw thinking audience know things gripped rather confused signs issues suddenly find marriage seems despite given impression fine find jacob possibly worst farmer universe seems spend time farm also seems bought land wholly useless acre beth key warehouse books innumerable questions resolved later movie much later fact lateand point acre horror filmmakers note large intimate objects inherently scar  also meant acre big make sothere also frightening lack reasonability beth best performer piece followed jefferson  cop suddenly appears accused everything sun meditationwith full ten minutes plus running round fields looking missing child crawl window six months old film descends badly written scene badly written scene bad plainly plank horror music fails add atmosphereoften bad films amusing empty acre bad,negative,"['film', 'little', 'positive', 'say', 'itfirstly', 'zero', 'pace', 'positively', 'lacking', 'dramabesides', 'remarkably', 'slow', 'empty', 'acre', 'seems', 'dedicated', 'using', 'stock', 'forage', 'lost', 'count', 'many', 'times', 'seen', 'field', 'night', 'bit', 'cracked', 'earthit', 'also', 'fundamental', 'flaw', 'thinking', 'audience', 'know', 'things', 'gripped', 'rather', 'confused', 'signs', 'issues', 'suddenly', 'find', 'marriage', 'seems', 'despite', 'given', 'impression', 'fine', 'find', 'jacob', 'possibly', 'worst', 'farmer', 'universe', 'seems', 'spend', 'time', 'farm', 'also', 'seems', 'bought', 'land', 'wholly', 'useless', 'acre', 'beth', 'key', 'warehouse', 'books', 'innumerable', 'questions', 'resolved', 'later', 'movie', 'much', 'later', 'fact', 'lateand', 'point', 'acre', 'horror', 'filmmakers', 'note', 'large', 'intimate', 'objects', 'inherently', 'scar', '\x96', 'also', 'meant', 'acre', 'big', 'make', 'sothere', 'also', 'frightening', 'lack', 'reasonability', 'beth', 'best', 'performer', 'piece', 'followed', 'jefferson', '\x96', 'cop', 'suddenly', 'appears', 'accused', 'everything', 'sun', 'meditationwith', 'full', 'ten', 'minutes', 'plus', 'running', 'round', 'fields', 'looking', 'missing', 'child', 'crawl', 'window', 'six', 'months', 'old', 'film', 'descends', 'badly', 'written', 'scene', 'badly', 'written', 'scene', 'bad', 'plainly', 'plank', 'horror', 'music', 'fails', 'add', 'atmosphereoften', 'bad', 'films', 'amusing', 'empty', 'acre', 'bad']"
hooped respect recognition film gets king ff historians still lacks glaring couple critical areas action fight scenes must say plot probably best original I ever seen martial arts film five deadly venous without doubt must see movie watch also must say watching feel could even better somehow leaves wanting something want producer change cher sets storyline beautifully potential masterpiece follow giving us action want fighting style movie really captures viewer centipedesnakescorpionwizardtold shown battles noticeably short told snake style particularly intriguing showcased much much fact told killed middle movie interesting enough movie absence constant action fighting leads development great plot one king ff films really interested storyline care outcome movie dark vicious tone drawn vice sinister weapons torture tactics used throughout movie adds moves feel start movie introduce poison clan producer change cher takes us grim dungeon ending fight scenes certainly good seem muffled somehow expected still though movie one shaw brothers best quite enjoyable overall impression movie would conclude style fighter used merely shown us showcased detail sad thing director goods something extraordinary right fingertips expand left wondering could movie still one best though 8 10 scale,positive,"['hooped', 'respect', 'recognition', 'film', 'gets', 'king', 'ff', 'historians', 'still', 'lacks', 'glaring', 'couple', 'critical', 'areas', 'action', 'fight', 'scenes', 'must', 'say', 'plot', 'probably', 'best', 'original', 'I', 'ever', 'seen', 'martial', 'arts', 'film', 'five', 'deadly', 'venous', 'without', 'doubt', 'must', 'see', 'movie', 'watch', 'also', 'must', 'say', 'watching', 'feel', 'could', 'even', 'better', 'somehow', 'leaves', 'wanting', 'something', 'want', 'producer', 'change', 'cher', 'sets', 'storyline', 'beautifully', 'potential', 'masterpiece', 'follow', 'giving', 'us', 'action', 'want', 'fighting', 'style', 'movie', 'really', 'captures', 'viewer', 'centipedesnakescorpionwizardtold', 'shown', 'battles', 'noticeably', 'short', 'told', 'snake', 'style', 'particularly', 'intriguing', 'showcased', 'much', 'much', 'fact', 'told', 'killed', 'middle', 'movie', 'interesting', 'enough', 'movie', 'absence', 'constant', 'action', 'fighting', 'leads', 'development', 'great', 'plot', 'one', 'king', 'ff', 'films', 'really', 'interested', 'storyline', 'care', 'outcome', 'movie', 'dark', 'vicious', 'tone', 'drawn', 'vice', 'sinister', 'weapons', 'torture', 'tactics', 'used', 'throughout', 'movie', 'adds', 'moves', 'feel', 'start', 'movie', 'introduce', 'poison', 'clan', 'producer', 'change', 'cher', 'takes', 'us', 'grim', 'dungeon', 'ending', 'fight', 'scenes', 'certainly', 'good', 'seem', 'muffled', 'somehow', 'expected', 'still', 'though', 'movie', 'one', 'shaw', 'brothers', 'best', 'quite', 'enjoyable', 'overall', 'impression', 'movie', 'would', 'conclude', 'style', 'fighter', 'used', 'merely', 'shown', 'us', 'showcased', 'detail', 'sad', 'thing', 'director', 'goods', 'something', 'extraordinary', 'right', 'fingertips', 'expand', 'left', 'wondering', 'could', 'movie', 'still', 'one', 'best', 'though', '8', '10', 'scale']"
even 1942 standards moviemaking set cardboard lover presents dated extreme machinations one half pair husbandwife exhusbandexwife get back threat marriage another divorce eventual separation means jealousy humiliation schemes done much better classic girl friday philadelphia story moves features women strong indomitable screen presence played independent protofeminist characters moves women estrangeddivorced witty first husbands set marry colourless men exact opposite would bamboozled rejecting soontobe husbands reinviting passion otherthe plot cardboard lover switches gender normal hearer mary grant role time ward exboyfriend george wanders means hiring robert taylor pose gigolo problem hearer much old playing role suited actress midtolate twenties wanders involved piece furniture man would love fiancee seeing strange man come bathroom happens would knock lights cause huge scene robert taylor plays part trying channel mary grant half time speech infections overall essencebut worst part hearer actress used parts gave sense intellectual sexless dramatic presence playing consult clayton seems put throws complete overacting overempting overrestoring still part style acting appropriate ten years earlier makes look like extremely manner performer wrenching joke situation like water fairly dry sponge feels fires tell theory gives irving thaler maker career choose roles passed roles charlotte vale mrs minister meghits voyage mrs minister mystery accounts also state time burnt acting shed lost interest whole thing altogether secret anyone experienced sort thing essentially lost focus wait retirement end contract near leave soon possible could case seems lost seems tired seems ill ease going autopilot instead living part film would make would responsible discovering janet sleigh would come screen star late,negative,"['even', '1942', 'standards', 'moviemaking', 'set', 'cardboard', 'lover', 'presents', 'dated', 'extreme', 'machinations', 'one', 'half', 'pair', 'husbandwife', 'exhusbandexwife', 'get', 'back', 'threat', 'marriage', 'another', 'divorce', 'eventual', 'separation', 'means', 'jealousy', 'humiliation', 'schemes', 'done', 'much', 'better', 'classic', 'girl', 'friday', 'philadelphia', 'story', 'moves', 'features', 'women', 'strong', 'indomitable', 'screen', 'presence', 'played', 'independent', 'protofeminist', 'characters', 'moves', 'women', 'estrangeddivorced', 'witty', 'first', 'husbands', 'set', 'marry', 'colourless', 'men', 'exact', 'opposite', 'would', 'bamboozled', 'rejecting', 'soontobe', 'husbands', 'reinviting', 'passion', 'otherthe', 'plot', 'cardboard', 'lover', 'switches', 'gender', 'normal', 'hearer', 'mary', 'grant', 'role', 'time', 'ward', 'exboyfriend', 'george', 'wanders', 'means', 'hiring', 'robert', 'taylor', 'pose', 'gigolo', 'problem', 'hearer', 'much', 'old', 'playing', 'role', 'suited', 'actress', 'midtolate', 'twenties', 'wanders', 'involved', 'piece', 'furniture', 'man', 'would', 'love', 'fiancee', 'seeing', 'strange', 'man', 'come', 'bathroom', 'happens', 'would', 'knock', 'lights', 'cause', 'huge', 'scene', 'robert', 'taylor', 'plays', 'part', 'trying', 'channel', 'mary', 'grant', 'half', 'time', 'speech', 'infections', 'overall', 'essencebut', 'worst', 'part', 'hearer', 'actress', 'used', 'parts', 'gave', 'sense', 'intellectual', 'sexless', 'dramatic', 'presence', 'playing', 'consult', 'clayton', 'seems', 'put', 'throws', 'complete', 'overacting', 'overempting', 'overrestoring', 'still', 'part', 'style', 'acting', 'appropriate', 'ten', 'years', 'earlier', 'makes', 'look', 'like', 'extremely', 'manner', 'performer', 'wrenching', 'joke', 'situation', 'like', 'water', 'fairly', 'dry', 'sponge', 'feels', 'fires', 'tell', 'theory', 'gives', 'irving', 'thaler', 'maker', 'career', 'choose', 'roles', 'passed', 'roles', 'charlotte', 'vale', 'mrs', 'minister', 'meghits', 'voyage', 'mrs', 'minister', 'mystery', 'accounts', 'also', 'state', 'time', 'burnt', 'acting', 'shed', 'lost', 'interest', 'whole', 'thing', 'altogether', 'secret', 'anyone', 'experienced', 'sort', 'thing', 'essentially', 'lost', 'focus', 'wait', 'retirement', 'end', 'contract', 'near', 'leave', 'soon', 'possible', 'could', 'case', 'seems', 'lost', 'seems', 'tired', 'seems', 'ill', 'ease', 'going', 'autopilot', 'instead', 'living', 'part', 'film', 'would', 'make', 'would', 'responsible', 'discovering', 'janet', 'sleigh', 'would', 'come', 'screen', 'star', 'late']"
parkman 3 die parkman die directed bradford may guy made first parkman sequel parkman 3 worse parkman 2 nothing special opinion larry drake main villain played great jeff whose character wants get parkmans work create time ultra strong humans order get leadership whole city film pretty much plot execution parkman 2 mostly irritated presence many scenes parkman 2 sequel made short time little money kind decisions made couple scenes pretty stylish existing still pretty tired film often irritating stupid characters scream laugh much annoying philosophical depth film like make parkman 2 still equal parkman 2 many great scenes stylish camera work larry drakes ability play great villain parkman 3 offers nice scenes moments mostly film tired full clothes positive things movie flashback edit westlakes nightmare couple truly surprising plot turns tricks worth mentioning also pretty nasty death scene main villain pretty comic book like inventive without far interesting death main villain part two parkman 3 worst whole series must remember two sequel made directly video come even close aims original parkman diam nelson parkman 2 okay action plenty great scenes suspense last entry tired often stupid boring piece sequel merits mentioned overall feeling made first place may talented director hopefully get noteworthy projects future310,negative,"['parkman', '3', 'die', 'parkman', 'die', 'directed', 'bradford', 'may', 'guy', 'made', 'first', 'parkman', 'sequel', 'parkman', '3', 'worse', 'parkman', '2', 'nothing', 'special', 'opinion', 'larry', 'drake', 'main', 'villain', 'played', 'great', 'jeff', 'whose', 'character', 'wants', 'get', 'parkmans', 'work', 'create', 'time', 'ultra', 'strong', 'humans', 'order', 'get', 'leadership', 'whole', 'city', 'film', 'pretty', 'much', 'plot', 'execution', 'parkman', '2', 'mostly', 'irritated', 'presence', 'many', 'scenes', 'parkman', '2', 'sequel', 'made', 'short', 'time', 'little', 'money', 'kind', 'decisions', 'made', 'couple', 'scenes', 'pretty', 'stylish', 'existing', 'still', 'pretty', 'tired', 'film', 'often', 'irritating', 'stupid', 'characters', 'scream', 'laugh', 'much', 'annoying', 'philosophical', 'depth', 'film', 'like', 'make', 'parkman', '2', 'still', 'equal', 'parkman', '2', 'many', 'great', 'scenes', 'stylish', 'camera', 'work', 'larry', 'drakes', 'ability', 'play', 'great', 'villain', 'parkman', '3', 'offers', 'nice', 'scenes', 'moments', 'mostly', 'film', 'tired', 'full', 'clothes', 'positive', 'things', 'movie', 'flashback', 'edit', 'westlakes', 'nightmare', 'couple', 'truly', 'surprising', 'plot', 'turns', 'tricks', 'worth', 'mentioning', 'also', 'pretty', 'nasty', 'death', 'scene', 'main', 'villain', 'pretty', 'comic', 'book', 'like', 'inventive', 'without', 'far', 'interesting', 'death', 'main', 'villain', 'part', 'two', 'parkman', '3', 'worst', 'whole', 'series', 'must', 'remember', 'two', 'sequel', 'made', 'directly', 'video', 'come', 'even', 'close', 'aims', 'original', 'parkman', 'diam', 'nelson', 'parkman', '2', 'okay', 'action', 'plenty', 'great', 'scenes', 'suspense', 'last', 'entry', 'tired', 'often', 'stupid', 'boring', 'piece', 'sequel', 'merits', 'mentioned', 'overall', 'feeling', 'made', 'first', 'place', 'may', 'talented', 'director', 'hopefully', 'get', 'noteworthy', 'projects', 'future310']"
swore would never allow devolve bonus authority figures sixties told things better good old days  current australian prime minister sordid example mind setbut switched decade influence found watching muchheaded speakers documentary channel dispiriting experience found values expressed speakers interviews ugly accept reasonable materialistic devoid sense outrage society countenance killing someone steal ugly shoes lacking worthwhile purpose report without disease exploitation audience haranguing hold shoes heads lock sponsorship deal company cobbler much continue watchinga decade influence depicted completely different response fruit stupidity corruption concupiscence high low placesi noted change filmmaking accompanied exposure americas disastrous foreign policy debates vienna many less reported places webster decade influence documents precise moment change took placebefore seventies armed forces depicted american films invincible fighting force comprise decent human beings transmogrified conquering heroes battlefield seventies generally portray dispirited rabble misled bunch bureaucratic clowns pentagon seventies foi agent honest cop tended depicted friend protector seventies foi agents incompetent best cop could spire ignore foolishness superiors corruption uphold justice idiosyncratic mannerbefore seventies archetypical american little guy average joe jimmy stewart type would face problems encountered thereby gain insight underlying wisdom elected leaders justice american way seventies even coster users role voice one crying wilderness evil exposed accepting lot making best canand old time religion mindsets stripped honesty righteousness portray certain amount justification sanctimonious bigotry selfserving hypocrisya decade influence tells like decade influence tells like depict redemption american film industry hands artistically morally intellectual bankrupt studio souls shows storming hollywood bastille independent film makers promised get disillusioned tired audience back cinema fact failures numerous times disastrous merely underline greatness achievement achievement reflected adventurous questioning attitudes big box office stars colonel damn affect etc directors producers provide vehicles talent,positive,"['swore', 'would', 'never', 'allow', 'devolve', 'bonus', 'authority', 'figures', 'sixties', 'told', 'things', 'better', 'good', 'old', 'days', '\x96', 'current', 'australian', 'prime', 'minister', 'sordid', 'example', 'mind', 'setbut', 'switched', 'decade', 'influence', 'found', 'watching', 'muchheaded', 'speakers', 'documentary', 'channel', 'dispiriting', 'experience', 'found', 'values', 'expressed', 'speakers', 'interviews', 'ugly', 'accept', 'reasonable', 'materialistic', 'devoid', 'sense', 'outrage', 'society', 'countenance', 'killing', 'someone', 'steal', 'ugly', 'shoes', 'lacking', 'worthwhile', 'purpose', 'report', 'without', 'disease', 'exploitation', 'audience', 'haranguing', 'hold', 'shoes', 'heads', 'lock', 'sponsorship', 'deal', 'company', 'cobbler', 'much', 'continue', 'watchinga', 'decade', 'influence', 'depicted', 'completely', 'different', 'response', 'fruit', 'stupidity', 'corruption', 'concupiscence', 'high', 'low', 'placesi', 'noted', 'change', 'filmmaking', 'accompanied', 'exposure', 'americas', 'disastrous', 'foreign', 'policy', 'debates', 'vienna', 'many', 'less', 'reported', 'places', 'webster', 'decade', 'influence', 'documents', 'precise', 'moment', 'change', 'took', 'placebefore', 'seventies', 'armed', 'forces', 'depicted', 'american', 'films', 'invincible', 'fighting', 'force', 'comprise', 'decent', 'human', 'beings', 'transmogrified', 'conquering', 'heroes', 'battlefield', 'seventies', 'generally', 'portray', 'dispirited', 'rabble', 'misled', 'bunch', 'bureaucratic', 'clowns', 'pentagon', 'seventies', 'foi', 'agent', 'honest', 'cop', 'tended', 'depicted', 'friend', 'protector', 'seventies', 'foi', 'agents', 'incompetent', 'best', 'cop', 'could', 'spire', 'ignore', 'foolishness', 'superiors', 'corruption', 'uphold', 'justice', 'idiosyncratic', 'mannerbefore', 'seventies', 'archetypical', 'american', 'little', 'guy', 'average', 'joe', 'jimmy', 'stewart', 'type', 'would', 'face', 'problems', 'encountered', 'thereby', 'gain', 'insight', 'underlying', 'wisdom', 'elected', 'leaders', 'justice', 'american', 'way', 'seventies', 'even', 'coster', 'users', 'role', 'voice', 'one', 'crying', 'wilderness', 'evil', 'exposed', 'accepting', 'lot', 'making', 'best', 'canand', 'old', 'time', 'religion', 'mindsets', 'stripped', 'honesty', 'righteousness', 'portray', 'certain', 'amount', 'justification', 'sanctimonious', 'bigotry', 'selfserving', 'hypocrisya', 'decade', 'influence', 'tells', 'like', 'decade', 'influence', 'tells', 'like', 'depict', 'redemption', 'american', 'film', 'industry', 'hands', 'artistically', 'morally', 'intellectual', 'bankrupt', 'studio', 'souls', 'shows', 'storming', 'hollywood', 'bastille', 'independent', 'film', 'makers', 'promised', 'get', 'disillusioned', 'tired', 'audience', 'back', 'cinema', 'fact', 'failures', 'numerous', 'times', 'disastrous', 'merely', 'underline', 'greatness', 'achievement', 'achievement', 'reflected', 'adventurous', 'questioning', 'attitudes', 'big', 'box', 'office', 'stars', 'colonel', 'damn', 'affect', 'etc', 'directors', 'producers', 'provide', 'vehicles', 'talent']"
really enjoyed north south much think one best lavish television series ever seen calibre cast amazing actors golden age cinema people like james stewart gene belly elizabeth taylor robert mitchum jean summons actors new faces 80s like patrick swayed james read jonathan flakes genii francis philip casnoff lesseranne downat heart story friendship two completely different menthere sorry main patrick swayed south george hazard james read north throughout series friendship continually threatened differences background particularly treatment slaves south especially sorrys plantation needs forget arguments go help friend really liked chemistry two men really interested see friendship could survive wari liked series showed life like war audience could see factors lead war going time devastation nation torn apart nation rebuild country war scenes well choreographed realistic mei think great many elements running romance history battles would interest audience something everyone particularly enjoyed romance brest genii francis billy parker stevensonjohn stockwell especially stood sister fashion first time romances interesting something different others kept watching particularly vaseline sorry story strand see would together endit one best american mind series watched story right balance romance serious history side happening country time paced right characters watchable locations beautiful music particularly start end episode toetapping good works mood story,positive,"['really', 'enjoyed', 'north', 'south', 'much', 'think', 'one', 'best', 'lavish', 'television', 'series', 'ever', 'seen', 'calibre', 'cast', 'amazing', 'actors', 'golden', 'age', 'cinema', 'people', 'like', 'james', 'stewart', 'gene', 'belly', 'elizabeth', 'taylor', 'robert', 'mitchum', 'jean', 'summons', 'actors', 'new', 'faces', '80s', 'like', 'patrick', 'swayed', 'james', 'read', 'jonathan', 'flakes', 'genii', 'francis', 'philip', 'casnoff', 'lesseranne', 'downat', 'heart', 'story', 'friendship', 'two', 'completely', 'different', 'menthere', 'sorry', 'main', 'patrick', 'swayed', 'south', 'george', 'hazard', 'james', 'read', 'north', 'throughout', 'series', 'friendship', 'continually', 'threatened', 'differences', 'background', 'particularly', 'treatment', 'slaves', 'south', 'especially', 'sorrys', 'plantation', 'needs', 'forget', 'arguments', 'go', 'help', 'friend', 'really', 'liked', 'chemistry', 'two', 'men', 'really', 'interested', 'see', 'friendship', 'could', 'survive', 'wari', 'liked', 'series', 'showed', 'life', 'like', 'war', 'audience', 'could', 'see', 'factors', 'lead', 'war', 'going', 'time', 'devastation', 'nation', 'torn', 'apart', 'nation', 'rebuild', 'country', 'war', 'scenes', 'well', 'choreographed', 'realistic', 'mei', 'think', 'great', 'many', 'elements', 'running', 'romance', 'history', 'battles', 'would', 'interest', 'audience', 'something', 'everyone', 'particularly', 'enjoyed', 'romance', 'brest', 'genii', 'francis', 'billy', 'parker', 'stevensonjohn', 'stockwell', 'especially', 'stood', 'sister', 'fashion', 'first', 'time', 'romances', 'interesting', 'something', 'different', 'others', 'kept', 'watching', 'particularly', 'vaseline', 'sorry', 'story', 'strand', 'see', 'would', 'together', 'endit', 'one', 'best', 'american', 'mind', 'series', 'watched', 'story', 'right', 'balance', 'romance', 'serious', 'history', 'side', 'happening', 'country', 'time', 'paced', 'right', 'characters', 'watchable', 'locations', 'beautiful', 'music', 'particularly', 'start', 'end', 'episode', 'toetapping', 'good', 'works', 'mood', 'story']"
well movie actually one redeeming quality made funniest season one episode mst3k wish rhine released one instead crawling hand,negative,"['well', 'movie', 'actually', 'one', 'redeeming', 'quality', 'made', 'funniest', 'season', 'one', 'episode', 'mst3k', 'wish', 'rhine', 'released', 'one', 'instead', 'crawling', 'hand']"
film first british movie actually address reality violent rock roll society rather lucid party 1950s teenage life attempt celebrate work liverpools junior liaison officers opening title points 92 potential delinquents dealt scheme committed second crime however becomes merely pretext following beendrama films epilogue instructed feel responsible sorry delinquents however mixedup might seemstanley baker plays tough detective reluctantly takes post juvenile liaison officer hardboiled character role typical baker currently trail notorious arsonist known firmly relish distraction transfer however good police dramas led back full circle remarkable turn events back original investigationhis first case leads home two young children mary patrick murphy played reallife brother sister committed petty theft meets cattle satisfying portray anne heywood older sister eventually becomes romantically involved quickly becomes obvious squalid environment innercity estates breeding ground juvenile delinquencythe elder brother murphy family johnny leader gang rock roll hoodlums mccallum eyecatching turn americanized mixedup kid owes likes maroon brandy previous british star one reminded brandys character johnny wild one led leatherclad gang rebellious bakers much way films johnny leads gangthankful preachiness earlier garden crime dramas blue lamp apparent instead presented several well drawnout characters sides law drama delinquents romantic interest heywood baker takes forefrontthe plot whilst times predictable deliver memorable scenes disruption influence rock roll music thought played scene johnny abandons music leading menacing advance police sergeant gripping memorable piece film however climate classroom scene bunch terrified school children including mary patrick held hostage gunpoint johnny obviously light reallife dumblaine massacre scene seems terrifying understandable film seldom tired available modern audiences,positive,"['film', 'first', 'british', 'movie', 'actually', 'address', 'reality', 'violent', 'rock', 'roll', 'society', 'rather', 'lucid', 'party', '1950s', 'teenage', 'life', 'attempt', 'celebrate', 'work', 'liverpools', 'junior', 'liaison', 'officers', 'opening', 'title', 'points', '92', 'potential', 'delinquents', 'dealt', 'scheme', 'committed', 'second', 'crime', 'however', 'becomes', 'merely', 'pretext', 'following', 'beendrama', 'films', 'epilogue', 'instructed', 'feel', 'responsible', 'sorry', 'delinquents', 'however', 'mixedup', 'might', 'seemstanley', 'baker', 'plays', 'tough', 'detective', 'reluctantly', 'takes', 'post', 'juvenile', 'liaison', 'officer', 'hardboiled', 'character', 'role', 'typical', 'baker', 'currently', 'trail', 'notorious', 'arsonist', 'known', 'firmly', 'relish', 'distraction', 'transfer', 'however', 'good', 'police', 'dramas', 'led', 'back', 'full', 'circle', 'remarkable', 'turn', 'events', 'back', 'original', 'investigationhis', 'first', 'case', 'leads', 'home', 'two', 'young', 'children', 'mary', 'patrick', 'murphy', 'played', 'reallife', 'brother', 'sister', 'committed', 'petty', 'theft', 'meets', 'cattle', 'satisfying', 'portray', 'anne', 'heywood', 'older', 'sister', 'eventually', 'becomes', 'romantically', 'involved', 'quickly', 'becomes', 'obvious', 'squalid', 'environment', 'innercity', 'estates', 'breeding', 'ground', 'juvenile', 'delinquencythe', 'elder', 'brother', 'murphy', 'family', 'johnny', 'leader', 'gang', 'rock', 'roll', 'hoodlums', 'mccallum', 'eyecatching', 'turn', 'americanized', 'mixedup', 'kid', 'owes', 'likes', 'maroon', 'brandy', 'previous', 'british', 'star', 'one', 'reminded', 'brandys', 'character', 'johnny', 'wild', 'one', 'led', 'leatherclad', 'gang', 'rebellious', 'bakers', 'much', 'way', 'films', 'johnny', 'leads', 'gangthankful', 'preachiness', 'earlier', 'garden', 'crime', 'dramas', 'blue', 'lamp', 'apparent', 'instead', 'presented', 'several', 'well', 'drawnout', 'characters', 'sides', 'law', 'drama', 'delinquents', 'romantic', 'interest', 'heywood', 'baker', 'takes', 'forefrontthe', 'plot', 'whilst', 'times', 'predictable', 'deliver', 'memorable', 'scenes', 'disruption', 'influence', 'rock', 'roll', 'music', 'thought', 'played', 'scene', 'johnny', 'abandons', 'music', 'leading', 'menacing', 'advance', 'police', 'sergeant', 'gripping', 'memorable', 'piece', 'film', 'however', 'climate', 'classroom', 'scene', 'bunch', 'terrified', 'school', 'children', 'including', 'mary', 'patrick', 'held', 'hostage', 'gunpoint', 'johnny', 'obviously', 'light', 'reallife', 'dumblaine', 'massacre', 'scene', 'seems', 'terrifying', 'understandable', 'film', 'seldom', 'tired', 'available', 'modern', 'audiences']"
victor much stopping trying go judy prettiest girl block got hope onebedroom apartment shares family grandmother trust brother worship halfsister declared war victor thinks love really conquer warm genuine touching romantic comedy life part city people never see according sleeves sycosispeter collect raising victor varies elicit engaging debut performances lead actor victor ask victor varies cast mr ask juice judy marie judy gonzalez sex entering lower east side kiss discovering joy sexual attraction considering attractive look picture hard predict hook although may wonder innocent really characterizations seem truevictors brother nine played victors reallife brother silvestre ask looks part older brother playing sometimes nice see movie brothers actually look alike hopefully work together cuckoo cocoa puffs sister crystal rodriguez vice old world altagracia german grand round sexstarved dominican immigrant family handheldcamera comingofage films vogue raising victor varies 51602 peter collect victor ask july marie silvestre ask,positive,"['victor', 'much', 'stopping', 'trying', 'go', 'judy', 'prettiest', 'girl', 'block', 'got', 'hope', 'onebedroom', 'apartment', 'shares', 'family', 'grandmother', 'trust', 'brother', 'worship', 'halfsister', 'declared', 'war', 'victor', 'thinks', 'love', 'really', 'conquer', 'warm', 'genuine', 'touching', 'romantic', 'comedy', 'life', 'part', 'city', 'people', 'never', 'see', 'according', 'sleeves', 'sycosispeter', 'collect', 'raising', 'victor', 'varies', 'elicit', 'engaging', 'debut', 'performances', 'lead', 'actor', 'victor', 'ask', 'victor', 'varies', 'cast', 'mr', 'ask', 'juice', 'judy', 'marie', 'judy', 'gonzalez', 'sex', 'entering', 'lower', 'east', 'side', 'kiss', 'discovering', 'joy', 'sexual', 'attraction', 'considering', 'attractive', 'look', 'picture', 'hard', 'predict', 'hook', 'although', 'may', 'wonder', 'innocent', 'really', 'characterizations', 'seem', 'truevictors', 'brother', 'nine', 'played', 'victors', 'reallife', 'brother', 'silvestre', 'ask', 'looks', 'part', 'older', 'brother', 'playing', 'sometimes', 'nice', 'see', 'movie', 'brothers', 'actually', 'look', 'alike', 'hopefully', 'work', 'together', 'cuckoo', 'cocoa', 'puffs', 'sister', 'crystal', 'rodriguez', 'vice', 'old', 'world', 'altagracia', 'german', 'grand', 'round', 'sexstarved', 'dominican', 'immigrant', 'family', 'handheldcamera', 'comingofage', 'films', 'vogue', 'raising', 'victor', 'varies', '51602', 'peter', 'collect', 'victor', 'ask', 'july', 'marie', 'silvestre', 'ask']"
show another bad comedy probably canceled two seasons jokes existracismhomophobic also funny clicked first episode father said something along lines wish women go get jobs rights men bah bah bah really helps attitudes hut making fun son saying weird parent says kid weird overall show boring original offensive clicked funny yeah american dads offensive also make laugh obviously taking milky difference,negative,"['show', 'another', 'bad', 'comedy', 'probably', 'canceled', 'two', 'seasons', 'jokes', 'existracismhomophobic', 'also', 'funny', 'clicked', 'first', 'episode', 'father', 'said', 'something', 'along', 'lines', 'wish', 'women', 'go', 'get', 'jobs', 'rights', 'men', 'bah', 'bah', 'bah', 'really', 'helps', 'attitudes', 'hut', 'making', 'fun', 'son', 'saying', 'weird', 'parent', 'says', 'kid', 'weird', 'overall', 'show', 'boring', 'original', 'offensive', 'clicked', 'funny', 'yeah', 'american', 'dads', 'offensive', 'also', 'make', 'laugh', 'obviously', 'taking', 'milky', 'difference']"
heard friends one day saying surface sucks idiot tried make another godfather set early usually listen idiotwatch decided I would stay away mate handed said 1 pelicangs confused tried best film ever made realistic cap racing stolen cars expensive someone area could afford cough2fast2furiouscough humor though ie pelicangs light music still better al pacing wielding m203 give perfect fan al tavice city,positive,"['heard', 'friends', 'one', 'day', 'saying', 'surface', 'sucks', 'idiot', 'tried', 'make', 'another', 'godfather', 'set', 'early', 'usually', 'listen', 'idiotwatch', 'decided', 'I', 'would', 'stay', 'away', 'mate', 'handed', 'said', '1', 'pelicangs', 'confused', 'tried', 'best', 'film', 'ever', 'made', 'realistic', 'cap', 'racing', 'stolen', 'cars', 'expensive', 'someone', 'area', 'could', 'afford', 'cough2fast2furiouscough', 'humor', 'though', 'ie', 'pelicangs', 'light', 'music', 'still', 'better', 'al', 'pacing', 'wielding', 'm203', 'give', 'perfect', 'fan', 'al', 'tavice', 'city']"
dragged movie four years ago french actress friend minefor first half hour sitting uncomfortable seat new every theater hollywood hating film hating even hating french actress theni know happened pulled film way hadnt years despite fact one protectors broke changeover hand theater close four hours worth believe great moves pull inside world make part drop talk friends coffee drink film one best filmgoing experiences ever,positive,"['dragged', 'movie', 'four', 'years', 'ago', 'french', 'actress', 'friend', 'minefor', 'first', 'half', 'hour', 'sitting', 'uncomfortable', 'seat', 'new', 'every', 'theater', 'hollywood', 'hating', 'film', 'hating', 'even', 'hating', 'french', 'actress', 'theni', 'know', 'happened', 'pulled', 'film', 'way', 'hadnt', 'years', 'despite', 'fact', 'one', 'protectors', 'broke', 'changeover', 'hand', 'theater', 'close', 'four', 'hours', 'worth', 'believe', 'great', 'moves', 'pull', 'inside', 'world', 'make', 'part', 'drop', 'talk', 'friends', 'coffee', 'drink', 'film', 'one', 'best', 'filmgoing', 'experiences', 'ever']"
childless couple broke adams jeff hayenga go doctor james try conceive works adams slowly becomes aware something seriously wrong babypretty interesting idea thoroughly done louse scriptthe basic idea ok becomes screaming predictable towards end saw every twist coming direction poorhe seems idea shoot basic scene production values areto nicelouse shabby scenes unpleasant almost turned pregnant woman started stabbing stomach louse special effects film completely details end becomes quite clear idea end filmsome good acting makes somewhat bearable adams hayenga good roles kept watching film barely got released 1991 still remains unknownit easy see give 4,negative,"['childless', 'couple', 'broke', 'adams', 'jeff', 'hayenga', 'go', 'doctor', 'james', 'try', 'conceive', 'works', 'adams', 'slowly', 'becomes', 'aware', 'something', 'seriously', 'wrong', 'babypretty', 'interesting', 'idea', 'thoroughly', 'done', 'louse', 'scriptthe', 'basic', 'idea', 'ok', 'becomes', 'screaming', 'predictable', 'towards', 'end', 'saw', 'every', 'twist', 'coming', 'direction', 'poorhe', 'seems', 'idea', 'shoot', 'basic', 'scene', 'production', 'values', 'areto', 'nicelouse', 'shabby', 'scenes', 'unpleasant', 'almost', 'turned', 'pregnant', 'woman', 'started', 'stabbing', 'stomach', 'louse', 'special', 'effects', 'film', 'completely', 'details', 'end', 'becomes', 'quite', 'clear', 'idea', 'end', 'filmsome', 'good', 'acting', 'makes', 'somewhat', 'bearable', 'adams', 'hayenga', 'good', 'roles', 'kept', 'watching', 'film', 'barely', 'got', 'released', '1991', 'still', 'remains', 'unknownit', 'easy', 'see', 'give', '4']"
like people loveloved singers norway got tired lot later also means 176th episode yea right say really love singers make cry laugh smile think I going die day reach episode number 192 singers might seriesexcept greys anatomy really watch actors amazing especially jacinto simpleton personally think one best access know like superknown really great actress singers makes want cop love itps know buy episodes,positive,"['like', 'people', 'loveloved', 'singers', 'norway', 'got', 'tired', 'lot', 'later', 'also', 'means', '176th', 'episode', 'yea', 'right', 'say', 'really', 'love', 'singers', 'make', 'cry', 'laugh', 'smile', 'think', 'I', 'going', 'die', 'day', 'reach', 'episode', 'number', '192', 'singers', 'might', 'seriesexcept', 'greys', 'anatomy', 'really', 'watch', 'actors', 'amazing', 'especially', 'jacinto', 'simpleton', 'personally', 'think', 'one', 'best', 'access', 'know', 'like', 'superknown', 'really', 'great', 'actress', 'singers', 'makes', 'want', 'cop', 'love', 'itps', 'know', 'buy', 'episodes']"
big 1930s movie fan watch anything see turner classic moves new gave shot great harold lloyd rivaled chaplain great silent film comedian watched much less lloyds silent films chains say I much bigger chaplain fan anyway film fell flat finish understand sound career limited get good material work seen chaplain abbott costello three stages martin lewis marx brothers laurel hardy boxing spoons violence general one forgettable also interested watching adolphe enjoy really enjoyed paths glory role also nothing special maybe gotten boxing sooner least half film least seemed way gets ring tell lot lloyd fan wont popular review must rate compared else time 4 10 watch anyone trying get like old moves may watch another one flat alternative anyone really liked looking little known remedies general recommend belly second made years earlier another nobody becomes boxer comedy palsy belly supporting role charles chase shown turner classic moves channel,negative,"['big', '1930s', 'movie', 'fan', 'watch', 'anything', 'see', 'turner', 'classic', 'moves', 'new', 'gave', 'shot', 'great', 'harold', 'lloyd', 'rivaled', 'chaplain', 'great', 'silent', 'film', 'comedian', 'watched', 'much', 'less', 'lloyds', 'silent', 'films', 'chains', 'say', 'I', 'much', 'bigger', 'chaplain', 'fan', 'anyway', 'film', 'fell', 'flat', 'finish', 'understand', 'sound', 'career', 'limited', 'get', 'good', 'material', 'work', 'seen', 'chaplain', 'abbott', 'costello', 'three', 'stages', 'martin', 'lewis', 'marx', 'brothers', 'laurel', 'hardy', 'boxing', 'spoons', 'violence', 'general', 'one', 'forgettable', 'also', 'interested', 'watching', 'adolphe', 'enjoy', 'really', 'enjoyed', 'paths', 'glory', 'role', 'also', 'nothing', 'special', 'maybe', 'gotten', 'boxing', 'sooner', 'least', 'half', 'film', 'least', 'seemed', 'way', 'gets', 'ring', 'tell', 'lot', 'lloyd', 'fan', 'wont', 'popular', 'review', 'must', 'rate', 'compared', 'else', 'time', '4', '10', 'watch', 'anyone', 'trying', 'get', 'like', 'old', 'moves', 'may', 'watch', 'another', 'one', 'flat', 'alternative', 'anyone', 'really', 'liked', 'looking', 'little', 'known', 'remedies', 'general', 'recommend', 'belly', 'second', 'made', 'years', 'earlier', 'another', 'nobody', 'becomes', 'boxer', 'comedy', 'palsy', 'belly', 'supporting', 'role', 'charles', 'chase', 'shown', 'turner', 'classic', 'moves', 'channel']"
agree andy good movie even mckidds character believable throughout film forced hate latterly sympathies paula sage plays robert puts good performance thoughtprovoking motive without flush overproduction credit director allison pebbles writer andrew gibb worthwhile viewing pace film right raising enough interest subject matter feel rather bombard facts documentary style nice little soundtrack go film used sparingly distract storyline recommended,positive,"['agree', 'andy', 'good', 'movie', 'even', 'mckidds', 'character', 'believable', 'throughout', 'film', 'forced', 'hate', 'latterly', 'sympathies', 'paula', 'sage', 'plays', 'robert', 'puts', 'good', 'performance', 'thoughtprovoking', 'motive', 'without', 'flush', 'overproduction', 'credit', 'director', 'allison', 'pebbles', 'writer', 'andrew', 'gibb', 'worthwhile', 'viewing', 'pace', 'film', 'right', 'raising', 'enough', 'interest', 'subject', 'matter', 'feel', 'rather', 'bombard', 'facts', 'documentary', 'style', 'nice', 'little', 'soundtrack', 'go', 'film', 'used', 'sparingly', 'distract', 'storyline', 'recommended']"
love respect pretty much anything david lynch done however movie akin first filmmakers attempt making pseudo art video give couple examples 1 david lynch typically visual filmmaker however little visual artistic content blank walls shots ceiling background 2 david lynch typically takes great pride audit however could even hear video cameras hum fact hard swallow idea anything movie unlessthis joke davids part force fan search webster hours find drive hope least idea funny,negative,"['love', 'respect', 'pretty', 'much', 'anything', 'david', 'lynch', 'done', 'however', 'movie', 'akin', 'first', 'filmmakers', 'attempt', 'making', 'pseudo', 'art', 'video', 'give', 'couple', 'examples', '1', 'david', 'lynch', 'typically', 'visual', 'filmmaker', 'however', 'little', 'visual', 'artistic', 'content', 'blank', 'walls', 'shots', 'ceiling', 'background', '2', 'david', 'lynch', 'typically', 'takes', 'great', 'pride', 'audit', 'however', 'could', 'even', 'hear', 'video', 'cameras', 'hum', 'fact', 'hard', 'swallow', 'idea', 'anything', 'movie', 'unlessthis', 'joke', 'davids', 'part', 'force', 'fan', 'search', 'webster', 'hours', 'find', 'drive', 'hope', 'least', 'idea', 'funny']"
long suffer like watching people waking getting getting dressed shower preparing dinner watching sex dark going back bed sleep like tack flats narrow bedrooms kitchens long minutes silence like getting bored two hours feeling thrill real intimate false art like try see good movie thousands long want stay german movie got award torn gay film festival italian journalists still understand jury took bad decision festival presented lot talented moves maybe nice german often get awards well lives others one excellent gay maybe question fashion germans matter maybe hunters glance directors,negative,"['long', 'suffer', 'like', 'watching', 'people', 'waking', 'getting', 'getting', 'dressed', 'shower', 'preparing', 'dinner', 'watching', 'sex', 'dark', 'going', 'back', 'bed', 'sleep', 'like', 'tack', 'flats', 'narrow', 'bedrooms', 'kitchens', 'long', 'minutes', 'silence', 'like', 'getting', 'bored', 'two', 'hours', 'feeling', 'thrill', 'real', 'intimate', 'false', 'art', 'like', 'try', 'see', 'good', 'movie', 'thousands', 'long', 'want', 'stay', 'german', 'movie', 'got', 'award', 'torn', 'gay', 'film', 'festival', 'italian', 'journalists', 'still', 'understand', 'jury', 'took', 'bad', 'decision', 'festival', 'presented', 'lot', 'talented', 'moves', 'maybe', 'nice', 'german', 'often', 'get', 'awards', 'well', 'lives', 'others', 'one', 'excellent', 'gay', 'maybe', 'question', 'fashion', 'germans', 'matter', 'maybe', 'hunters', 'glance', 'directors']"
billy crystal normally brings crowd laughter movie rest bring smile face perhaps one call comedy say waste time,negative,"['billy', 'crystal', 'normally', 'brings', 'crowd', 'laughter', 'movie', 'rest', 'bring', 'smile', 'face', 'perhaps', 'one', 'call', 'comedy', 'say', 'waste', 'time']"
right good entertaining accurate erafeel scenes enough personality variations cover real people around days without story distractions exceptions credits show penalty may vista california hill venice south malice lived heartbreak hotel days prebeachboys next suffer kid bob cooper watch avenue alley used burn surfboards work old skatekey skatewheels used plood cutlets roll sidewalk waves things different succeeding decade cool innocence cities broke warmth sun whitewater freedom exhilarating electric sixties assertively innovative pastime inventive evolutionary madness weird seventies movie gives piece kind magic moment time place imaginary wave real source cultural significant influences bow another movie similarly american street engines genuinely unique goodness laid back weakness helps refine exclusively eternal sense cool two lane blacktop one best examples freesouldoit attitude west coast california history tennis wilson like month pullman one thanks right one gr,positive,"['right', 'good', 'entertaining', 'accurate', 'erafeel', 'scenes', 'enough', 'personality', 'variations', 'cover', 'real', 'people', 'around', 'days', 'without', 'story', 'distractions', 'exceptions', 'credits', 'show', 'penalty', 'may', 'vista', 'california', 'hill', 'venice', 'south', 'malice', 'lived', 'heartbreak', 'hotel', 'days', 'prebeachboys', 'next', 'suffer', 'kid', 'bob', 'cooper', 'watch', 'avenue', 'alley', 'used', 'burn', 'surfboards', 'work', 'old', 'skatekey', 'skatewheels', 'used', 'plood', 'cutlets', 'roll', 'sidewalk', 'waves', 'things', 'different', 'succeeding', 'decade', 'cool', 'innocence', 'cities', 'broke', 'warmth', 'sun', 'whitewater', 'freedom', 'exhilarating', 'electric', 'sixties', 'assertively', 'innovative', 'pastime', 'inventive', 'evolutionary', 'madness', 'weird', 'seventies', 'movie', 'gives', 'piece', 'kind', 'magic', 'moment', 'time', 'place', 'imaginary', 'wave', 'real', 'source', 'cultural', 'significant', 'influences', 'bow', 'another', 'movie', 'similarly', 'american', 'street', 'engines', 'genuinely', 'unique', 'goodness', 'laid', 'back', 'weakness', 'helps', 'refine', 'exclusively', 'eternal', 'sense', 'cool', 'two', 'lane', 'blacktop', 'one', 'best', 'examples', 'freesouldoit', 'attitude', 'west', 'coast', 'california', 'history', 'tennis', 'wilson', 'like', 'month', 'pullman', 'one', 'thanks', 'right', 'one', 'gr']"
3hour madeforto miniseries came home us blockbusters weekend production company clearly spent lot money sets costing bridge fond especially special effects including great jim reason talking polar bear render spent bit money getting coherent script story line loose really never came together one overlook irishaccepted germans jerkyjerky storytelling senseless loose ends included special guest appearance devil one certainly destined christmas classic shame wasted good performances two female leads,negative,"['3hour', 'madeforto', 'miniseries', 'came', 'home', 'us', 'blockbusters', 'weekend', 'production', 'company', 'clearly', 'spent', 'lot', 'money', 'sets', 'costing', 'bridge', 'fond', 'especially', 'special', 'effects', 'including', 'great', 'jim', 'reason', 'talking', 'polar', 'bear', 'render', 'spent', 'bit', 'money', 'getting', 'coherent', 'script', 'story', 'line', 'loose', 'really', 'never', 'came', 'together', 'one', 'overlook', 'irishaccepted', 'germans', 'jerkyjerky', 'storytelling', 'senseless', 'loose', 'ends', 'included', 'special', 'guest', 'appearance', 'devil', 'one', 'certainly', 'destined', 'christmas', 'classic', 'shame', 'wasted', 'good', 'performances', 'two', 'female', 'leads']"
love jane austins stories I read two pp ss seen adoption I reaching persuasion bookcase make sense story also refusing believe jane austin could written nonsense thought base film jane austin novel really go wrong turn great pretty much default wrongfirst characters sympathies like least one liable character get audience invest emotions deliver sure wanted anne wentworth get together know purpose story getting together instead resist urges throw teach continue watching endanne utterly annoying throughout end really idea wentworth smitten seemed nothing attracted meek bland dull socially inadequate came across like sheep following everyone elses instructions rather mind still work lead character well done wellthe characters displaying various degrees narcissism mary worst fullblown narcissistic personality disorder mrs bonnet pp similar flaws still entering whereas mary freakshow loathsome funnywentworth handsome seemed like decent kind guy part story wondering kind person love anne surely kind guy would want person little bit alive actingwise much say reacted characters portray rather goodbad people acting anthony head excellent soon saw expected lessalso found story confusing end movie seemed elizabeth annes stepmother fact sister I still 100 whole annewentworth back story also bit fully together broke bitter come wondering quite time explanation seemed dumped persuaded someone said kind way almost missed somehow unimportant unimportant core story also lot namedropping real feel characters louisa person instance friend family made clear different characters relationship one another lady russell lot mrs craft wentworth brother sister felt realistic mrs craft looked old enough motherthe final kiss yes bit strange kissing street really think busy yelling get already annes lips trembled trembled trembled felt like ages actually met wentworths hesitation couple seconds half minutethen issue camera work regular movie watched pay attention angles unless decide look decide still noticed means filmmakers good job lot conversations extreme facial closes something used really important point made adoption overused therefore lacked meaning handheld feeling occasion also really work period drama camera work running scene end also felt contemporary mention running austin adoption caught austin season makes wonder worth watching northanger abbey mansfield park read books leave I sad say jane austin adoption enjoy maybe I watch 1995 version instead bc renowned done beautiful austin adaptations,negative,"['love', 'jane', 'austins', 'stories', 'I', 'read', 'two', 'pp', 'ss', 'seen', 'adoption', 'I', 'reaching', 'persuasion', 'bookcase', 'make', 'sense', 'story', 'also', 'refusing', 'believe', 'jane', 'austin', 'could', 'written', 'nonsense', 'thought', 'base', 'film', 'jane', 'austin', 'novel', 'really', 'go', 'wrong', 'turn', 'great', 'pretty', 'much', 'default', 'wrongfirst', 'characters', 'sympathies', 'like', 'least', 'one', 'liable', 'character', 'get', 'audience', 'invest', 'emotions', 'deliver', 'sure', 'wanted', 'anne', 'wentworth', 'get', 'together', 'know', 'purpose', 'story', 'getting', 'together', 'instead', 'resist', 'urges', 'throw', 'teach', 'continue', 'watching', 'endanne', 'utterly', 'annoying', 'throughout', 'end', 'really', 'idea', 'wentworth', 'smitten', 'seemed', 'nothing', 'attracted', 'meek', 'bland', 'dull', 'socially', 'inadequate', 'came', 'across', 'like', 'sheep', 'following', 'everyone', 'elses', 'instructions', 'rather', 'mind', 'still', 'work', 'lead', 'character', 'well', 'done', 'wellthe', 'characters', 'displaying', 'various', 'degrees', 'narcissism', 'mary', 'worst', 'fullblown', 'narcissistic', 'personality', 'disorder', 'mrs', 'bonnet', 'pp', 'similar', 'flaws', 'still', 'entering', 'whereas', 'mary', 'freakshow', 'loathsome', 'funnywentworth', 'handsome', 'seemed', 'like', 'decent', 'kind', 'guy', 'part', 'story', 'wondering', 'kind', 'person', 'love', 'anne', 'surely', 'kind', 'guy', 'would', 'want', 'person', 'little', 'bit', 'alive', 'actingwise', 'much', 'say', 'reacted', 'characters', 'portray', 'rather', 'goodbad', 'people', 'acting', 'anthony', 'head', 'excellent', 'soon', 'saw', 'expected', 'lessalso', 'found', 'story', 'confusing', 'end', 'movie', 'seemed', 'elizabeth', 'annes', 'stepmother', 'fact', 'sister', 'I', 'still', '100', 'whole', 'annewentworth', 'back', 'story', 'also', 'bit', 'fully', 'together', 'broke', 'bitter', 'come', 'wondering', 'quite', 'time', 'explanation', 'seemed', 'dumped', 'persuaded', 'someone', 'said', 'kind', 'way', 'almost', 'missed', 'somehow', 'unimportant', 'unimportant', 'core', 'story', 'also', 'lot', 'namedropping', 'real', 'feel', 'characters', 'louisa', 'person', 'instance', 'friend', 'family', 'made', 'clear', 'different', 'characters', 'relationship', 'one', 'another', 'lady', 'russell', 'lot', 'mrs', 'craft', 'wentworth', 'brother', 'sister', 'felt', 'realistic', 'mrs', 'craft', 'looked', 'old', 'enough', 'motherthe', 'final', 'kiss', 'yes', 'bit', 'strange', 'kissing', 'street', 'really', 'think', 'busy', 'yelling', 'get', 'already', 'annes', 'lips', 'trembled', 'trembled', 'trembled', 'felt', 'like', 'ages', 'actually', 'met', 'wentworths', 'hesitation', 'couple', 'seconds', 'half', 'minutethen', 'issue', 'camera', 'work', 'regular', 'movie', 'watched', 'pay', 'attention', 'angles', 'unless', 'decide', 'look', 'decide', 'still', 'noticed', 'means', 'filmmakers', 'good', 'job', 'lot', 'conversations', 'extreme', 'facial', 'closes', 'something', 'used', 'really', 'important', 'point', 'made', 'adoption', 'overused', 'therefore', 'lacked', 'meaning', 'handheld', 'feeling', 'occasion', 'also', 'really', 'work', 'period', 'drama', 'camera', 'work', 'running', 'scene', 'end', 'also', 'felt', 'contemporary', 'mention', 'running', 'austin', 'adoption', 'caught', 'austin', 'season', 'makes', 'wonder', 'worth', 'watching', 'northanger', 'abbey', 'mansfield', 'park', 'read', 'books', 'leave', 'I', 'sad', 'say', 'jane', 'austin', 'adoption', 'enjoy', 'maybe', 'I', 'watch', '1995', 'version', 'instead', 'bc', 'renowned', 'done', 'beautiful', 'austin', 'adaptations']"
watched movie pretty disappointed expect much begin premise movie suggest greatness anyway sadly even manage deliver stupid entertainment main problem probably acting I seen far worse actors far worse moves story would require people act violent maniac others people caught really stressing predicament fail deliver although watched german release watched original audit definitely bad voiceover anything like added german release seems cut killing pretty much left meaning except semigory scenes closer end german release deliver movie morehounds either comment release course plot stupid moments thrown beginning hilarious ever heard demon visiting psychiatric bad movie takes far seriously filled horrorcomedy changed bit accordingly might worked better ending huge disappointmentif got really nothing better stand boredom anymore might really weak might consider movie anything else available watch pick alternative,negative,"['watched', 'movie', 'pretty', 'disappointed', 'expect', 'much', 'begin', 'premise', 'movie', 'suggest', 'greatness', 'anyway', 'sadly', 'even', 'manage', 'deliver', 'stupid', 'entertainment', 'main', 'problem', 'probably', 'acting', 'I', 'seen', 'far', 'worse', 'actors', 'far', 'worse', 'moves', 'story', 'would', 'require', 'people', 'act', 'violent', 'maniac', 'others', 'people', 'caught', 'really', 'stressing', 'predicament', 'fail', 'deliver', 'although', 'watched', 'german', 'release', 'watched', 'original', 'audit', 'definitely', 'bad', 'voiceover', 'anything', 'like', 'added', 'german', 'release', 'seems', 'cut', 'killing', 'pretty', 'much', 'left', 'meaning', 'except', 'semigory', 'scenes', 'closer', 'end', 'german', 'release', 'deliver', 'movie', 'morehounds', 'either', 'comment', 'release', 'course', 'plot', 'stupid', 'moments', 'thrown', 'beginning', 'hilarious', 'ever', 'heard', 'demon', 'visiting', 'psychiatric', 'bad', 'movie', 'takes', 'far', 'seriously', 'filled', 'horrorcomedy', 'changed', 'bit', 'accordingly', 'might', 'worked', 'better', 'ending', 'huge', 'disappointmentif', 'got', 'really', 'nothing', 'better', 'stand', 'boredom', 'anymore', 'might', 'really', 'weak', 'might', 'consider', 'movie', 'anything', 'else', 'available', 'watch', 'pick', 'alternative']"
review says sigourney weavers character taut frustrated later could sister tms character ordinary people say way lady quickly start nothing like tm ordinary people sorrynext goes say sigourney weavers sandy train jeff daniels ben train 40something year old children ms weaver must dancing fig believe time made imaginary heroes fact 55 years old born 1949not perception corrections aside pretty good movie considering made someone young obviously sigourney weaver thought jeff daniel young man playing tim outstandingthere critical comments could make script never really got good sense sandy train missed son sort blown apart behavior perhaps trigger death behavior lasted ¾ way film felt stagnation marriage relationship tim really came resolved issues mourning elder son bens mourning much clearso matt train ashore mon think still watchable film becoming clearer clearer roles women certain age rather takes director one clearly love older woman ms weaver almost make film homage sort antiwood allen,positive,"['review', 'says', 'sigourney', 'weavers', 'character', 'taut', 'frustrated', 'later', 'could', 'sister', 'tms', 'character', 'ordinary', 'people', 'say', 'way', 'lady', 'quickly', 'start', 'nothing', 'like', 'tm', 'ordinary', 'people', 'sorrynext', 'goes', 'say', 'sigourney', 'weavers', 'sandy', 'train', 'jeff', 'daniels', 'ben', 'train', '40something', 'year', 'old', 'children', 'ms', 'weaver', 'must', 'dancing', 'fig', 'believe', 'time', 'made', 'imaginary', 'heroes', 'fact', '55', 'years', 'old', 'born', '1949not', 'perception', 'corrections', 'aside', 'pretty', 'good', 'movie', 'considering', 'made', 'someone', 'young', 'obviously', 'sigourney', 'weaver', 'thought', 'jeff', 'daniel', 'young', 'man', 'playing', 'tim', 'outstandingthere', 'critical', 'comments', 'could', 'make', 'script', 'never', 'really', 'got', 'good', 'sense', 'sandy', 'train', 'missed', 'son', 'sort', 'blown', 'apart', 'behavior', 'perhaps', 'trigger', 'death', 'behavior', 'lasted', '¾', 'way', 'film', 'felt', 'stagnation', 'marriage', 'relationship', 'tim', 'really', 'came', 'resolved', 'issues', 'mourning', 'elder', 'son', 'bens', 'mourning', 'much', 'clearso', 'matt', 'train', 'ashore', 'mon', 'think', 'still', 'watchable', 'film', 'becoming', 'clearer', 'clearer', 'roles', 'women', 'certain', 'age', 'rather', 'takes', 'director', 'one', 'clearly', 'love', 'older', 'woman', 'ms', 'weaver', 'almost', 'make', 'film', 'homage', 'sort', 'antiwood', 'allen']"
husband enjoy doodlebops much 8 month old baby bought dids ds watch listen fun energetic entertaining encourage children active share care always positive message along fun entertainment every time son hears theme song quickly turns head toward television starts bounding excitement see see wonderful singer great voice great dancer would recommend doodlebops anyone children favorite song bird song help smile want dance hear,positive,"['husband', 'enjoy', 'doodlebops', 'much', '8', 'month', 'old', 'baby', 'bought', 'dids', 'ds', 'watch', 'listen', 'fun', 'energetic', 'entertaining', 'encourage', 'children', 'active', 'share', 'care', 'always', 'positive', 'message', 'along', 'fun', 'entertainment', 'every', 'time', 'son', 'hears', 'theme', 'song', 'quickly', 'turns', 'head', 'toward', 'television', 'starts', 'bounding', 'excitement', 'see', 'see', 'wonderful', 'singer', 'great', 'voice', 'great', 'dancer', 'would', 'recommend', 'doodlebops', 'anyone', 'children', 'favorite', 'song', 'bird', 'song', 'help', 'smile', 'want', 'dance', 'hear']"
suffice say despite odd ludicrous panegyric distant abilities posted director inert odious toss made film since well excellent news far I concerneddead babies bile creator lacks wit technical proficient make martin amid novelist readablewhen british film industry wake realise wants regain status stop producing rubbish like make something real people actually want watchavoid like plague,negative,"['suffice', 'say', 'despite', 'odd', 'ludicrous', 'panegyric', 'distant', 'abilities', 'posted', 'director', 'inert', 'odious', 'toss', 'made', 'film', 'since', 'well', 'excellent', 'news', 'far', 'I', 'concerneddead', 'babies', 'bile', 'creator', 'lacks', 'wit', 'technical', 'proficient', 'make', 'martin', 'amid', 'novelist', 'readablewhen', 'british', 'film', 'industry', 'wake', 'realise', 'wants', 'regain', 'status', 'stop', 'producing', 'rubbish', 'like', 'make', 'something', 'real', 'people', 'actually', 'want', 'watchavoid', 'like', 'plague']"
show best show ever period andy griffe show saturday night live simpson book show continued 8 seasons focus around group teenageryoung adults dealing relationships separating parents overall futurethe two main characters eric donna two teenager living next door living next door lives begin feel feelings beginning first season large amount show revolves around relationship workingtwo characters red kitty erics parents red service really pushes eric around kitty opposite even though drinks heavily treats eric friends lot care bob neighbor obviously donnas dad bob giggler around several different women throughout coarse shows story bob also annoy red full extentthe remaining character hyde also fez jacket erics friends also play major role shows storywell first season great characters beginning feel new things first season original funny enjoyablethe second season good although good first basic continuation first eric donna together everything working greatthe third season favorite went back captured first season feel humor also think character chemistry improved bunch making show fun watchthe fourth season near good eric donna aret together one making show slightly less pleasurable still funny although enjoy much previous seasonsthe fifth season last season enjoyed way gangs senior year really helps story fifth season also best ending seasonsthe sixth season good part extremely funny although capture feel seasons gang high school believe hit feel previous seasons also like last three four episodes considering major drama feel themthe seventh season captures feel th season way although way enjoyed seventh season others ending greatthe last season flat sucked eric ruined also part either help hated eighth season last episode thought last episode really good fitting ending seriesso overall enjoy comedy give show try stopped making new episodes still bunch also recommend buying seasons 17 want buy season 8,positive,"['show', 'best', 'show', 'ever', 'period', 'andy', 'griffe', 'show', 'saturday', 'night', 'live', 'simpson', 'book', 'show', 'continued', '8', 'seasons', 'focus', 'around', 'group', 'teenageryoung', 'adults', 'dealing', 'relationships', 'separating', 'parents', 'overall', 'futurethe', 'two', 'main', 'characters', 'eric', 'donna', 'two', 'teenager', 'living', 'next', 'door', 'living', 'next', 'door', 'lives', 'begin', 'feel', 'feelings', 'beginning', 'first', 'season', 'large', 'amount', 'show', 'revolves', 'around', 'relationship', 'workingtwo', 'characters', 'red', 'kitty', 'erics', 'parents', 'red', 'service', 'really', 'pushes', 'eric', 'around', 'kitty', 'opposite', 'even', 'though', 'drinks', 'heavily', 'treats', 'eric', 'friends', 'lot', 'care', 'bob', 'neighbor', 'obviously', 'donnas', 'dad', 'bob', 'giggler', 'around', 'several', 'different', 'women', 'throughout', 'coarse', 'shows', 'story', 'bob', 'also', 'annoy', 'red', 'full', 'extentthe', 'remaining', 'character', 'hyde', 'also', 'fez', 'jacket', 'erics', 'friends', 'also', 'play', 'major', 'role', 'shows', 'storywell', 'first', 'season', 'great', 'characters', 'beginning', 'feel', 'new', 'things', 'first', 'season', 'original', 'funny', 'enjoyablethe', 'second', 'season', 'good', 'although', 'good', 'first', 'basic', 'continuation', 'first', 'eric', 'donna', 'together', 'everything', 'working', 'greatthe', 'third', 'season', 'favorite', 'went', 'back', 'captured', 'first', 'season', 'feel', 'humor', 'also', 'think', 'character', 'chemistry', 'improved', 'bunch', 'making', 'show', 'fun', 'watchthe', 'fourth', 'season', 'near', 'good', 'eric', 'donna', 'aret', 'together', 'one', 'making', 'show', 'slightly', 'less', 'pleasurable', 'still', 'funny', 'although', 'enjoy', 'much', 'previous', 'seasonsthe', 'fifth', 'season', 'last', 'season', 'enjoyed', 'way', 'gangs', 'senior', 'year', 'really', 'helps', 'story', 'fifth', 'season', 'also', 'best', 'ending', 'seasonsthe', 'sixth', 'season', 'good', 'part', 'extremely', 'funny', 'although', 'capture', 'feel', 'seasons', 'gang', 'high', 'school', 'believe', 'hit', 'feel', 'previous', 'seasons', 'also', 'like', 'last', 'three', 'four', 'episodes', 'considering', 'major', 'drama', 'feel', 'themthe', 'seventh', 'season', 'captures', 'feel', 'th', 'season', 'way', 'although', 'way', 'enjoyed', 'seventh', 'season', 'others', 'ending', 'greatthe', 'last', 'season', 'flat', 'sucked', 'eric', 'ruined', 'also', 'part', 'either', 'help', 'hated', 'eighth', 'season', 'last', 'episode', 'thought', 'last', 'episode', 'really', 'good', 'fitting', 'ending', 'seriesso', 'overall', 'enjoy', 'comedy', 'give', 'show', 'try', 'stopped', 'making', 'new', 'episodes', 'still', 'bunch', 'also', 'recommend', 'buying', 'seasons', '17', 'want', 'buy', 'season', '8']"
yet another insult slap face gay men everywhere lame attempt comedy nothing recommend attractive straight hero supposedly get woman interested yeah right also presented sympathetic attractive gay friend actually fat bolding ugly old man lead supposed find attractive even find appealing I fat ugly old gay man thankful bolding whatever acting talent may thrown away bad script truly awful direction mr sneedeker banner filmdom different countless backs working hollowed,negative,"['yet', 'another', 'insult', 'slap', 'face', 'gay', 'men', 'everywhere', 'lame', 'attempt', 'comedy', 'nothing', 'recommend', 'attractive', 'straight', 'hero', 'supposedly', 'get', 'woman', 'interested', 'yeah', 'right', 'also', 'presented', 'sympathetic', 'attractive', 'gay', 'friend', 'actually', 'fat', 'bolding', 'ugly', 'old', 'man', 'lead', 'supposed', 'find', 'attractive', 'even', 'find', 'appealing', 'I', 'fat', 'ugly', 'old', 'gay', 'man', 'thankful', 'bolding', 'whatever', 'acting', 'talent', 'may', 'thrown', 'away', 'bad', 'script', 'truly', 'awful', 'direction', 'mr', 'sneedeker', 'banner', 'filmdom', 'different', 'countless', 'backs', 'working', 'hollowed']"
movie scared bad easily scared though big thing movie scar whoever want scared movie surprised everyone know said scar hope everyone sees dont see lights like,positive,"['movie', 'scared', 'bad', 'easily', 'scared', 'though', 'big', 'thing', 'movie', 'scar', 'whoever', 'want', 'scared', 'movie', 'surprised', 'everyone', 'know', 'said', 'scar', 'hope', 'everyone', 'sees', 'dont', 'see', 'lights', 'like']"
although admit laughed watching movie last remedies sawthe budget must consisted pocket change actors production values low actual made kind fun watch reminds root monster made guy gorilla suit cardboard diving helmet onin one scene capless victim gets arm leg cut gee hard believe black knight scene holy grain realistic kept wondering victim start shouting none shall pass flesh wound I worse one funniest scenes I seen past yearthe gladiatordemon stitch horribly cheap costume weeks look guy end result hystericaltruly movie bad enough watchable kind like seeing slow motion auto accident film,negative,"['although', 'admit', 'laughed', 'watching', 'movie', 'last', 'remedies', 'sawthe', 'budget', 'must', 'consisted', 'pocket', 'change', 'actors', 'production', 'values', 'low', 'actual', 'made', 'kind', 'fun', 'watch', 'reminds', 'root', 'monster', 'made', 'guy', 'gorilla', 'suit', 'cardboard', 'diving', 'helmet', 'onin', 'one', 'scene', 'capless', 'victim', 'gets', 'arm', 'leg', 'cut', 'gee', 'hard', 'believe', 'black', 'knight', 'scene', 'holy', 'grain', 'realistic', 'kept', 'wondering', 'victim', 'start', 'shouting', 'none', 'shall', 'pass', 'flesh', 'wound', 'I', 'worse', 'one', 'funniest', 'scenes', 'I', 'seen', 'past', 'yearthe', 'gladiatordemon', 'stitch', 'horribly', 'cheap', 'costume', 'weeks', 'look', 'guy', 'end', 'result', 'hystericaltruly', 'movie', 'bad', 'enough', 'watchable', 'kind', 'like', 'seeing', 'slow', 'motion', 'auto', 'accident', 'film']"
think homegrown bit misnomer movie like plantation grown quite ring guide described comedy pathetic travail capless buffoons idea belly laugh gene facial thrilleddrama characters developed well enough allstar cast made ohso promising shame plot patiently absurd ted dawson provided fine cameo amie lee curtis walkon part jove amazing ability measure content front seat car guess imbibe beforehand able sit one gun shy paranoid types though,negative,"['think', 'homegrown', 'bit', 'misnomer', 'movie', 'like', 'plantation', 'grown', 'quite', 'ring', 'guide', 'described', 'comedy', 'pathetic', 'travail', 'capless', 'buffoons', 'idea', 'belly', 'laugh', 'gene', 'facial', 'thrilleddrama', 'characters', 'developed', 'well', 'enough', 'allstar', 'cast', 'made', 'ohso', 'promising', 'shame', 'plot', 'patiently', 'absurd', 'ted', 'dawson', 'provided', 'fine', 'cameo', 'amie', 'lee', 'curtis', 'walkon', 'part', 'jove', 'amazing', 'ability', 'measure', 'content', 'front', 'seat', 'car', 'guess', 'imbibe', 'beforehand', 'able', 'sit', 'one', 'gun', 'shy', 'paranoid', 'types', 'though']"
foresee many students signing student exchange barcelona disappointed quite exciting timethe movie enjoyable course always pleasure see andrew thouhowever strong issue part movie lesion roommate tells easier women like physically dominated take issue shows sort buttgrafting move guaranteed get woman easier tries butt grab shy married friend starts saying I married I married somehow succumbs butt grab sudden moaning yes yes going benches part quell found really really offensive furthermore stereotyped often seen scenes woman says obviously mean means grafting buttsphysical domination going make right totally supported stereotypical rape mythi even sure read next scene gloat lesion worked next time going demand suck slut something like really think forcing onto woman respect feelings way gothis section really ruined movie,positive,"['foresee', 'many', 'students', 'signing', 'student', 'exchange', 'barcelona', 'disappointed', 'quite', 'exciting', 'timethe', 'movie', 'enjoyable', 'course', 'always', 'pleasure', 'see', 'andrew', 'thouhowever', 'strong', 'issue', 'part', 'movie', 'lesion', 'roommate', 'tells', 'easier', 'women', 'like', 'physically', 'dominated', 'take', 'issue', 'shows', 'sort', 'buttgrafting', 'move', 'guaranteed', 'get', 'woman', 'easier', 'tries', 'butt', 'grab', 'shy', 'married', 'friend', 'starts', 'saying', 'I', 'married', 'I', 'married', 'somehow', 'succumbs', 'butt', 'grab', 'sudden', 'moaning', 'yes', 'yes', 'going', 'benches', 'part', 'quell', 'found', 'really', 'really', 'offensive', 'furthermore', 'stereotyped', 'often', 'seen', 'scenes', 'woman', 'says', 'obviously', 'mean', 'means', 'grafting', 'buttsphysical', 'domination', 'going', 'make', 'right', 'totally', 'supported', 'stereotypical', 'rape', 'mythi', 'even', 'sure', 'read', 'next', 'scene', 'gloat', 'lesion', 'worked', 'next', 'time', 'going', 'demand', 'suck', 'slut', 'something', 'like', 'really', 'think', 'forcing', 'onto', 'woman', 'respect', 'feelings', 'way', 'gothis', 'section', 'really', 'ruined', 'movie']"
every time think handle deathtrap another plot twist comes along best sit back enjoy ride one noted screen kiss michael maine christopher nerve unfortunately cut televised version saw movie great deal recommend itsidney cruel michael maine unhappy man successful playwright last several plays broadway flopped wife may dan cannon nothing suppurative monetary emotional sense little make sidney feel better add insult injury young playwright clifford anderson christopher nerve sent sidney play look andersons first sidney see young man gifted writer jokes wife invite anderson kill submit play laughs first sidney actually invites anderson dinner worries may really putting scheme action fears may justifiedit brilliant script twists turns plot come faster furious get closer end kind film edge seat beginning keeps entire time absolute masterpiece suspense mysterythe acting excellent maine gives usual excellent performance exhibit knack playing cultured refined intellectual men nerve also gives excellent rendering man nearly wide eyed innocent seems cannons franticness works well may irene worth gives nice performance nose neighbor also psychicthis film ending You would never expect repeated watching help pick things missed earlier viewing using classic unfortunately remembered scene ruffled sensibilities time real shame,positive,"['every', 'time', 'think', 'handle', 'deathtrap', 'another', 'plot', 'twist', 'comes', 'along', 'best', 'sit', 'back', 'enjoy', 'ride', 'one', 'noted', 'screen', 'kiss', 'michael', 'maine', 'christopher', 'nerve', 'unfortunately', 'cut', 'televised', 'version', 'saw', 'movie', 'great', 'deal', 'recommend', 'itsidney', 'cruel', 'michael', 'maine', 'unhappy', 'man', 'successful', 'playwright', 'last', 'several', 'plays', 'broadway', 'flopped', 'wife', 'may', 'dan', 'cannon', 'nothing', 'suppurative', 'monetary', 'emotional', 'sense', 'little', 'make', 'sidney', 'feel', 'better', 'add', 'insult', 'injury', 'young', 'playwright', 'clifford', 'anderson', 'christopher', 'nerve', 'sent', 'sidney', 'play', 'look', 'andersons', 'first', 'sidney', 'see', 'young', 'man', 'gifted', 'writer', 'jokes', 'wife', 'invite', 'anderson', 'kill', 'submit', 'play', 'laughs', 'first', 'sidney', 'actually', 'invites', 'anderson', 'dinner', 'worries', 'may', 'really', 'putting', 'scheme', 'action', 'fears', 'may', 'justifiedit', 'brilliant', 'script', 'twists', 'turns', 'plot', 'come', 'faster', 'furious', 'get', 'closer', 'end', 'kind', 'film', 'edge', 'seat', 'beginning', 'keeps', 'entire', 'time', 'absolute', 'masterpiece', 'suspense', 'mysterythe', 'acting', 'excellent', 'maine', 'gives', 'usual', 'excellent', 'performance', 'exhibit', 'knack', 'playing', 'cultured', 'refined', 'intellectual', 'men', 'nerve', 'also', 'gives', 'excellent', 'rendering', 'man', 'nearly', 'wide', 'eyed', 'innocent', 'seems', 'cannons', 'franticness', 'works', 'well', 'may', 'irene', 'worth', 'gives', 'nice', 'performance', 'nose', 'neighbor', 'also', 'psychicthis', 'film', 'ending', 'You', 'would', 'never', 'expect', 'repeated', 'watching', 'help', 'pick', 'things', 'missed', 'earlier', 'viewing', 'using', 'classic', 'unfortunately', 'remembered', 'scene', 'ruffled', 'sensibilities', 'time', 'real', 'shame']"
leap years movie adapted enovel singapore writer catherine became first singapore novelnovel sold internet film tortuous postproduction schedule shot early 2005 seated release end 2005 turn eventually 3 years later february 2008 leap yearbefore say anything must first admit I fan romance gene may little based film watched merely singapore production available borrowing neighborhood library heres two cents movielet us start saying youwes long liin everybody note seems eurasian love interest eurasian anna everingham longs trip bodies erhem eurasians film perpetuate stereotyped falling love associating eurasians common chinese whatever asia race know sure seems way also everyone movie speaks mystical anglified accent exist anywhere certainly singapore kind semiperfect english authorities would like us speak exist anywhere outside say mt channel effect diploe movie sounds forced tilted helped lack trueblue singaporeans castthe scriptwriter seems trying hard string oneliners oneliners twenty minutes wit movie starts pall film starts serving usual plate clichés guess enjoy movie entire premise sustaining love affair 16 long years seems unbelievable incredulities film one believe played youwe would fall one longs girlfriend scene bridegroom says go change mind used hundred east asia organ chinese long long taiwanese etc seriousso 4 stars film production value fair long liin tries best helped script joan 15minute bitpart movie older long perhaps best actress lot hey role cameoif come across leap years rental library may want pop player curiositys sake otherwise people exactly enjoy romance gene decide whether give miss,negative,"['leap', 'years', 'movie', 'adapted', 'enovel', 'singapore', 'writer', 'catherine', 'became', 'first', 'singapore', 'novelnovel', 'sold', 'internet', 'film', 'tortuous', 'postproduction', 'schedule', 'shot', 'early', '2005', 'seated', 'release', 'end', '2005', 'turn', 'eventually', '3', 'years', 'later', 'february', '2008', 'leap', 'yearbefore', 'say', 'anything', 'must', 'first', 'admit', 'I', 'fan', 'romance', 'gene', 'may', 'little', 'based', 'film', 'watched', 'merely', 'singapore', 'production', 'available', 'borrowing', 'neighborhood', 'library', 'heres', 'two', 'cents', 'movielet', 'us', 'start', 'saying', 'youwes', 'long', 'liin', 'everybody', 'note', 'seems', 'eurasian', 'love', 'interest', 'eurasian', 'anna', 'everingham', 'longs', 'trip', 'bodies', 'erhem', 'eurasians', 'film', 'perpetuate', 'stereotyped', 'falling', 'love', 'associating', 'eurasians', 'common', 'chinese', 'whatever', 'asia', 'race', 'know', 'sure', 'seems', 'way', 'also', 'everyone', 'movie', 'speaks', 'mystical', 'anglified', 'accent', 'exist', 'anywhere', 'certainly', 'singapore', 'kind', 'semiperfect', 'english', 'authorities', 'would', 'like', 'us', 'speak', 'exist', 'anywhere', 'outside', 'say', 'mt', 'channel', 'effect', 'diploe', 'movie', 'sounds', 'forced', 'tilted', 'helped', 'lack', 'trueblue', 'singaporeans', 'castthe', 'scriptwriter', 'seems', 'trying', 'hard', 'string', 'oneliners', 'oneliners', 'twenty', 'minutes', 'wit', 'movie', 'starts', 'pall', 'film', 'starts', 'serving', 'usual', 'plate', 'clichés', 'guess', 'enjoy', 'movie', 'entire', 'premise', 'sustaining', 'love', 'affair', '16', 'long', 'years', 'seems', 'unbelievable', 'incredulities', 'film', 'one', 'believe', 'played', 'youwe', 'would', 'fall', 'one', 'longs', 'girlfriend', 'scene', 'bridegroom', 'says', 'go', 'change', 'mind', 'used', 'hundred', 'east', 'asia', 'organ', 'chinese', 'long', 'long', 'taiwanese', 'etc', 'seriousso', '4', 'stars', 'film', 'production', 'value', 'fair', 'long', 'liin', 'tries', 'best', 'helped', 'script', 'joan', '15minute', 'bitpart', 'movie', 'older', 'long', 'perhaps', 'best', 'actress', 'lot', 'hey', 'role', 'cameoif', 'come', 'across', 'leap', 'years', 'rental', 'library', 'may', 'want', 'pop', 'player', 'curiositys', 'sake', 'otherwise', 'people', 'exactly', 'enjoy', 'romance', 'gene', 'decide', 'whether', 'give', 'miss']"
swear combine killed like twice kept coming back gave movie 8 let us face folks exactly reviews saying ie handycan shot film hey hey hey welcome total windy film making fact told sheets got 700 hobbies appear movie tribute talents yes story gaps yes see hobbies really cares take fun gory horror film one share buds gross people really care mellow people suppose liked hunts garage like titanic twisted instead peace support independent film making,positive,"['swear', 'combine', 'killed', 'like', 'twice', 'kept', 'coming', 'back', 'gave', 'movie', '8', 'let', 'us', 'face', 'folks', 'exactly', 'reviews', 'saying', 'ie', 'handycan', 'shot', 'film', 'hey', 'hey', 'hey', 'welcome', 'total', 'windy', 'film', 'making', 'fact', 'told', 'sheets', 'got', '700', 'hobbies', 'appear', 'movie', 'tribute', 'talents', 'yes', 'story', 'gaps', 'yes', 'see', 'hobbies', 'really', 'cares', 'take', 'fun', 'gory', 'horror', 'film', 'one', 'share', 'buds', 'gross', 'people', 'really', 'care', 'mellow', 'people', 'suppose', 'liked', 'hunts', 'garage', 'like', 'titanic', 'twisted', 'instead', 'peace', 'support', 'independent', 'film', 'making']"
personal vision hell locked room without ability close eyes block ears movie play eternity every available surface room whole notion streisand plays boyman begins scratch surface ridiculous premise movie single important thing watching movie concept willing suspension disbelieve impossible movie,negative,"['personal', 'vision', 'hell', 'locked', 'room', 'without', 'ability', 'close', 'eyes', 'block', 'ears', 'movie', 'play', 'eternity', 'every', 'available', 'surface', 'room', 'whole', 'notion', 'streisand', 'plays', 'boyman', 'begins', 'scratch', 'surface', 'ridiculous', 'premise', 'movie', 'single', 'important', 'thing', 'watching', 'movie', 'concept', 'willing', 'suspension', 'disbelieve', 'impossible', 'movie']"
devil hunter gained notoriety fact pp video nasty list really neednt many films list god pp known reasons times bunch lot warrants bankingwhich shame never would sat fact shopping list plot actually gives film decent base least decent base hannibal films follows actress kidnapped dragged amazon jungle hunter hired find along way brave natives lead man calls devil hence title film basically plows along eighty five minutes really many scenes interest real shame less franco ended making films like man clearly talent seen films diabolical dr z venus furs careless kills ecstasy unfortunately good films gems amongst heaps cap devil hunter much part cap saw film purely want able say I seen everything pps list two go I guessing people seen saw lookout parties really reason bother one,negative,"['devil', 'hunter', 'gained', 'notoriety', 'fact', 'pp', 'video', 'nasty', 'list', 'really', 'neednt', 'many', 'films', 'list', 'god', 'pp', 'known', 'reasons', 'times', 'bunch', 'lot', 'warrants', 'bankingwhich', 'shame', 'never', 'would', 'sat', 'fact', 'shopping', 'list', 'plot', 'actually', 'gives', 'film', 'decent', 'base', 'least', 'decent', 'base', 'hannibal', 'films', 'follows', 'actress', 'kidnapped', 'dragged', 'amazon', 'jungle', 'hunter', 'hired', 'find', 'along', 'way', 'brave', 'natives', 'lead', 'man', 'calls', 'devil', 'hence', 'title', 'film', 'basically', 'plows', 'along', 'eighty', 'five', 'minutes', 'really', 'many', 'scenes', 'interest', 'real', 'shame', 'less', 'franco', 'ended', 'making', 'films', 'like', 'man', 'clearly', 'talent', 'seen', 'films', 'diabolical', 'dr', 'z', 'venus', 'furs', 'careless', 'kills', 'ecstasy', 'unfortunately', 'good', 'films', 'gems', 'amongst', 'heaps', 'cap', 'devil', 'hunter', 'much', 'part', 'cap', 'saw', 'film', 'purely', 'want', 'able', 'say', 'I', 'seen', 'everything', 'pps', 'list', 'two', 'go', 'I', 'guessing', 'people', 'seen', 'saw', 'lookout', 'parties', 'really', 'reason', 'bother', 'one']"
shanghai court starts like gangbusters rain soaked dinner scene straight shock 101 gun crazy first one unfortunately film proceeds plot weary way standard formula barely enlivened always wonderful maintain maryland director carlton blew half budget first five minutes getting set way wanted watch beginning think phoenix city story,negative,"['shanghai', 'court', 'starts', 'like', 'gangbusters', 'rain', 'soaked', 'dinner', 'scene', 'straight', 'shock', '101', 'gun', 'crazy', 'first', 'one', 'unfortunately', 'film', 'proceeds', 'plot', 'weary', 'way', 'standard', 'formula', 'barely', 'enlivened', 'always', 'wonderful', 'maintain', 'maryland', 'director', 'carlton', 'blew', 'half', 'budget', 'first', 'five', 'minutes', 'getting', 'set', 'way', 'wanted', 'watch', 'beginning', 'think', 'phoenix', 'city', 'story']"
movie basically human relations interaction main character old lady twilight life starts journey past analysis lived life journey precipitated sons economic crisis intentions put nursing home honest look issues ask point life plenty secondary ideas discuss movie family legacy real love marriage destiny although type movie melodramas nothing new one useful watch family members discuss ideas good performance actors characters believable time characters maybe fully developed really recommend movie quiet saturday afternoon,positive,"['movie', 'basically', 'human', 'relations', 'interaction', 'main', 'character', 'old', 'lady', 'twilight', 'life', 'starts', 'journey', 'past', 'analysis', 'lived', 'life', 'journey', 'precipitated', 'sons', 'economic', 'crisis', 'intentions', 'put', 'nursing', 'home', 'honest', 'look', 'issues', 'ask', 'point', 'life', 'plenty', 'secondary', 'ideas', 'discuss', 'movie', 'family', 'legacy', 'real', 'love', 'marriage', 'destiny', 'although', 'type', 'movie', 'melodramas', 'nothing', 'new', 'one', 'useful', 'watch', 'family', 'members', 'discuss', 'ideas', 'good', 'performance', 'actors', 'characters', 'believable', 'time', 'characters', 'maybe', 'fully', 'developed', 'really', 'recommend', 'movie', 'quiet', 'saturday', 'afternoon']"
young frenchman proofs becomes trismus exchange student barcelona comes back better man sounds boring way movie filled colourful people stereotyped british racism brother sexually liberated dane ultraorganised german case though stereotyped brilliantly done feel like know people like one know arrogant doctor trophy wife like characters film feel like real people go see movie enjoy subtitles,positive,"['young', 'frenchman', 'proofs', 'becomes', 'trismus', 'exchange', 'student', 'barcelona', 'comes', 'back', 'better', 'man', 'sounds', 'boring', 'way', 'movie', 'filled', 'colourful', 'people', 'stereotyped', 'british', 'racism', 'brother', 'sexually', 'liberated', 'dane', 'ultraorganised', 'german', 'case', 'though', 'stereotyped', 'brilliantly', 'done', 'feel', 'like', 'know', 'people', 'like', 'one', 'know', 'arrogant', 'doctor', 'trophy', 'wife', 'like', 'characters', 'film', 'feel', 'like', 'real', 'people', 'go', 'see', 'movie', 'enjoy', 'subtitles']"
spend twohour film wondering story regarding lead character smith lowkey ben thomas keep guessing last 2025 minutes find shockedbut knew something dramatic going revealed smith plays mysterious almost talking people know good reason never really explained keep us guessing endall including againoff touching romance rosary dawning emily post might make viewer frustrated wanting quit filmbut final long segment puts pieces puzzle togetherthis twohour film typical actionpacked much smith film fact shocking aspect might seeing drawn sad face smith throughout story almost even look like number shots looks like lost weight sick smith great job portraying man carrying around lot sadnesslike good movie often film leave thinking long ending credits,positive,"['spend', 'twohour', 'film', 'wondering', 'story', 'regarding', 'lead', 'character', 'smith', 'lowkey', 'ben', 'thomas', 'keep', 'guessing', 'last', '2025', 'minutes', 'find', 'shockedbut', 'knew', 'something', 'dramatic', 'going', 'revealed', 'smith', 'plays', 'mysterious', 'almost', 'talking', 'people', 'know', 'good', 'reason', 'never', 'really', 'explained', 'keep', 'us', 'guessing', 'endall', 'including', 'againoff', 'touching', 'romance', 'rosary', 'dawning', 'emily', 'post', 'might', 'make', 'viewer', 'frustrated', 'wanting', 'quit', 'filmbut', 'final', 'long', 'segment', 'puts', 'pieces', 'puzzle', 'togetherthis', 'twohour', 'film', 'typical', 'actionpacked', 'much', 'smith', 'film', 'fact', 'shocking', 'aspect', 'might', 'seeing', 'drawn', 'sad', 'face', 'smith', 'throughout', 'story', 'almost', 'even', 'look', 'like', 'number', 'shots', 'looks', 'like', 'lost', 'weight', 'sick', 'smith', 'great', 'job', 'portraying', 'man', 'carrying', 'around', 'lot', 'sadnesslike', 'good', 'movie', 'often', 'film', 'leave', 'thinking', 'long', 'ending', 'credits']"
expecting jackets look somewhere else actual movie budget well done acting top neither writing directing story definitely worth rent possibly buy really enjoy like person likes jackets rent first,positive,"['expecting', 'jackets', 'look', 'somewhere', 'else', 'actual', 'movie', 'budget', 'well', 'done', 'acting', 'top', 'neither', 'writing', 'directing', 'story', 'definitely', 'worth', 'rent', 'possibly', 'buy', 'really', 'enjoy', 'like', 'person', 'likes', 'jackets', 'rent', 'first']"
series got dightons writing gene younger love presentation story would however disagree comment read past holds performance lead dighton refuse series released bothering three books received translation screen great example write border crossing ended samsons field career scene book character dies winfield never books crossing singer east germany west germany polish frontier whole storyline cloth changes set similarly damage integrity story perspective holds performance portray disorientation samson wifes defection excellency believe comforted well portraying raging field agent desperately trying bridge class divide samson pays fathers ideals suffers due influence life clevemore comments gotten education would probably running department think true loss performance due physical appearance anything hold diminutive compared samson book physically impressive man capable using size impose presence,positive,"['series', 'got', 'dightons', 'writing', 'gene', 'younger', 'love', 'presentation', 'story', 'would', 'however', 'disagree', 'comment', 'read', 'past', 'holds', 'performance', 'lead', 'dighton', 'refuse', 'series', 'released', 'bothering', 'three', 'books', 'received', 'translation', 'screen', 'great', 'example', 'write', 'border', 'crossing', 'ended', 'samsons', 'field', 'career', 'scene', 'book', 'character', 'dies', 'winfield', 'never', 'books', 'crossing', 'singer', 'east', 'germany', 'west', 'germany', 'polish', 'frontier', 'whole', 'storyline', 'cloth', 'changes', 'set', 'similarly', 'damage', 'integrity', 'story', 'perspective', 'holds', 'performance', 'portray', 'disorientation', 'samson', 'wifes', 'defection', 'excellency', 'believe', 'comforted', 'well', 'portraying', 'raging', 'field', 'agent', 'desperately', 'trying', 'bridge', 'class', 'divide', 'samson', 'pays', 'fathers', 'ideals', 'suffers', 'due', 'influence', 'life', 'clevemore', 'comments', 'gotten', 'education', 'would', 'probably', 'running', 'department', 'think', 'true', 'loss', 'performance', 'due', 'physical', 'appearance', 'anything', 'hold', 'diminutive', 'compared', 'samson', 'book', 'physically', 'impressive', 'man', 'capable', 'using', 'size', 'impose', 'presence']"
fun funny movie highly entertaining angles features outlandish array memorable psychic movable nuts got judge sargent kid creep old lady slut clown unfortunately live big house locks understaffed enjoyment get see run around play games dangerous also learn lesson along way never give patient ax cukkos nest surpassed least fun level even sweet moments love pure love grace love strength love love pure always love could resist nuts humans loose wires little careful get ax back children play herethe telephone repair man really funny reactions nuts bitch boss truly genuine characters film tremendous well played really find funny hilarious may even give dirty thoughts take advantage take advantage youthis actually smart movie brilliant twist ending must say expected good never expected horrified court made decision longer control love ending perfect shed teari thrilled seeing movie like never forget cult cult classic whatever look basement,positive,"['fun', 'funny', 'movie', 'highly', 'entertaining', 'angles', 'features', 'outlandish', 'array', 'memorable', 'psychic', 'movable', 'nuts', 'got', 'judge', 'sargent', 'kid', 'creep', 'old', 'lady', 'slut', 'clown', 'unfortunately', 'live', 'big', 'house', 'locks', 'understaffed', 'enjoyment', 'get', 'see', 'run', 'around', 'play', 'games', 'dangerous', 'also', 'learn', 'lesson', 'along', 'way', 'never', 'give', 'patient', 'ax', 'cukkos', 'nest', 'surpassed', 'least', 'fun', 'level', 'even', 'sweet', 'moments', 'love', 'pure', 'love', 'grace', 'love', 'strength', 'love', 'love', 'pure', 'always', 'love', 'could', 'resist', 'nuts', 'humans', 'loose', 'wires', 'little', 'careful', 'get', 'ax', 'back', 'children', 'play', 'herethe', 'telephone', 'repair', 'man', 'really', 'funny', 'reactions', 'nuts', 'bitch', 'boss', 'truly', 'genuine', 'characters', 'film', 'tremendous', 'well', 'played', 'really', 'find', 'funny', 'hilarious', 'may', 'even', 'give', 'dirty', 'thoughts', 'take', 'advantage', 'take', 'advantage', 'youthis', 'actually', 'smart', 'movie', 'brilliant', 'twist', 'ending', 'must', 'say', 'expected', 'good', 'never', 'expected', 'horrified', 'court', 'made', 'decision', 'longer', 'control', 'love', 'ending', 'perfect', 'shed', 'teari', 'thrilled', 'seeing', 'movie', 'like', 'never', 'forget', 'cult', 'cult', 'classic', 'whatever', 'look', 'basement']"
movie lacks everything except bobby deal standards mediocre one movie come close act single scene angina complete face actingthe great anupam guest appearance better 2 minutes bobby whole movie music doesit compliment moviethat well contrast music bobby upon highlight well great concept gone completely wrong movie doesit proper ending please waste time movie,negative,"['movie', 'lacks', 'everything', 'except', 'bobby', 'deal', 'standards', 'mediocre', 'one', 'movie', 'come', 'close', 'act', 'single', 'scene', 'angina', 'complete', 'face', 'actingthe', 'great', 'anupam', 'guest', 'appearance', 'better', '2', 'minutes', 'bobby', 'whole', 'movie', 'music', 'doesit', 'compliment', 'moviethat', 'well', 'contrast', 'music', 'bobby', 'upon', 'highlight', 'well', 'great', 'concept', 'gone', 'completely', 'wrong', 'movie', 'doesit', 'proper', 'ending', 'please', 'waste', 'time', 'movie']"
e elias merges existentialist experiment enduring definitely one hell boring watch like something alexander de large forced watch clockwork orange despite unwatchable film really successif reading already seen film late least payoff 3 separate viewing lots break mind seeing list characters story told simple message hit home wonder merge could told 5 minutes story 30 instead 78however seeing cast credits displayed prominently front page movie cat already bag surely appreciate film appreciate existentialist film making early century even might pure410 commend merge drafted piece art even unwatchable,positive,"['e', 'elias', 'merges', 'existentialist', 'experiment', 'enduring', 'definitely', 'one', 'hell', 'boring', 'watch', 'like', 'something', 'alexander', 'de', 'large', 'forced', 'watch', 'clockwork', 'orange', 'despite', 'unwatchable', 'film', 'really', 'successif', 'reading', 'already', 'seen', 'film', 'late', 'least', 'payoff', '3', 'separate', 'viewing', 'lots', 'break', 'mind', 'seeing', 'list', 'characters', 'story', 'told', 'simple', 'message', 'hit', 'home', 'wonder', 'merge', 'could', 'told', '5', 'minutes', 'story', '30', 'instead', '78however', 'seeing', 'cast', 'credits', 'displayed', 'prominently', 'front', 'page', 'movie', 'cat', 'already', 'bag', 'surely', 'appreciate', 'film', 'appreciate', 'existentialist', 'film', 'making', 'early', 'century', 'even', 'might', 'pure410', 'commend', 'merge', 'drafted', 'piece', 'art', 'even', 'unwatchable']"
long time since arthouse theater went see douches rides gotten great reviews papersthe thing movie head tail merely section time life three main characterswhen started already knew donna long sit sometimes things get better case real character development interconnection players start middle situation sudden girlfriend guy needs friends order fulfill sports ambitions way put together quite odd since put together seemsand sudden sex least one see feeling guilt jealousy guy hardly noticeable really could think movie donna sex think quite insane really basically means nothing really worth looking three tens going least makes happy movie stay clear save money 750 wasted better arthouse moves onei give three stars acting performance one,negative,"['long', 'time', 'since', 'arthouse', 'theater', 'went', 'see', 'douches', 'rides', 'gotten', 'great', 'reviews', 'papersthe', 'thing', 'movie', 'head', 'tail', 'merely', 'section', 'time', 'life', 'three', 'main', 'characterswhen', 'started', 'already', 'knew', 'donna', 'long', 'sit', 'sometimes', 'things', 'get', 'better', 'case', 'real', 'character', 'development', 'interconnection', 'players', 'start', 'middle', 'situation', 'sudden', 'girlfriend', 'guy', 'needs', 'friends', 'order', 'fulfill', 'sports', 'ambitions', 'way', 'put', 'together', 'quite', 'odd', 'since', 'put', 'together', 'seemsand', 'sudden', 'sex', 'least', 'one', 'see', 'feeling', 'guilt', 'jealousy', 'guy', 'hardly', 'noticeable', 'really', 'could', 'think', 'movie', 'donna', 'sex', 'think', 'quite', 'insane', 'really', 'basically', 'means', 'nothing', 'really', 'worth', 'looking', 'three', 'tens', 'going', 'least', 'makes', 'happy', 'movie', 'stay', 'clear', 'save', 'money', '\x80750', 'wasted', 'better', 'arthouse', 'moves', 'onei', 'give', 'three', 'stars', 'acting', 'performance', 'one']"
odd mixture comedy horror sometimes works sometimes main male character little interesting film would well trip young americans visit paris run beautiful werewolf problems confound therenumerous logic holes make possibly intriguing story difficult take,negative,"['odd', 'mixture', 'comedy', 'horror', 'sometimes', 'works', 'sometimes', 'main', 'male', 'character', 'little', 'interesting', 'film', 'would', 'well', 'trip', 'young', 'americans', 'visit', 'paris', 'run', 'beautiful', 'werewolf', 'problems', 'confound', 'therenumerous', 'logic', 'holes', 'make', 'possibly', 'intriguing', 'story', 'difficult', 'take']"
finished watching 139 min version widescreen friends blown away bother repeating others said filmmakers concept unexpected fun huge battle exhausting afterwards stunned find still nearly 30 minutes left go keep us completely involved entertainedthere one thing nearly ruined horrified musicsongs blue countryfolk rock ballads belong every time used broke laughter hideous warned story storytelling keeps groundedthere several outstanding moments make appreciate talent behind camera many uses silence well slowmotion photography work beautifully really wish could ease music alasseek fun different takes places would expect refreshing,positive,"['finished', 'watching', '139', 'min', 'version', 'widescreen', 'friends', 'blown', 'away', 'bother', 'repeating', 'others', 'said', 'filmmakers', 'concept', 'unexpected', 'fun', 'huge', 'battle', 'exhausting', 'afterwards', 'stunned', 'find', 'still', 'nearly', '30', 'minutes', 'left', 'go', 'keep', 'us', 'completely', 'involved', 'entertainedthere', 'one', 'thing', 'nearly', 'ruined', 'horrified', 'musicsongs', 'blue', 'countryfolk', 'rock', 'ballads', 'belong', 'every', 'time', 'used', 'broke', 'laughter', 'hideous', 'warned', 'story', 'storytelling', 'keeps', 'groundedthere', 'several', 'outstanding', 'moments', 'make', 'appreciate', 'talent', 'behind', 'camera', 'many', 'uses', 'silence', 'well', 'slowmotion', 'photography', 'work', 'beautifully', 'really', 'wish', 'could', 'ease', 'music', 'alasseek', 'fun', 'different', 'takes', 'places', 'would', 'expect', 'refreshing']"
masterpiece snow white cinderella baby sweet enjoyable romantic welldone dinner animated featurethere course lessons included herein indies appropriate middlecheek plenty herein adults wellwhile somewhat regurgitation classic dinner room adventure still holds elements solely belong aristocrats ovalley tramp duchess lady duchess several kitten trying get homephil harris combat ovalley may recognize voice also furnished voice also bear jungle book little john dinners robin hood eva labor lends silk sweet voice duchessdirected wolfgang reitherman directed worked every dinner animated film worth mentioning death 1985this among favorite dinner animated feature films belongs dinner collection 2disk special edition due summer 2007this rates 8410 fromthe fiend,positive,"['masterpiece', 'snow', 'white', 'cinderella', 'baby', 'sweet', 'enjoyable', 'romantic', 'welldone', 'dinner', 'animated', 'featurethere', 'course', 'lessons', 'included', 'herein', 'indies', 'appropriate', 'middlecheek', 'plenty', 'herein', 'adults', 'wellwhile', 'somewhat', 'regurgitation', 'classic', 'dinner', 'room', 'adventure', 'still', 'holds', 'elements', 'solely', 'belong', 'aristocrats', 'ovalley', 'tramp', 'duchess', 'lady', 'duchess', 'several', 'kitten', 'trying', 'get', 'homephil', 'harris', 'combat', 'ovalley', 'may', 'recognize', 'voice', 'also', 'furnished', 'voice', 'also', 'bear', 'jungle', 'book', 'little', 'john', 'dinners', 'robin', 'hood', 'eva', 'labor', 'lends', 'silk', 'sweet', 'voice', 'duchessdirected', 'wolfgang', 'reitherman', 'directed', 'worked', 'every', 'dinner', 'animated', 'film', 'worth', 'mentioning', 'death', '1985this', 'among', 'favorite', 'dinner', 'animated', 'feature', 'films', 'belongs', 'dinner', 'collection', '2disk', 'special', 'edition', 'due', 'summer', '2007this', 'rates', '8410', 'fromthe', 'fiend']"
surprising rent local video store pleased find media satire worthy enough challenge oliver stones natural born tillers almost disturbing think went well viewing late 2004 watching republican machine magic majority americas television viewing populous brings question really manipulation definitely sewed view also larger theological question provoked story christ could word mouth overwhelming dependence something explosive television produce hessian could story christ exaggerated could completely abdicated something movie puts extremely perceptible light,positive,"['surprising', 'rent', 'local', 'video', 'store', 'pleased', 'find', 'media', 'satire', 'worthy', 'enough', 'challenge', 'oliver', 'stones', 'natural', 'born', 'tillers', 'almost', 'disturbing', 'think', 'went', 'well', 'viewing', 'late', '2004', 'watching', 'republican', 'machine', 'magic', 'majority', 'americas', 'television', 'viewing', 'populous', 'brings', 'question', 'really', 'manipulation', 'definitely', 'sewed', 'view', 'also', 'larger', 'theological', 'question', 'provoked', 'story', 'christ', 'could', 'word', 'mouth', 'overwhelming', 'dependence', 'something', 'explosive', 'television', 'produce', 'hessian', 'could', 'story', 'christ', 'exaggerated', 'could', 'completely', 'abdicated', 'something', 'movie', 'puts', 'extremely', 'perceptible', 'light']"
must seen movie one comments refer first think specialized ghost story going film truncated version come awful felt performances manner much left story performances masters stairs douglas horseman fairbanks seemed army alice krieg superb eva though craig watson good actor adequate protagonist decision cast patrick near truncated role good one imagine anne bancroft would done character blame script poor production values dark pacing slow disappointing pedestrian effortthe book one five greatest suspensehorror novels century movie disappointing although great introduction krieg,negative,"['must', 'seen', 'movie', 'one', 'comments', 'refer', 'first', 'think', 'specialized', 'ghost', 'story', 'going', 'film', 'truncated', 'version', 'come', 'awful', 'felt', 'performances', 'manner', 'much', 'left', 'story', 'performances', 'masters', 'stairs', 'douglas', 'horseman', 'fairbanks', 'seemed', 'army', 'alice', 'krieg', 'superb', 'eva', 'though', 'craig', 'watson', 'good', 'actor', 'adequate', 'protagonist', 'decision', 'cast', 'patrick', 'near', 'truncated', 'role', 'good', 'one', 'imagine', 'anne', 'bancroft', 'would', 'done', 'character', 'blame', 'script', 'poor', 'production', 'values', 'dark', 'pacing', 'slow', 'disappointing', 'pedestrian', 'effortthe', 'book', 'one', 'five', 'greatest', 'suspensehorror', 'novels', 'century', 'movie', 'disappointing', 'although', 'great', 'introduction', 'krieg']"
sick current cinema output particularly american cinema I making effort see oscarwinning foreign films came across gem slow start pick nicely war declared basically old fashioned girlwaitsforboytoreturnfromwarstory performances cinematography make much tatyana samojlova young woman become international star beyond methough remained successful country take journey young defiant impetuous young girl ravages war becomes sober somber woman keeps glimmer hope final scene devastating love much camera camerawork pioneer handheld camera work truly adds immediate story beauty like tatyanas character running stairs next latter fence humbled grateful see film,positive,"['sick', 'current', 'cinema', 'output', 'particularly', 'american', 'cinema', 'I', 'making', 'effort', 'see', 'oscarwinning', 'foreign', 'films', 'came', 'across', 'gem', 'slow', 'start', 'pick', 'nicely', 'war', 'declared', 'basically', 'old', 'fashioned', 'girlwaitsforboytoreturnfromwarstory', 'performances', 'cinematography', 'make', 'much', 'tatyana', 'samojlova', 'young', 'woman', 'become', 'international', 'star', 'beyond', 'methough', 'remained', 'successful', 'country', 'take', 'journey', 'young', 'defiant', 'impetuous', 'young', 'girl', 'ravages', 'war', 'becomes', 'sober', 'somber', 'woman', 'keeps', 'glimmer', 'hope', 'final', 'scene', 'devastating', 'love', 'much', 'camera', 'camerawork', 'pioneer', 'handheld', 'camera', 'work', 'truly', 'adds', 'immediate', 'story', 'beauty', 'like', 'tatyanas', 'character', 'running', 'stairs', 'next', 'latter', 'fence', 'humbled', 'grateful', 'see', 'film']"
movie sunk know people say anybody thinks good get like renders american friend wings desire utter wreck main character annoying could care less said another review bounding around like little annoying monkey could stand force care case characters seem trying hard goose weird liked gibson character mills lvovich characters wish would focused mills course beautiful pitiful really feel thou way see gibson character almost frankenstien like wish would save mills brunt hotel worthless boring characters lived mills rating 10 movie rating 0,negative,"['movie', 'sunk', 'know', 'people', 'say', 'anybody', 'thinks', 'good', 'get', 'like', 'renders', 'american', 'friend', 'wings', 'desire', 'utter', 'wreck', 'main', 'character', 'annoying', 'could', 'care', 'less', 'said', 'another', 'review', 'bounding', 'around', 'like', 'little', 'annoying', 'monkey', 'could', 'stand', 'force', 'care', 'case', 'characters', 'seem', 'trying', 'hard', 'goose', 'weird', 'liked', 'gibson', 'character', 'mills', 'lvovich', 'characters', 'wish', 'would', 'focused', 'mills', 'course', 'beautiful', 'pitiful', 'really', 'feel', 'thou', 'way', 'see', 'gibson', 'character', 'almost', 'frankenstien', 'like', 'wish', 'would', 'save', 'mills', 'brunt', 'hotel', 'worthless', 'boring', 'characters', 'lived', 'mills', 'rating', '10', 'movie', 'rating', '0']"
film lovingly made want part forever flies straight without malice goods transparent evildoer hardly even cabinet naive make daydreams nostalgia comparison anything available bier fine bit one sided louis joliet perfect better copper best line dad cleaned peoples dirt busy dear unbearable guess part songs wardrobe hair simon remnant contrary makes great femme fatale bit silent realize may lesion limb user dbdumonteil others rightly suggest,positive,"['film', 'lovingly', 'made', 'want', 'part', 'forever', 'flies', 'straight', 'without', 'malice', 'goods', 'transparent', 'evildoer', 'hardly', 'even', 'cabinet', 'naive', 'make', 'daydreams', 'nostalgia', 'comparison', 'anything', 'available', 'bier', 'fine', 'bit', 'one', 'sided', 'louis', 'joliet', 'perfect', 'better', 'copper', 'best', 'line', 'dad', 'cleaned', 'peoples', 'dirt', 'busy', 'dear', 'unbearable', 'guess', 'part', 'songs', 'wardrobe', 'hair', 'simon', 'remnant', 'contrary', 'makes', 'great', 'femme', 'fatale', 'bit', 'silent', 'realize', 'may', 'lesion', 'limb', 'user', 'dbdumonteil', 'others', 'rightly', 'suggest']"
texas live close plan actual deaths occurred might bit based saying wasted film get headstael phoenix paul play characters realistically truly believe everyday high school students happen heroin admits drug content handled graphically well although everything happens film serves purpose moment characters spiral downward heartbreaking definitely recommend film anyone watch sticks,positive,"['texas', 'live', 'close', 'plan', 'actual', 'deaths', 'occurred', 'might', 'bit', 'based', 'saying', 'wasted', 'film', 'get', 'headstael', 'phoenix', 'paul', 'play', 'characters', 'realistically', 'truly', 'believe', 'everyday', 'high', 'school', 'students', 'happen', 'heroin', 'admits', 'drug', 'content', 'handled', 'graphically', 'well', 'although', 'everything', 'happens', 'film', 'serves', 'purpose', 'moment', 'characters', 'spiral', 'downward', 'heartbreaking', 'definitely', 'recommend', 'film', 'anyone', 'watch', 'sticks']"
movie terrible say least hoping lot better seeing high school musical whole entire movie complete rip simple life reality showthe acting good mania michalka moments terrible hand also michalka bad way chris galling played love interest mania playing french guy awful accent one good thing movie completely adorable michael trevino played alsos love interest something keep mind movie tired high school musical probably would seemed bad comparisonoverall give 2,negative,"['movie', 'terrible', 'say', 'least', 'hoping', 'lot', 'better', 'seeing', 'high', 'school', 'musical', 'whole', 'entire', 'movie', 'complete', 'rip', 'simple', 'life', 'reality', 'showthe', 'acting', 'good', 'mania', 'michalka', 'moments', 'terrible', 'hand', 'also', 'michalka', 'bad', 'way', 'chris', 'galling', 'played', 'love', 'interest', 'mania', 'playing', 'french', 'guy', 'awful', 'accent', 'one', 'good', 'thing', 'movie', 'completely', 'adorable', 'michael', 'trevino', 'played', 'alsos', 'love', 'interest', 'something', 'keep', 'mind', 'movie', 'tired', 'high', 'school', 'musical', 'probably', 'would', 'seemed', 'bad', 'comparisonoverall', 'give', '2']"
gave 9 10 points sitting tears nearly whole movie laughthe story course excellent also boring ran stepan assigned become bodyguard beautiful nina job come frontlines via course two neither born bodyguard gentlemen run one disaster another funny way watch scenes able stop tears actors two dumbly grinning characters quite well better called professionalyou think speech two heroes curious pseudoforeign well hear quite lot turkishgerman people munich speaking exactly like remember ran stepan maybe 10 years might become common speech youth god forbidso like laugh watch movie,positive,"['gave', '9', '10', 'points', 'sitting', 'tears', 'nearly', 'whole', 'movie', 'laughthe', 'story', 'course', 'excellent', 'also', 'boring', 'ran', 'stepan', 'assigned', 'become', 'bodyguard', 'beautiful', 'nina', 'job', 'come', 'frontlines', 'via', 'course', 'two', 'neither', 'born', 'bodyguard', 'gentlemen', 'run', 'one', 'disaster', 'another', 'funny', 'way', 'watch', 'scenes', 'able', 'stop', 'tears', 'actors', 'two', 'dumbly', 'grinning', 'characters', 'quite', 'well', 'better', 'called', 'professionalyou', 'think', 'speech', 'two', 'heroes', 'curious', 'pseudoforeign', 'well', 'hear', 'quite', 'lot', 'turkishgerman', 'people', 'munich', 'speaking', 'exactly', 'like', 'remember', 'ran', 'stepan', 'maybe', '10', 'years', 'might', 'become', 'common', 'speech', 'youth', 'god', 'forbidso', 'like', 'laugh', 'watch', 'movie']"
really enjoyed patriot movie less violence based real life threat could inevitably destroy civilization one line movie wisely claret legal stuck mind true society western medicine practice prolonging illness business curing,positive,"['really', 'enjoyed', 'patriot', 'movie', 'less', 'violence', 'based', 'real', 'life', 'threat', 'could', 'inevitably', 'destroy', 'civilization', 'one', 'line', 'movie', 'wisely', 'claret', 'legal', 'stuck', 'mind', 'true', 'society', 'western', 'medicine', 'practice', 'prolonging', 'illness', 'business', 'curing']"
movie several story lines follow several different characters different story lines feel like one whole complete piece makes comedy incoherent one gets even annoying watch timesit may sound weak click true way better watching crocodile hunter series discovery channel steve ferri iron fun even hilarious movie I sure cast crew lots fun making movie movie give us viewer much pleasure comedy simply funny enough steve ferri iron good actors even play antics simply good enough make entire movie around scenes feel long distracting unnecessary even annoying timesthe movie quite potential mean steve iron one character strange way intriguing hilarious watch first heard making movie crocodile hunter first reaction brilliant movie however heavily suffers weak story incoherent story lines uninteresting funny characters movie certain entertainment value least enough make movie watchable least still must certainly would recommend moviewatching movie felt like waste time still movie might watchable gets rainy afternoon good moments story lines really completely ruin movie potential410,negative,"['movie', 'several', 'story', 'lines', 'follow', 'several', 'different', 'characters', 'different', 'story', 'lines', 'feel', 'like', 'one', 'whole', 'complete', 'piece', 'makes', 'comedy', 'incoherent', 'one', 'gets', 'even', 'annoying', 'watch', 'timesit', 'may', 'sound', 'weak', 'click', 'true', 'way', 'better', 'watching', 'crocodile', 'hunter', 'series', 'discovery', 'channel', 'steve', 'ferri', 'iron', 'fun', 'even', 'hilarious', 'movie', 'I', 'sure', 'cast', 'crew', 'lots', 'fun', 'making', 'movie', 'movie', 'give', 'us', 'viewer', 'much', 'pleasure', 'comedy', 'simply', 'funny', 'enough', 'steve', 'ferri', 'iron', 'good', 'actors', 'even', 'play', 'antics', 'simply', 'good', 'enough', 'make', 'entire', 'movie', 'around', 'scenes', 'feel', 'long', 'distracting', 'unnecessary', 'even', 'annoying', 'timesthe', 'movie', 'quite', 'potential', 'mean', 'steve', 'iron', 'one', 'character', 'strange', 'way', 'intriguing', 'hilarious', 'watch', 'first', 'heard', 'making', 'movie', 'crocodile', 'hunter', 'first', 'reaction', 'brilliant', 'movie', 'however', 'heavily', 'suffers', 'weak', 'story', 'incoherent', 'story', 'lines', 'uninteresting', 'funny', 'characters', 'movie', 'certain', 'entertainment', 'value', 'least', 'enough', 'make', 'movie', 'watchable', 'least', 'still', 'must', 'certainly', 'would', 'recommend', 'moviewatching', 'movie', 'felt', 'like', 'waste', 'time', 'still', 'movie', 'might', 'watchable', 'gets', 'rainy', 'afternoon', 'good', 'moments', 'story', 'lines', 'really', 'completely', 'ruin', 'movie', 'potential410']"
thought movie really good ends showing viewer end legal kept legal sick husband jim worried work work forgot anniversary also floppy could take anymore left see would miss movie shows misses even tries make night missed goes tries bring home ends finding another man named schuyler seemed like man always wanted neat notices end sort foreshadowed look schuyler shoes way let cigar ashes fall floor way jim kind thing jim ends making lots money cleaning legal thinks end kept husband really wanted changing,positive,"['thought', 'movie', 'really', 'good', 'ends', 'showing', 'viewer', 'end', 'legal', 'kept', 'legal', 'sick', 'husband', 'jim', 'worried', 'work', 'work', 'forgot', 'anniversary', 'also', 'floppy', 'could', 'take', 'anymore', 'left', 'see', 'would', 'miss', 'movie', 'shows', 'misses', 'even', 'tries', 'make', 'night', 'missed', 'goes', 'tries', 'bring', 'home', 'ends', 'finding', 'another', 'man', 'named', 'schuyler', 'seemed', 'like', 'man', 'always', 'wanted', 'neat', 'notices', 'end', 'sort', 'foreshadowed', 'look', 'schuyler', 'shoes', 'way', 'let', 'cigar', 'ashes', 'fall', 'floor', 'way', 'jim', 'kind', 'thing', 'jim', 'ends', 'making', 'lots', 'money', 'cleaning', 'legal', 'thinks', 'end', 'kept', 'husband', 'really', 'wanted', 'changing']"
seen canadianicelandbritish 2004 production beowulf render thought brilliant stunning approached thisthe first 3 newer beowulf moves due yearwith trepidation soon heard liking saw horned helmets groaned migration era swedes dates kings came later even kings never wore horns helmets horns make easy enemy knock helmet brain hrolfgars palace looks like set movie greece rome thcentury denmark swords armor look like drops left earlier films set various historic periods spotted weapons might used crusades kingdom heaven one character even wielding windlass steelcrafts reproduction movie sword beowulf render beyond basic plot original epic poem writing dismal acting totally wooden convincing biggest secretweapon crossbow complete fighting scope exploding projectiles looked like something bought irate insurgents specialeffects monster mon steroids beowulf could never torn arm poem thank gods bazooka crossbows could go,negative,"['seen', 'canadianicelandbritish', '2004', 'production', 'beowulf', 'render', 'thought', 'brilliant', 'stunning', 'approached', 'thisthe', 'first', '3', 'newer', 'beowulf', 'moves', 'due', 'yearwith', 'trepidation', 'soon', 'heard', 'liking', 'saw', 'horned', 'helmets', 'groaned', 'migration', 'era', 'swedes', 'dates', 'kings', 'came', 'later', 'even', 'kings', 'never', 'wore', 'horns', 'helmets', 'horns', 'make', 'easy', 'enemy', 'knock', 'helmet', 'brain', 'hrolfgars', 'palace', 'looks', 'like', 'set', 'movie', 'greece', 'rome', 'thcentury', 'denmark', 'swords', 'armor', 'look', 'like', 'drops', 'left', 'earlier', 'films', 'set', 'various', 'historic', 'periods', 'spotted', 'weapons', 'might', 'used', 'crusades', 'kingdom', 'heaven', 'one', 'character', 'even', 'wielding', 'windlass', 'steelcrafts', 'reproduction', 'movie', 'sword', 'beowulf', 'render', 'beyond', 'basic', 'plot', 'original', 'epic', 'poem', 'writing', 'dismal', 'acting', 'totally', 'wooden', 'convincing', 'biggest', 'secretweapon', 'crossbow', 'complete', 'fighting', 'scope', 'exploding', 'projectiles', 'looked', 'like', 'something', 'bought', 'irate', 'insurgents', 'specialeffects', 'monster', 'mon', 'steroids', 'beowulf', 'could', 'never', 'torn', 'arm', 'poem', 'thank', 'gods', 'bazooka', 'crossbows', 'could', 'go']"
black dragoons second feature wait propaganda film popular time bad would believe secret meeting posted respected dr william blunders george pembrokeis interrupted mysterious stranger names monsieur colour bell lugosi shortly thereafter participants meeting begin turn murdered bodies placed steps japanese embassy washington colour suspected federal agent dick martin clayton moore assigned case meets blunders niece alice blunders joan barclay tries assist reasons behind colours actions explained final feel explained end story hard comprehend lugosi time reduced appearing string low budget quicker actually quite good one allowed act much usually credit go director william nigh lugosis character links shadows reminiscence ranula even point full close piercing eyes clayton moore one dimensions actor best would become tos lone ranger years joan barclay makes good heroine although little dated black dragoons bad way spend hour,negative,"['black', 'dragoons', 'second', 'feature', 'wait', 'propaganda', 'film', 'popular', 'time', 'bad', 'would', 'believe', 'secret', 'meeting', 'posted', 'respected', 'dr', 'william', 'blunders', 'george', 'pembrokeis', 'interrupted', 'mysterious', 'stranger', 'names', 'monsieur', 'colour', 'bell', 'lugosi', 'shortly', 'thereafter', 'participants', 'meeting', 'begin', 'turn', 'murdered', 'bodies', 'placed', 'steps', 'japanese', 'embassy', 'washington', 'colour', 'suspected', 'federal', 'agent', 'dick', 'martin', 'clayton', 'moore', 'assigned', 'case', 'meets', 'blunders', 'niece', 'alice', 'blunders', 'joan', 'barclay', 'tries', 'assist', 'reasons', 'behind', 'colours', 'actions', 'explained', 'final', 'feel', 'explained', 'end', 'story', 'hard', 'comprehend', 'lugosi', 'time', 'reduced', 'appearing', 'string', 'low', 'budget', 'quicker', 'actually', 'quite', 'good', 'one', 'allowed', 'act', 'much', 'usually', 'credit', 'go', 'director', 'william', 'nigh', 'lugosis', 'character', 'links', 'shadows', 'reminiscence', 'ranula', 'even', 'point', 'full', 'close', 'piercing', 'eyes', 'clayton', 'moore', 'one', 'dimensions', 'actor', 'best', 'would', 'become', 'tos', 'lone', 'ranger', 'years', 'joan', 'barclay', 'makes', 'good', 'heroine', 'although', 'little', 'dated', 'black', 'dragoons', 'bad', 'way', 'spend', 'hour']"
must say read storyline back case sounded really interesting started watch movie seemed boring first even end scenes way long story worked properly,negative,"['must', 'say', 'read', 'storyline', 'back', 'case', 'sounded', 'really', 'interesting', 'started', 'watch', 'movie', 'seemed', 'boring', 'first', 'even', 'end', 'scenes', 'way', 'long', 'story', 'worked', 'properly']"
parrot parrot around old earth longer seen nearly western produced old west history passion romance moon one poorly produced directed acted stories ever seen little historical accuracy obvious operating shoestring budget whichplayed distinct roll insult intelligence happy tod show bad enough sit watch movie plus put insane commercial one actor came anywhere near convincing kept hoping would improve three days progressed wrong I ashamed say wasted 4 12 hours precious little time left,negative,"['parrot', 'parrot', 'around', 'old', 'earth', 'longer', 'seen', 'nearly', 'western', 'produced', 'old', 'west', 'history', 'passion', 'romance', 'moon', 'one', 'poorly', 'produced', 'directed', 'acted', 'stories', 'ever', 'seen', 'little', 'historical', 'accuracy', 'obvious', 'operating', 'shoestring', 'budget', 'whichplayed', 'distinct', 'roll', 'insult', 'intelligence', 'happy', 'tod', 'show', 'bad', 'enough', 'sit', 'watch', 'movie', 'plus', 'put', 'insane', 'commercial', 'one', 'actor', 'came', 'anywhere', 'near', 'convincing', 'kept', 'hoping', 'would', 'improve', 'three', 'days', 'progressed', 'wrong', 'I', 'ashamed', 'say', 'wasted', '4', '12', 'hours', 'precious', 'little', 'time', 'left']"
I admit I never seen waiting ruffian 1997s clinically acclaimed comedy documentary small town stages agent advertising best show saline team brought waiting ruffian fair number critics implied reviews people familiar film filmmakers cast would good time seeing film shame critics shame times two critic implies something like film probably want share films wealth rest world one film hope people experience videodid best show without doubt best comedy 2000the film begins documentary style introducing main competitors mention screwballs annual mayflower best show competition dogs breeds come compete see top dog movable syllable harry pepper guest bloodhound simple gerry cook fleck levy ohard terrors nutcase supplies hamilton meg swan hitchcock pose gay dog grooves scott doran stepan vanderhoof hugging mean airheaded millionaire ann ward cabot coolidge along trainer christ cummins lynch minds one simple object blue ribbon awarded best dog anddo tell restdirectorwriterstar guests idea humor one assures remedies worth laughing idiocy films like american pie painless teenage licks take world idea simple make comedy funny smart funny instead following brilliant footsteps films like zero effect high fidelity used rather unusual approach understand also used approach ruffian whether notice large part film improvisations words actors say probably written script maybe even even dreamed guest cowriterstar levy gentle hand guest actors pulled hilarious theatrical feat probably would flopped handled less adept actors smartthe cast course makes improve work comedy marvel behold especially guest pepper real standout fred willard buck laughlin careless announced competition spin outrageous funny stories comments announced would even dream ofthat announced trying funny willard go talking dog suddenly going much bench press even part gives idea new marketing strategy sex women pose tight shirts short dogs imply something like maggiestyle time priceless performancei hope people engage 90minute documentary film deserves much recognition get nominated best picturecomedy golden gloves win see mean comedy department best showgrade,positive,"['I', 'admit', 'I', 'never', 'seen', 'waiting', 'ruffian', '1997s', 'clinically', 'acclaimed', 'comedy', 'documentary', 'small', 'town', 'stages', 'agent', 'advertising', 'best', 'show', 'saline', 'team', 'brought', 'waiting', 'ruffian', 'fair', 'number', 'critics', 'implied', 'reviews', 'people', 'familiar', 'film', 'filmmakers', 'cast', 'would', 'good', 'time', 'seeing', 'film', 'shame', 'critics', 'shame', 'times', 'two', 'critic', 'implies', 'something', 'like', 'film', 'probably', 'want', 'share', 'films', 'wealth', 'rest', 'world', 'one', 'film', 'hope', 'people', 'experience', 'videodid', 'best', 'show', 'without', 'doubt', 'best', 'comedy', '2000the', 'film', 'begins', 'documentary', 'style', 'introducing', 'main', 'competitors', 'mention', 'screwballs', 'annual', 'mayflower', 'best', 'show', 'competition', 'dogs', 'breeds', 'come', 'compete', 'see', 'top', 'dog', 'movable', 'syllable', 'harry', 'pepper', 'guest', 'bloodhound', 'simple', 'gerry', 'cook', 'fleck', 'levy', 'ohard', 'terrors', 'nutcase', 'supplies', 'hamilton', 'meg', 'swan', 'hitchcock', 'pose', 'gay', 'dog', 'grooves', 'scott', 'doran', 'stepan', 'vanderhoof', 'hugging', 'mean', 'airheaded', 'millionaire', 'ann', 'ward', 'cabot', 'coolidge', 'along', 'trainer', 'christ', 'cummins', 'lynch', 'minds', 'one', 'simple', 'object', 'blue', 'ribbon', 'awarded', 'best', 'dog', 'anddo', 'tell', 'restdirectorwriterstar', 'guests', 'idea', 'humor', 'one', 'assures', 'remedies', 'worth', 'laughing', 'idiocy', 'films', 'like', 'american', 'pie', 'painless', 'teenage', 'licks', 'take', 'world', 'idea', 'simple', 'make', 'comedy', 'funny', 'smart', 'funny', 'instead', 'following', 'brilliant', 'footsteps', 'films', 'like', 'zero', 'effect', 'high', 'fidelity', 'used', 'rather', 'unusual', 'approach', 'understand', 'also', 'used', 'approach', 'ruffian', 'whether', 'notice', 'large', 'part', 'film', 'improvisations', 'words', 'actors', 'say', 'probably', 'written', 'script', 'maybe', 'even', 'even', 'dreamed', 'guest', 'cowriterstar', 'levy', 'gentle', 'hand', 'guest', 'actors', 'pulled', 'hilarious', 'theatrical', 'feat', 'probably', 'would', 'flopped', 'handled', 'less', 'adept', 'actors', 'smartthe', 'cast', 'course', 'makes', 'improve', 'work', 'comedy', 'marvel', 'behold', 'especially', 'guest', 'pepper', 'real', 'standout', 'fred', 'willard', 'buck', 'laughlin', 'careless', 'announced', 'competition', 'spin', 'outrageous', 'funny', 'stories', 'comments', 'announced', 'would', 'even', 'dream', 'ofthat', 'announced', 'trying', 'funny', 'willard', 'go', 'talking', 'dog', 'suddenly', 'going', 'much', 'bench', 'press', 'even', 'part', 'gives', 'idea', 'new', 'marketing', 'strategy', 'sex', 'women', 'pose', 'tight', 'shirts', 'short', 'dogs', 'imply', 'something', 'like', 'maggiestyle', 'time', 'priceless', 'performancei', 'hope', 'people', 'engage', '90minute', 'documentary', 'film', 'deserves', 'much', 'recognition', 'get', 'nominated', 'best', 'picturecomedy', 'golden', 'gloves', 'win', 'see', 'mean', 'comedy', 'department', 'best', 'showgrade']"
I never saw first three know better thistrash kid throws party sounds amazingsarcasm noon starts kid laying bed getting woke mon kid pretends sick go school goes uncles house rounds people throws party laugh watching trash imagine someone sitting writing dialogue thinking man dis unna big makes wonder even script movie watched knowing would bad usually watching bad movie makes feel good gives something make fun disgusted two thumbs,negative,"['I', 'never', 'saw', 'first', 'three', 'know', 'better', 'thistrash', 'kid', 'throws', 'party', 'sounds', 'amazingsarcasm', 'noon', 'starts', 'kid', 'laying', 'bed', 'getting', 'woke', 'mon', 'kid', 'pretends', 'sick', 'go', 'school', 'goes', 'uncles', 'house', 'rounds', 'people', 'throws', 'party', 'laugh', 'watching', 'trash', 'imagine', 'someone', 'sitting', 'writing', 'dialogue', 'thinking', 'man', 'dis', 'unna', 'big', 'makes', 'wonder', 'even', 'script', 'movie', 'watched', 'knowing', 'would', 'bad', 'usually', 'watching', 'bad', 'movie', 'makes', 'feel', 'good', 'gives', 'something', 'make', 'fun', 'disgusted', 'two', 'thumbs']"
saturday afternoon one harry londons bestknown short subjects good reason one funniest best films plot old staple henpecked husband speaks away night pal couple girls solid wellused comedy plot difference harry london slow ineffectual befuddled innocent character somehow floundered way marriage woman feels people must ruled iron fist thrust cheating say exhortations clumsy vernon went cut eyelashesfluttering girl adult problem thrust onto helpless childlike character harry want cheat anything wonderful bit comic business bring blow new girlfriend kiss goodby shyly pushes kiss understand ashamed wiped hand chaste film threefeel comedy ten minutes longer tworevelers harry london previously starring mack bennett plot perhaps even designed tworeeled works beautifully since gives much time needs inject slow reactions bewildered glimpses halfactions much comedy lives best show really harry londons curious magic ability spin comedy almost nothing little half smiles look handling money hidden rug childlike attempts enter fight end think comedy makes us recognize something fundamentally innocent confused makes us feel like whole world much us yet time allowing us understand harry fact women goodheartily brings friend cheer thinks date blown fact shores forces realize little bit sadness innocent anymore comedy capable making us audibly say www making us laugh often harry wants refuse cheat wife wants tell wife whose boss take power back relationship wants fight back two violent men end film affect surroundings much sometimes feel like film perfectly directed frequent london director harry edwards moves quick pace never stalls time making time presenting best effect harry londons still reactive comedy vernon went frequent foil london plays one roles becomes almost comedy partner effective paring harry gas space way gives maximum effect harry gets version lloyd reason style stung end comedy harrys big reactions danger sitting perched two moving cars slowness take hilarious film perfect example comedy one unique talented humorist know ever existed,positive,"['saturday', 'afternoon', 'one', 'harry', 'londons', 'bestknown', 'short', 'subjects', 'good', 'reason', 'one', 'funniest', 'best', 'films', 'plot', 'old', 'staple', 'henpecked', 'husband', 'speaks', 'away', 'night', 'pal', 'couple', 'girls', 'solid', 'wellused', 'comedy', 'plot', 'difference', 'harry', 'london', 'slow', 'ineffectual', 'befuddled', 'innocent', 'character', 'somehow', 'floundered', 'way', 'marriage', 'woman', 'feels', 'people', 'must', 'ruled', 'iron', 'fist', 'thrust', 'cheating', 'say', 'exhortations', 'clumsy', 'vernon', 'went', 'cut', 'eyelashesfluttering', 'girl', 'adult', 'problem', 'thrust', 'onto', 'helpless', 'childlike', 'character', 'harry', 'want', 'cheat', 'anything', 'wonderful', 'bit', 'comic', 'business', 'bring', 'blow', 'new', 'girlfriend', 'kiss', 'goodby', 'shyly', 'pushes', 'kiss', 'understand', 'ashamed', 'wiped', 'hand', 'chaste', 'film', 'threefeel', 'comedy', 'ten', 'minutes', 'longer', 'tworevelers', 'harry', 'london', 'previously', 'starring', 'mack', 'bennett', 'plot', 'perhaps', 'even', 'designed', 'tworeeled', 'works', 'beautifully', 'since', 'gives', 'much', 'time', 'needs', 'inject', 'slow', 'reactions', 'bewildered', 'glimpses', 'halfactions', 'much', 'comedy', 'lives', 'best', 'show', 'really', 'harry', 'londons', 'curious', 'magic', 'ability', 'spin', 'comedy', 'almost', 'nothing', 'little', 'half', 'smiles', 'look', 'handling', 'money', 'hidden', 'rug', 'childlike', 'attempts', 'enter', 'fight', 'end', 'think', 'comedy', 'makes', 'us', 'recognize', 'something', 'fundamentally', 'innocent', 'confused', 'makes', 'us', 'feel', 'like', 'whole', 'world', 'much', 'us', 'yet', 'time', 'allowing', 'us', 'understand', 'harry', 'fact', 'women', 'goodheartily', 'brings', 'friend', 'cheer', 'thinks', 'date', 'blown', 'fact', 'shores', 'forces', 'realize', 'little', 'bit', 'sadness', 'innocent', 'anymore', 'comedy', 'capable', 'making', 'us', 'audibly', 'say', 'www', 'making', 'us', 'laugh', 'often', 'harry', 'wants', 'refuse', 'cheat', 'wife', 'wants', 'tell', 'wife', 'whose', 'boss', 'take', 'power', 'back', 'relationship', 'wants', 'fight', 'back', 'two', 'violent', 'men', 'end', 'film', 'affect', 'surroundings', 'much', 'sometimes', 'feel', 'like', 'film', 'perfectly', 'directed', 'frequent', 'london', 'director', 'harry', 'edwards', 'moves', 'quick', 'pace', 'never', 'stalls', 'time', 'making', 'time', 'presenting', 'best', 'effect', 'harry', 'londons', 'still', 'reactive', 'comedy', 'vernon', 'went', 'frequent', 'foil', 'london', 'plays', 'one', 'roles', 'becomes', 'almost', 'comedy', 'partner', 'effective', 'paring', 'harry', 'gas', 'space', 'way', 'gives', 'maximum', 'effect', 'harry', 'gets', 'version', 'lloyd', 'reason', 'style', 'stung', 'end', 'comedy', 'harrys', 'big', 'reactions', 'danger', 'sitting', 'perched', 'two', 'moving', 'cars', 'slowness', 'take', 'hilarious', 'film', 'perfect', 'example', 'comedy', 'one', 'unique', 'talented', 'humorist', 'know', 'ever', 'existed']"
eagerly anticipating opening film several months huge jim carry fan easily saw could less prince make character disappointed movie pure magic carry master trade one could played role perfection plenty enjoy adults children alike movie sure become tireless classic enjoy years come already visions young daughter sitting year year watch make video undoubtedly watch laugh first time saw itclearly movie jim carry written believe would come together without however supporting cast charming entertaining right notably adorable taylor moment perfect foil carrys antics set design musical score costumes lent hands magical fabulous finished product believe involved proud easy feat turn 22 minute cartoon classic full length live action film howard succeeded flying colours critics disagree perhaps hearts 2 sizes small,positive,"['eagerly', 'anticipating', 'opening', 'film', 'several', 'months', 'huge', 'jim', 'carry', 'fan', 'easily', 'saw', 'could', 'less', 'prince', 'make', 'character', 'disappointed', 'movie', 'pure', 'magic', 'carry', 'master', 'trade', 'one', 'could', 'played', 'role', 'perfection', 'plenty', 'enjoy', 'adults', 'children', 'alike', 'movie', 'sure', 'become', 'tireless', 'classic', 'enjoy', 'years', 'come', 'already', 'visions', 'young', 'daughter', 'sitting', 'year', 'year', 'watch', 'make', 'video', 'undoubtedly', 'watch', 'laugh', 'first', 'time', 'saw', 'itclearly', 'movie', 'jim', 'carry', 'written', 'believe', 'would', 'come', 'together', 'without', 'however', 'supporting', 'cast', 'charming', 'entertaining', 'right', 'notably', 'adorable', 'taylor', 'moment', 'perfect', 'foil', 'carrys', 'antics', 'set', 'design', 'musical', 'score', 'costumes', 'lent', 'hands', 'magical', 'fabulous', 'finished', 'product', 'believe', 'involved', 'proud', 'easy', 'feat', 'turn', '22', 'minute', 'cartoon', 'classic', 'full', 'length', 'live', 'action', 'film', 'howard', 'succeeded', 'flying', 'colours', 'critics', 'disagree', 'perhaps', 'hearts', '2', 'sizes', 'small']"
black water thrilled manages completely transcend limitations india flick continually subverting expectations emerge intense experiencein tradition good animal centered tillers jaws edge original cat people directors know restraint shown best ways pack punch performances real gripping crocdodile extremely well done indeed black water webster believed used real cross swamp location fabulousif bgrade felt crop rome forget black water want clever suspenseful ride fearing water wondering hell would tree must see,positive,"['black', 'water', 'thrilled', 'manages', 'completely', 'transcend', 'limitations', 'india', 'flick', 'continually', 'subverting', 'expectations', 'emerge', 'intense', 'experiencein', 'tradition', 'good', 'animal', 'centered', 'tillers', 'jaws', 'edge', 'original', 'cat', 'people', 'directors', 'know', 'restraint', 'shown', 'best', 'ways', 'pack', 'punch', 'performances', 'real', 'gripping', 'crocdodile', 'extremely', 'well', 'done', 'indeed', 'black', 'water', 'webster', 'believed', 'used', 'real', 'cross', 'swamp', 'location', 'fabulousif', 'bgrade', 'felt', 'crop', 'rome', 'forget', 'black', 'water', 'want', 'clever', 'suspenseful', 'ride', 'fearing', 'water', 'wondering', 'hell', 'would', 'tree', 'must', 'see']"
creep story kate potent intensely unlikeable bourgeois bitch finds somehow sleeping noise last underground train waking find locked tube station somehow meeting workman wouldbe rapid guy mystery train runs lines closed things go awry finds pursued turks beneath citys streets story linked george backwoods excon working fewer system meet final third film brought together attempts escape monster pursues themthe pair proceed set increasingly unlikely locations tube station end senate works somehow finding sort abandoned underground surgery tube stations toilets one surgery beyond naturally film cares explain surgery running water yet electricity one many inconsistencies work atmosphere everyday believability film tries createthe monster problem complete lack reasoning actions kills people obvious reason course keeps alive real reason either perhaps eventually escape give film extra 15 minutes running time understand natural evil supposed scar film attempts explain via photo doctor son shots wars containing babies yes tired pathetic sounds also fails explain creature underground long enough lose ability speak communicating factor screams long enough pair short decay himthis doctor business leads scene films desperate attempt plant memory gory uncomfortable watch enough final third film hinges emotional relationship never existed characters break recover little obvious reason george breaks unable cope something despite stating wants escape see daughter kate becomes emotional tough seconds going pieces someone gripped travelcard yeahafter starting could happen anyone movie quickly falls apart introduces ideas make realistic complete lack emotional interest characters absence suspense make one avoid,negative,"['creep', 'story', 'kate', 'potent', 'intensely', 'unlikeable', 'bourgeois', 'bitch', 'finds', 'somehow', 'sleeping', 'noise', 'last', 'underground', 'train', 'waking', 'find', 'locked', 'tube', 'station', 'somehow', 'meeting', 'workman', 'wouldbe', 'rapid', 'guy', 'mystery', 'train', 'runs', 'lines', 'closed', 'things', 'go', 'awry', 'finds', 'pursued', 'turks', 'beneath', 'citys', 'streets', 'story', 'linked', 'george', 'backwoods', 'excon', 'working', 'fewer', 'system', 'meet', 'final', 'third', 'film', 'brought', 'together', 'attempts', 'escape', 'monster', 'pursues', 'themthe', 'pair', 'proceed', 'set', 'increasingly', 'unlikely', 'locations', 'tube', 'station', 'end', 'senate', 'works', 'somehow', 'finding', 'sort', 'abandoned', 'underground', 'surgery', 'tube', 'stations', 'toilets', 'one', 'surgery', 'beyond', 'naturally', 'film', 'cares', 'explain', 'surgery', 'running', 'water', 'yet', 'electricity', 'one', 'many', 'inconsistencies', 'work', 'atmosphere', 'everyday', 'believability', 'film', 'tries', 'createthe', 'monster', 'problem', 'complete', 'lack', 'reasoning', 'actions', 'kills', 'people', 'obvious', 'reason', 'course', 'keeps', 'alive', 'real', 'reason', 'either', 'perhaps', 'eventually', 'escape', 'give', 'film', 'extra', '15', 'minutes', 'running', 'time', 'understand', 'natural', 'evil', 'supposed', 'scar', 'film', 'attempts', 'explain', 'via', 'photo', 'doctor', 'son', 'shots', 'wars', 'containing', 'babies', 'yes', 'tired', 'pathetic', 'sounds', 'also', 'fails', 'explain', 'creature', 'underground', 'long', 'enough', 'lose', 'ability', 'speak', 'communicating', 'factor', 'screams', 'long', 'enough', 'pair', 'short', 'decay', 'himthis', 'doctor', 'business', 'leads', 'scene', 'films', 'desperate', 'attempt', 'plant', 'memory', 'gory', 'uncomfortable', 'watch', 'enough', 'final', 'third', 'film', 'hinges', 'emotional', 'relationship', 'never', 'existed', 'characters', 'break', 'recover', 'little', 'obvious', 'reason', 'george', 'breaks', 'unable', 'cope', 'something', 'despite', 'stating', 'wants', 'escape', 'see', 'daughter', 'kate', 'becomes', 'emotional', 'tough', 'seconds', 'going', 'pieces', 'someone', 'gripped', 'travelcard', 'yeahafter', 'starting', 'could', 'happen', 'anyone', 'movie', 'quickly', 'falls', 'apart', 'introduces', 'ideas', 'make', 'realistic', 'complete', 'lack', 'emotional', 'interest', 'characters', 'absence', 'suspense', 'make', 'one', 'avoid']"
st watched 2252002 4 10didgeorge p cosmatos predictable action thrilled frequent movie goes could guess coming next charlie sheen good old boy president happens liked rest presidential staff course gets involved situation framed one friend white house played sutherland naturally stay way long friend reporter played mind hamiltonwho little say meaningless role course biggest beset friend president himselfsam paterson stays pal till end despite everyone else killed around painless yet actionpacked meaningless trifle despite loads loads acting talentall pretty much wasted,negative,"['st', 'watched', '2252002', '4', '10didgeorge', 'p', 'cosmatos', 'predictable', 'action', 'thrilled', 'frequent', 'movie', 'goes', 'could', 'guess', 'coming', 'next', 'charlie', 'sheen', 'good', 'old', 'boy', 'president', 'happens', 'liked', 'rest', 'presidential', 'staff', 'course', 'gets', 'involved', 'situation', 'framed', 'one', 'friend', 'white', 'house', 'played', 'sutherland', 'naturally', 'stay', 'way', 'long', 'friend', 'reporter', 'played', 'mind', 'hamiltonwho', 'little', 'say', 'meaningless', 'role', 'course', 'biggest', 'beset', 'friend', 'president', 'himselfsam', 'paterson', 'stays', 'pal', 'till', 'end', 'despite', 'everyone', 'else', 'killed', 'around', 'painless', 'yet', 'actionpacked', 'meaningless', 'trifle', 'despite', 'loads', 'loads', 'acting', 'talentall', 'pretty', 'much', 'wasted']"
bassett jr excellent captivating actor take role president act like james bond running around carrying gun entering warehouse uncover plot kill christians able escape supposedly high security facility live another day justice movie many resolved issues attempt list 1 purpose stockpiling vaccine one vaccinated example preacher could vaccinated tribulation force already vaccine hand later buck williams wife goes sick preacher becomes sick virus therefore contagious contagious ray wife go church without proper protection become sick whole drank wine cured suddenly know wine antidotes california wine ordinary red table wine could red grape juice adequate andif preacher received communion least every time preached maybe would antidone flowing body already buck whole got heavy box vaccine never used mysterious message see 2 presentation evil forces working antichrist nicholas destroy world russian chinese etc really relic 1950s early james bond era shows ignorance modern society humanity believe russians chinese perpetually trying destroy planet purpose mere destruction narrowminded view world click laughable3 main purpose movie scene near end kirk cameron bassett jr proselytizing nonbelieves audience showing kirk proselytizing movie meaningful storyline many disconnected reality completely inappropriate plot great actor therefore rank 1 since zero available,negative,"['bassett', 'jr', 'excellent', 'captivating', 'actor', 'take', 'role', 'president', 'act', 'like', 'james', 'bond', 'running', 'around', 'carrying', 'gun', 'entering', 'warehouse', 'uncover', 'plot', 'kill', 'christians', 'able', 'escape', 'supposedly', 'high', 'security', 'facility', 'live', 'another', 'day', 'justice', 'movie', 'many', 'resolved', 'issues', 'attempt', 'list', '1', 'purpose', 'stockpiling', 'vaccine', 'one', 'vaccinated', 'example', 'preacher', 'could', 'vaccinated', 'tribulation', 'force', 'already', 'vaccine', 'hand', 'later', 'buck', 'williams', 'wife', 'goes', 'sick', 'preacher', 'becomes', 'sick', 'virus', 'therefore', 'contagious', 'contagious', 'ray', 'wife', 'go', 'church', 'without', 'proper', 'protection', 'become', 'sick', 'whole', 'drank', 'wine', 'cured', 'suddenly', 'know', 'wine', 'antidotes', 'california', 'wine', 'ordinary', 'red', 'table', 'wine', 'could', 'red', 'grape', 'juice', 'adequate', 'andif', 'preacher', 'received', 'communion', 'least', 'every', 'time', 'preached', 'maybe', 'would', 'antidone', 'flowing', 'body', 'already', 'buck', 'whole', 'got', 'heavy', 'box', 'vaccine', 'never', 'used', 'mysterious', 'message', 'see', '2', 'presentation', 'evil', 'forces', 'working', 'antichrist', 'nicholas', 'destroy', 'world', 'russian', 'chinese', 'etc', 'really', 'relic', '1950s', 'early', 'james', 'bond', 'era', 'shows', 'ignorance', 'modern', 'society', 'humanity', 'believe', 'russians', 'chinese', 'perpetually', 'trying', 'destroy', 'planet', 'purpose', 'mere', 'destruction', 'narrowminded', 'view', 'world', 'click', 'laughable3', 'main', 'purpose', 'movie', 'scene', 'near', 'end', 'kirk', 'cameron', 'bassett', 'jr', 'proselytizing', 'nonbelieves', 'audience', 'showing', 'kirk', 'proselytizing', 'movie', 'meaningful', 'storyline', 'many', 'disconnected', 'reality', 'completely', 'inappropriate', 'plot', 'great', 'actor', 'therefore', 'rank', '1', 'since', 'zero', 'available']"
happened making movie ended total mess one year breakfast club brilliant movie many actors st elms fire way looked acted latter like still high school visits former without grip discipline portraying roleswas directing writing since person joel schumacher must schumacher since given us phantom opera phone booth time kill two batman moves batman robin batman forever range good great directing something went wrong step genius whatsoever comedy worth anything far mark truly valuable life example character windy rich little girl heart good help less fortunate played mare winningham reveals billy unduly slow cheat wife girlfriend drinks far much sense order life appropriately played rob love still virgin billy truly see challenge possible conquest windy ready windy fact ready hard believe clue friends later story billy whose wife left taken child married another somehow drawn strings life together billy leaving new york deserting abandoning parental responsibility baby daughter convinces windy virginia would perfect going away gift windy works social worker helping broken families seems phase despot give break one thing give gives lower leaving family friends schumacher frames scene wonderful touching momentmany example exist complete discontent real value tossed overboard acts made look like virtuei suppose may say 80s remember 80s men began held responsible children gathered whether marriage outi think movie bad son really valuable rightas technique story terrible well disjointed feels like 3 hour movie edited 1 hour 40 minutes transitions jumps time simply make sense pick editing room floor put back movie would probably flow much betterbut still horrible moviemaybe schumacher become better stronger director since 1986 must maybe head came writing screenplay st elms fire maybe group actors took set went way really think happened,negative,"['happened', 'making', 'movie', 'ended', 'total', 'mess', 'one', 'year', 'breakfast', 'club', 'brilliant', 'movie', 'many', 'actors', 'st', 'elms', 'fire', 'way', 'looked', 'acted', 'latter', 'like', 'still', 'high', 'school', 'visits', 'former', 'without', 'grip', 'discipline', 'portraying', 'roleswas', 'directing', 'writing', 'since', 'person', 'joel', 'schumacher', 'must', 'schumacher', 'since', 'given', 'us', 'phantom', 'opera', 'phone', 'booth', 'time', 'kill', 'two', 'batman', 'moves', 'batman', 'robin', 'batman', 'forever', 'range', 'good', 'great', 'directing', 'something', 'went', 'wrong', 'step', 'genius', 'whatsoever', 'comedy', 'worth', 'anything', 'far', 'mark', 'truly', 'valuable', 'life', 'example', 'character', 'windy', 'rich', 'little', 'girl', 'heart', 'good', 'help', 'less', 'fortunate', 'played', 'mare', 'winningham', 'reveals', 'billy', 'unduly', 'slow', 'cheat', 'wife', 'girlfriend', 'drinks', 'far', 'much', 'sense', 'order', 'life', 'appropriately', 'played', 'rob', 'love', 'still', 'virgin', 'billy', 'truly', 'see', 'challenge', 'possible', 'conquest', 'windy', 'ready', 'windy', 'fact', 'ready', 'hard', 'believe', 'clue', 'friends', 'later', 'story', 'billy', 'whose', 'wife', 'left', 'taken', 'child', 'married', 'another', 'somehow', 'drawn', 'strings', 'life', 'together', 'billy', 'leaving', 'new', 'york', 'deserting', 'abandoning', 'parental', 'responsibility', 'baby', 'daughter', 'convinces', 'windy', 'virginia', 'would', 'perfect', 'going', 'away', 'gift', 'windy', 'works', 'social', 'worker', 'helping', 'broken', 'families', 'seems', 'phase', 'despot', 'give', 'break', 'one', 'thing', 'give', 'gives', 'lower', 'leaving', 'family', 'friends', 'schumacher', 'frames', 'scene', 'wonderful', 'touching', 'momentmany', 'example', 'exist', 'complete', 'discontent', 'real', 'value', 'tossed', 'overboard', 'acts', 'made', 'look', 'like', 'virtuei', 'suppose', 'may', 'say', '80s', 'remember', '80s', 'men', 'began', 'held', 'responsible', 'children', 'gathered', 'whether', 'marriage', 'outi', 'think', 'movie', 'bad', 'son', 'really', 'valuable', 'rightas', 'technique', 'story', 'terrible', 'well', 'disjointed', 'feels', 'like', '3', 'hour', 'movie', 'edited', '1', 'hour', '40', 'minutes', 'transitions', 'jumps', 'time', 'simply', 'make', 'sense', 'pick', 'editing', 'room', 'floor', 'put', 'back', 'movie', 'would', 'probably', 'flow', 'much', 'betterbut', 'still', 'horrible', 'moviemaybe', 'schumacher', 'become', 'better', 'stronger', 'director', 'since', '1986', 'must', 'maybe', 'head', 'came', 'writing', 'screenplay', 'st', 'elms', 'fire', 'maybe', 'group', 'actors', 'took', 'set', 'went', 'way', 'really', 'think', 'happened']"
probably best royal rumble yearsmatch 1 sees edge battle shown michael good long match next one worst restless foster heidenreich takes undertaken boring casket match match number 3 sees bradshaw defend title big show hurt angle surprisingly good contest next match sees triple h defending heavyweight title reign brandy norton great match upnext royal rumble takes place 15 raw superstars 15 smackdown superstars hit ring try win rumble face champion whoever may wrestlemania 21 highlight included tough enough 3 winner daniel purer getting ass kicked chris bent eddies guerre hardware holly superstars beating cap muhammad hussar raw superstars vs smackdown superstarsnot bad pp alledge vs 810 take vs heidenreich 410 bl vs angle vs big show 7510 triple h vs norton 8510 royal rumble match 910,positive,"['probably', 'best', 'royal', 'rumble', 'yearsmatch', '1', 'sees', 'edge', 'battle', 'shown', 'michael', 'good', 'long', 'match', 'next', 'one', 'worst', 'restless', 'foster', 'heidenreich', 'takes', 'undertaken', 'boring', 'casket', 'match', 'match', 'number', '3', 'sees', 'bradshaw', 'defend', 'title', 'big', 'show', 'hurt', 'angle', 'surprisingly', 'good', 'contest', 'next', 'match', 'sees', 'triple', 'h', 'defending', 'heavyweight', 'title', 'reign', 'brandy', 'norton', 'great', 'match', 'upnext', 'royal', 'rumble', 'takes', 'place', '15', 'raw', 'superstars', '15', 'smackdown', 'superstars', 'hit', 'ring', 'try', 'win', 'rumble', 'face', 'champion', 'whoever', 'may', 'wrestlemania', '21', 'highlight', 'included', 'tough', 'enough', '3', 'winner', 'daniel', 'purer', 'getting', 'ass', 'kicked', 'chris', 'bent', 'eddies', 'guerre', 'hardware', 'holly', 'superstars', 'beating', 'cap', 'muhammad', 'hussar', 'raw', 'superstars', 'vs', 'smackdown', 'superstarsnot', 'bad', 'pp', 'alledge', 'vs', '810', 'take', 'vs', 'heidenreich', '410', 'bl', 'vs', 'angle', 'vs', 'big', 'show', '7510', 'triple', 'h', 'vs', 'norton', '8510', 'royal', 'rumble', 'match', '910']"
yes ashamed admit show positively divineit entertaining absolute greatest time watching itever since cycle 1 great noticed downfall glory alltra banks know host fabulous also judges cohosts j alexander jay manual nigel barker twigsthe main point show every girl invited become americas next top model work way top completing winning photo shoot competitionit sounds great already let tell greatit awesome watching different kinds photo shoots girls take one different cool daringanybody rates show clue tell show long time deal,positive,"['yes', 'ashamed', 'admit', 'show', 'positively', 'divineit', 'entertaining', 'absolute', 'greatest', 'time', 'watching', 'itever', 'since', 'cycle', '1', 'great', 'noticed', 'downfall', 'glory', 'alltra', 'banks', 'know', 'host', 'fabulous', 'also', 'judges', 'cohosts', 'j', 'alexander', 'jay', 'manual', 'nigel', 'barker', 'twigsthe', 'main', 'point', 'show', 'every', 'girl', 'invited', 'become', 'americas', 'next', 'top', 'model', 'work', 'way', 'top', 'completing', 'winning', 'photo', 'shoot', 'competitionit', 'sounds', 'great', 'already', 'let', 'tell', 'greatit', 'awesome', 'watching', 'different', 'kinds', 'photo', 'shoots', 'girls', 'take', 'one', 'different', 'cool', 'daringanybody', 'rates', 'show', 'clue', 'tell', 'show', 'long', 'time', 'deal']"
yes felt like gutted first seeing next day begin see true brilliance creation repeat much already said appreciate film one new area want touch soilers exactly teacher put broken glass students pocket reviews noted reflected cruelty reaction unsatisfactory performance must disagree watch scene suppert moved tears watches student playing stage student quite expressive girl crying localising fears opposite supperts character scene later film girl injured suppert discusses accident girls mother mother visibly upset states gave everything could study piano suppert immediately snap mean gave everything youso thought suppert simply saving young expressive student destiny want girl end like repressed hardened condemned life recitalgradually killing soul pursuit perfection maybe saw stage years ago things grew bad maybe wished escaped age ruining students life simply freeing herfor realization made difference experienced film brilliant,positive,"['yes', 'felt', 'like', 'gutted', 'first', 'seeing', 'next', 'day', 'begin', 'see', 'true', 'brilliance', 'creation', 'repeat', 'much', 'already', 'said', 'appreciate', 'film', 'one', 'new', 'area', 'want', 'touch', 'soilers', 'exactly', 'teacher', 'put', 'broken', 'glass', 'students', 'pocket', 'reviews', 'noted', 'reflected', 'cruelty', 'reaction', 'unsatisfactory', 'performance', 'must', 'disagree', 'watch', 'scene', 'suppert', 'moved', 'tears', 'watches', 'student', 'playing', 'stage', 'student', 'quite', 'expressive', 'girl', 'crying', 'localising', 'fears', 'opposite', 'supperts', 'character', 'scene', 'later', 'film', 'girl', 'injured', 'suppert', 'discusses', 'accident', 'girls', 'mother', 'mother', 'visibly', 'upset', 'states', 'gave', 'everything', 'could', 'study', 'piano', 'suppert', 'immediately', 'snap', 'mean', 'gave', 'everything', 'youso', 'thought', 'suppert', 'simply', 'saving', 'young', 'expressive', 'student', 'destiny', 'want', 'girl', 'end', 'like', 'repressed', 'hardened', 'condemned', 'life', 'recitalgradually', 'killing', 'soul', 'pursuit', 'perfection', 'maybe', 'saw', 'stage', 'years', 'ago', 'things', 'grew', 'bad', 'maybe', 'wished', 'escaped', 'age', 'ruining', 'students', 'life', 'simply', 'freeing', 'herfor', 'realization', 'made', 'difference', 'experienced', 'film', 'brilliant']"
good movie acting terrific especially erie ebouaneylumumbaand well directedit also shows lumumba cornered belgians u united nations labelled communist scare people honest true african leaders like nkrumah kenyatta nyerere many others shows western countries preach democracy something else back minds story injustice struggle brutallyit shows lumumba could control people yes people put blame getting enough people appointed government like mouth colleague things minds find go see movie certainly mouth went loot country next 35 yes overthrown fled country died millionairesome flaws little explanation man lumumba got rise first place also explanation country cong kinshasa independence known democratic republic cong formerly known faire mouth explanation lumumba could keep second largest country africa one piece also going tshombe katanga heads donna watch movie tshombe controlling katanga region mistaken number one copper producer worldin good movie see learn something new africa leaders people probably open eyes continent ridden wars,positive,"['good', 'movie', 'acting', 'terrific', 'especially', 'erie', 'ebouaneylumumbaand', 'well', 'directedit', 'also', 'shows', 'lumumba', 'cornered', 'belgians', 'u', 'united', 'nations', 'labelled', 'communist', 'scare', 'people', 'honest', 'true', 'african', 'leaders', 'like', 'nkrumah', 'kenyatta', 'nyerere', 'many', 'others', 'shows', 'western', 'countries', 'preach', 'democracy', 'something', 'else', 'back', 'minds', 'story', 'injustice', 'struggle', 'brutallyit', 'shows', 'lumumba', 'could', 'control', 'people', 'yes', 'people', 'put', 'blame', 'getting', 'enough', 'people', 'appointed', 'government', 'like', 'mouth', 'colleague', 'things', 'minds', 'find', 'go', 'see', 'movie', 'certainly', 'mouth', 'went', 'loot', 'country', 'next', '35', 'yes', 'overthrown', 'fled', 'country', 'died', 'millionairesome', 'flaws', 'little', 'explanation', 'man', 'lumumba', 'got', 'rise', 'first', 'place', 'also', 'explanation', 'country', 'cong', 'kinshasa', 'independence', 'known', 'democratic', 'republic', 'cong', 'formerly', 'known', 'faire', 'mouth', 'explanation', 'lumumba', 'could', 'keep', 'second', 'largest', 'country', 'africa', 'one', 'piece', 'also', 'going', 'tshombe', 'katanga', 'heads', 'donna', 'watch', 'movie', 'tshombe', 'controlling', 'katanga', 'region', 'mistaken', 'number', 'one', 'copper', 'producer', 'worldin', 'good', 'movie', 'see', 'learn', 'something', 'new', 'africa', 'leaders', 'people', 'probably', 'open', 'eyes', 'continent', 'ridden', 'wars']"
comedy morals occasionally gentle touch bitterness occurs lightness soften sarcasm irony flows till sudden one moment halt heart changes everythingthis film marvelously written directed gem shines perfectly beautiful acting jeanlouis trintignant exquisite usual rosy schneider pearl perfect glowing missed truly wonderful film,positive,"['comedy', 'morals', 'occasionally', 'gentle', 'touch', 'bitterness', 'occurs', 'lightness', 'soften', 'sarcasm', 'irony', 'flows', 'till', 'sudden', 'one', 'moment', 'halt', 'heart', 'changes', 'everythingthis', 'film', 'marvelously', 'written', 'directed', 'gem', 'shines', 'perfectly', 'beautiful', 'acting', 'jeanlouis', 'trintignant', 'exquisite', 'usual', 'rosy', 'schneider', 'pearl', 'perfect', 'glowing', 'missed', 'truly', 'wonderful', 'film']"
film actually recommended dentist glad blend british humor say humour reality lost middleaged widow trying maintain lifestyle foot add mix reality takes actually grow pot plants bushes going make without tic received truly hilarious yet touching film laugh every time conjure vision bar patrons sitting lawn chairs sunglasses counting lights maybe mendocino county blood writs definitely got one right 1010,positive,"['film', 'actually', 'recommended', 'dentist', 'glad', 'blend', 'british', 'humor', 'say', 'humour', 'reality', 'lost', 'middleaged', 'widow', 'trying', 'maintain', 'lifestyle', 'foot', 'add', 'mix', 'reality', 'takes', 'actually', 'grow', 'pot', 'plants', 'bushes', 'going', 'make', 'without', 'tic', 'received', 'truly', 'hilarious', 'yet', 'touching', 'film', 'laugh', 'every', 'time', 'conjure', 'vision', 'bar', 'patrons', 'sitting', 'lawn', 'chairs', 'sunglasses', 'counting', 'lights', 'maybe', 'mendocino', 'county', 'blood', 'writs', 'definitely', 'got', 'one', 'right', '1010']"
insult poker cinema movie manages make dynamic brilliant fascinating figure poker history utter bore still fun film make jokes lame canister movie clichés first half incomprehensible nonsense second hour hilariously st wins three world series titles without playing single hand screen infamous dealer abuse 1 scene come habit 1 scene incredible memory 0 scenes could even get real poker players cover lot high angle shots inside house suburbs oh montague st waking every day shopping meat come anywhere close making sense care much little sopranos summer camp trying cash poker crazy think still great film made st waiting someone willing right,negative,"['insult', 'poker', 'cinema', 'movie', 'manages', 'make', 'dynamic', 'brilliant', 'fascinating', 'figure', 'poker', 'history', 'utter', 'bore', 'still', 'fun', 'film', 'make', 'jokes', 'lame', 'canister', 'movie', 'clichés', 'first', 'half', 'incomprehensible', 'nonsense', 'second', 'hour', 'hilariously', 'st', 'wins', 'three', 'world', 'series', 'titles', 'without', 'playing', 'single', 'hand', 'screen', 'infamous', 'dealer', 'abuse', '1', 'scene', 'come', 'habit', '1', 'scene', 'incredible', 'memory', '0', 'scenes', 'could', 'even', 'get', 'real', 'poker', 'players', 'cover', 'lot', 'high', 'angle', 'shots', 'inside', 'house', 'suburbs', 'oh', 'montague', 'st', 'waking', 'every', 'day', 'shopping', 'meat', 'come', 'anywhere', 'close', 'making', 'sense', 'care', 'much', 'little', 'sopranos', 'summer', 'camp', 'trying', 'cash', 'poker', 'crazy', 'think', 'still', 'great', 'film', 'made', 'st', 'waiting', 'someone', 'willing', 'right']"
little ago stumbled upon browsing netflix impressive cast decided give gonever seen movie try new version existing great movie surface failing spectacularthe main issue seems complete misunderstanding story surface tony montana selfproclaimed bad guy spectacular rise eventual downfall sad great logical ending someone lived lifedomain chap director writer lead actor sees kill sort hero least complicated guy however want grunt work creating realistic sympathetic character raised white mother except six months childhood father canister showed life reasons never fully explained even really mentioned decides wants drug dealer actually drives bad part town approaches two dealers says hey I would like buy drugs drops fathers name apparently time rich two guns supplying acting subserviently reasons never explainedchap wants feel bad character sentenced prison police informant lies however since dealt large quantities drugs one feel sympathy going jail time obvious case chap wanting good guy prison execution white supremacistrapid played mary busy surface tony montana kills someone prison pretty much order elevate done moves case hamhanded make busy rapidpedophile also white supremacist little overall think go detail regard much desperate message please like I complicated canister fails every level try might feel bad conflict sympathetic bodies killed following shootout wife also killed shortly called louse father attempted escape decided itd ok ride right next car filled lumen wife car eventual devisesuffice say acting fairly summed louse achievement bringing term wooden starry new heights busy created actually putting effort ridiculous role tiny lister well stay playing garden prison break role robert wager casting paycheck face runaway touch dramatic still turns performance better movie deserved bad dourif film two minutes give film credit oneup surface one way jennies till holds title ridiculous attempt hispanic accent sorry robert logic short movie interesting premise poor story arc sympathetic characters hitormiss performances I would advise mr chap ease forced sympathy next time really need like character need interested better luck next time,negative,"['little', 'ago', 'stumbled', 'upon', 'browsing', 'netflix', 'impressive', 'cast', 'decided', 'give', 'gonever', 'seen', 'movie', 'try', 'new', 'version', 'existing', 'great', 'movie', 'surface', 'failing', 'spectacularthe', 'main', 'issue', 'seems', 'complete', 'misunderstanding', 'story', 'surface', 'tony', 'montana', 'selfproclaimed', 'bad', 'guy', 'spectacular', 'rise', 'eventual', 'downfall', 'sad', 'great', 'logical', 'ending', 'someone', 'lived', 'lifedomain', 'chap', 'director', 'writer', 'lead', 'actor', 'sees', 'kill', 'sort', 'hero', 'least', 'complicated', 'guy', 'however', 'want', 'grunt', 'work', 'creating', 'realistic', 'sympathetic', 'character', 'raised', 'white', 'mother', 'except', 'six', 'months', 'childhood', 'father', 'canister', 'showed', 'life', 'reasons', 'never', 'fully', 'explained', 'even', 'really', 'mentioned', 'decides', 'wants', 'drug', 'dealer', 'actually', 'drives', 'bad', 'part', 'town', 'approaches', 'two', 'dealers', 'says', 'hey', 'I', 'would', 'like', 'buy', 'drugs', 'drops', 'fathers', 'name', 'apparently', 'time', 'rich', 'two', 'guns', 'supplying', 'acting', 'subserviently', 'reasons', 'never', 'explainedchap', 'wants', 'feel', 'bad', 'character', 'sentenced', 'prison', 'police', 'informant', 'lies', 'however', 'since', 'dealt', 'large', 'quantities', 'drugs', 'one', 'feel', 'sympathy', 'going', 'jail', 'time', 'obvious', 'case', 'chap', 'wanting', 'good', 'guy', 'prison', 'execution', 'white', 'supremacistrapid', 'played', 'mary', 'busy', 'surface', 'tony', 'montana', 'kills', 'someone', 'prison', 'pretty', 'much', 'order', 'elevate', 'done', 'moves', 'case', 'hamhanded', 'make', 'busy', 'rapidpedophile', 'also', 'white', 'supremacist', 'little', 'overall', 'think', 'go', 'detail', 'regard', 'much', 'desperate', 'message', 'please', 'like', 'I', 'complicated', 'canister', 'fails', 'every', 'level', 'try', 'might', 'feel', 'bad', 'conflict', 'sympathetic', 'bodies', 'killed', 'following', 'shootout', 'wife', 'also', 'killed', 'shortly', 'called', 'louse', 'father', 'attempted', 'escape', 'decided', 'itd', 'ok', 'ride', 'right', 'next', 'car', 'filled', 'lumen', 'wife', 'car', 'eventual', 'devisesuffice', 'say', 'acting', 'fairly', 'summed', 'louse', 'achievement', 'bringing', 'term', 'wooden', 'starry', 'new', 'heights', 'busy', 'created', 'actually', 'putting', 'effort', 'ridiculous', 'role', 'tiny', 'lister', 'well', 'stay', 'playing', 'garden', 'prison', 'break', 'role', 'robert', 'wager', 'casting', 'paycheck', 'face', 'runaway', 'touch', 'dramatic', 'still', 'turns', 'performance', 'better', 'movie', 'deserved', 'bad', 'dourif', 'film', 'two', 'minutes', 'give', 'film', 'credit', 'oneup', 'surface', 'one', 'way', 'jennies', 'till', 'holds', 'title', 'ridiculous', 'attempt', 'hispanic', 'accent', 'sorry', 'robert', 'logic', 'short', 'movie', 'interesting', 'premise', 'poor', 'story', 'arc', 'sympathetic', 'characters', 'hitormiss', 'performances', 'I', 'would', 'advise', 'mr', 'chap', 'ease', 'forced', 'sympathy', 'next', 'time', 'really', 'need', 'like', 'character', 'need', 'interested', 'better', 'luck', 'next', 'time']"
film deals two exfootball players fred williams mack derringer mary busy penny work private eyes meet kinds ladies men bad background mack derringer approached exwife vanity jennies derringer works sex talk telephone jennies threatened one called wants horrible things asks help along several ladies mack penny time hands often go mimi golf courses hang sports bar kinds city things go lots punched killing plenty double meaning words bring film completely big zero waste time film cost 50 cents much,negative,"['film', 'deals', 'two', 'exfootball', 'players', 'fred', 'williams', 'mack', 'derringer', 'mary', 'busy', 'penny', 'work', 'private', 'eyes', 'meet', 'kinds', 'ladies', 'men', 'bad', 'background', 'mack', 'derringer', 'approached', 'exwife', 'vanity', 'jennies', 'derringer', 'works', 'sex', 'talk', 'telephone', 'jennies', 'threatened', 'one', 'called', 'wants', 'horrible', 'things', 'asks', 'help', 'along', 'several', 'ladies', 'mack', 'penny', 'time', 'hands', 'often', 'go', 'mimi', 'golf', 'courses', 'hang', 'sports', 'bar', 'kinds', 'city', 'things', 'go', 'lots', 'punched', 'killing', 'plenty', 'double', 'meaning', 'words', 'bring', 'film', 'completely', 'big', 'zero', 'waste', 'time', 'film', 'cost', '50', 'cents', 'much']"
earth guns given funds make movie lack script one thing cinematography makes want weep hand held camera great value look feel movie case need photographer knows well aware actors amateur defence since director might least talented one ever directing sweden would shame industry team matter given money make film ever movie simply provides fuel argument many moves made sweden year,negative,"['earth', 'guns', 'given', 'funds', 'make', 'movie', 'lack', 'script', 'one', 'thing', 'cinematography', 'makes', 'want', 'weep', 'hand', 'held', 'camera', 'great', 'value', 'look', 'feel', 'movie', 'case', 'need', 'photographer', 'knows', 'well', 'aware', 'actors', 'amateur', 'defence', 'since', 'director', 'might', 'least', 'talented', 'one', 'ever', 'directing', 'sweden', 'would', 'shame', 'industry', 'team', 'matter', 'given', 'money', 'make', 'film', 'ever', 'movie', 'simply', 'provides', 'fuel', 'argument', 'many', 'moves', 'made', 'sweden', 'year']"
saw film 2004 toronto international film festival since work wine business quite eager see documentary disappointed reportedly drawn 500 hours forage good news nossiter releasing theatrical cut tenpart ten hour series film next christmas thinkfilm distributing bad news still bit unwieldy beast shown lannes close three hours long toronto cut half hour still blocked 135 minutes fine love wine love hearing controversies raging business everyone wants muchnossiter fits around globe brazil france california italy argentina talking wine makers people consultant critics state wine world theme emerges globalization undue influence wine critic robert parker forcing kind sameness wine small local producers either bought larger conglomerates american well local pressure market forces change wines suit palate mr parker dictates taste american world marketsit complicated subject understand nossiter wants let subjects talk robert monday patriarch papa wine industry sons tim michael whose efforts buy land languedoc faced opposition local vignerons government officials aim hulbert founder wine maker drums vassar iconoclastic opponent mondays plans crusades wines express local terror robert parker expressing discomfort influence refusing stop writing wines favours flying wine maker michel holland consultant dozens nineties world advising make parker friendly wines many many fascinating personalities documentaryif wine lover want seek tenpart series well theatrical version film even wine film interesting look forces globalization changing many worlds oldest established traditions effects local cultures economies ignored810,positive,"['saw', 'film', '2004', 'toronto', 'international', 'film', 'festival', 'since', 'work', 'wine', 'business', 'quite', 'eager', 'see', 'documentary', 'disappointed', 'reportedly', 'drawn', '500', 'hours', 'forage', 'good', 'news', 'nossiter', 'releasing', 'theatrical', 'cut', 'tenpart', 'ten', 'hour', 'series', 'film', 'next', 'christmas', 'thinkfilm', 'distributing', 'bad', 'news', 'still', 'bit', 'unwieldy', 'beast', 'shown', 'lannes', 'close', 'three', 'hours', 'long', 'toronto', 'cut', 'half', 'hour', 'still', 'blocked', '135', 'minutes', 'fine', 'love', 'wine', 'love', 'hearing', 'controversies', 'raging', 'business', 'everyone', 'wants', 'muchnossiter', 'fits', 'around', 'globe', 'brazil', 'france', 'california', 'italy', 'argentina', 'talking', 'wine', 'makers', 'people', 'consultant', 'critics', 'state', 'wine', 'world', 'theme', 'emerges', 'globalization', 'undue', 'influence', 'wine', 'critic', 'robert', 'parker', 'forcing', 'kind', 'sameness', 'wine', 'small', 'local', 'producers', 'either', 'bought', 'larger', 'conglomerates', 'american', 'well', 'local', 'pressure', 'market', 'forces', 'change', 'wines', 'suit', 'palate', 'mr', 'parker', 'dictates', 'taste', 'american', 'world', 'marketsit', 'complicated', 'subject', 'understand', 'nossiter', 'wants', 'let', 'subjects', 'talk', 'robert', 'monday', 'patriarch', 'papa', 'wine', 'industry', 'sons', 'tim', 'michael', 'whose', 'efforts', 'buy', 'land', 'languedoc', 'faced', 'opposition', 'local', 'vignerons', 'government', 'officials', 'aim', 'hulbert', 'founder', 'wine', 'maker', 'drums', 'vassar', 'iconoclastic', 'opponent', 'mondays', 'plans', 'crusades', 'wines', 'express', 'local', 'terror', 'robert', 'parker', 'expressing', 'discomfort', 'influence', 'refusing', 'stop', 'writing', 'wines', 'favours', 'flying', 'wine', 'maker', 'michel', 'holland', 'consultant', 'dozens', 'nineties', 'world', 'advising', 'make', 'parker', 'friendly', 'wines', 'many', 'many', 'fascinating', 'personalities', 'documentaryif', 'wine', 'lover', 'want', 'seek', 'tenpart', 'series', 'well', 'theatrical', 'version', 'film', 'even', 'wine', 'film', 'interesting', 'look', 'forces', 'globalization', 'changing', 'many', 'worlds', 'oldest', 'established', 'traditions', 'effects', 'local', 'cultures', 'economies', 'ignored810']"
one time family favorites need laughwe put one laugh way thou like first time seen film good clean family humor paul shore brilliant plans thanksgiving holiday crawl shore invited spend holiday conservative cold bench crawl big city boy must adjust farm life fall love bench crawl one learning new things crawl reaches bench parents open feelings accepting others fun viewer ages,positive,"['one', 'time', 'family', 'favorites', 'need', 'laughwe', 'put', 'one', 'laugh', 'way', 'thou', 'like', 'first', 'time', 'seen', 'film', 'good', 'clean', 'family', 'humor', 'paul', 'shore', 'brilliant', 'plans', 'thanksgiving', 'holiday', 'crawl', 'shore', 'invited', 'spend', 'holiday', 'conservative', 'cold', 'bench', 'crawl', 'big', 'city', 'boy', 'must', 'adjust', 'farm', 'life', 'fall', 'love', 'bench', 'crawl', 'one', 'learning', 'new', 'things', 'crawl', 'reaches', 'bench', 'parents', 'open', 'feelings', 'accepting', 'others', 'fun', 'viewer', 'ages']"
untold one worst films ever saw story really seems original badly bestow screen lance henriksen good actor ended cap hey made lot low budget films need pay bills know bidding lance great actor ended bunch silly actors seriously andrew roth unity scene actors well constantly fade outfade editing makes sick horrible move keeps coming really makes angry also predictable boring slow bizarre temps goes wrongcannot say rent buy watch,negative,"['untold', 'one', 'worst', 'films', 'ever', 'saw', 'story', 'really', 'seems', 'original', 'badly', 'bestow', 'screen', 'lance', 'henriksen', 'good', 'actor', 'ended', 'cap', 'hey', 'made', 'lot', 'low', 'budget', 'films', 'need', 'pay', 'bills', 'know', 'bidding', 'lance', 'great', 'actor', 'ended', 'bunch', 'silly', 'actors', 'seriously', 'andrew', 'roth', 'unity', 'scene', 'actors', 'well', 'constantly', 'fade', 'outfade', 'editing', 'makes', 'sick', 'horrible', 'move', 'keeps', 'coming', 'really', 'makes', 'angry', 'also', 'predictable', 'boring', 'slow', 'bizarre', 'temps', 'goes', 'wrongcannot', 'say', 'rent', 'buy', 'watch']"
glad watch every time movie ray sidney potier must century amie fox played role evidence brilliant ability actor take position beside great actors hollywood golden supporting strong abilities fro american actors times periods eternal work evidence eternity ray charles grand prove legend appearance every time success winning oscar prize best actor leading role best mixing sound fact cinematic scenes upon ray amie mixing two copies ray ray past ray 2004 acted person amie foxit nice director choose songs adapted dramatic scenes accidents film enter atmosphere success legend corn legend moves hollywood since 1893 till cleverness choosing charon warren role ray mother succeeded role brilliant analysis core character rays mother turning point upon grew independent take place world icon talent king come louis armstrong duke wellington end film receiving honorable report georgia decision take song georgia mind national state made promise mother alive legend songs brilliant life,positive,"['glad', 'watch', 'every', 'time', 'movie', 'ray', 'sidney', 'potier', 'must', 'century', 'amie', 'fox', 'played', 'role', 'evidence', 'brilliant', 'ability', 'actor', 'take', 'position', 'beside', 'great', 'actors', 'hollywood', 'golden', 'supporting', 'strong', 'abilities', 'fro', 'american', 'actors', 'times', 'periods', 'eternal', 'work', 'evidence', 'eternity', 'ray', 'charles', 'grand', 'prove', 'legend', 'appearance', 'every', 'time', 'success', 'winning', 'oscar', 'prize', 'best', 'actor', 'leading', 'role', 'best', 'mixing', 'sound', 'fact', 'cinematic', 'scenes', 'upon', 'ray', 'amie', 'mixing', 'two', 'copies', 'ray', 'ray', 'past', 'ray', '2004', 'acted', 'person', 'amie', 'foxit', 'nice', 'director', 'choose', 'songs', 'adapted', 'dramatic', 'scenes', 'accidents', 'film', 'enter', 'atmosphere', 'success', 'legend', 'corn', 'legend', 'moves', 'hollywood', 'since', '1893', 'till', 'cleverness', 'choosing', 'charon', 'warren', 'role', 'ray', 'mother', 'succeeded', 'role', 'brilliant', 'analysis', 'core', 'character', 'rays', 'mother', 'turning', 'point', 'upon', 'grew', 'independent', 'take', 'place', 'world', 'icon', 'talent', 'king', 'come', 'louis', 'armstrong', 'duke', 'wellington', 'end', 'film', 'receiving', 'honorable', 'report', 'georgia', 'decision', 'take', 'song', 'georgia', 'mind', 'national', 'state', 'made', 'promise', 'mother', 'alive', 'legend', 'songs', 'brilliant', 'life']"
